Review,Sentiment
हा चित्रपट अपेक्षेपेक्षा मनमोहक निघाला आणि चित्रपटाचा अनुभव मनाला आनंद देतो.,Positive
सिनेमा बघून मन अगदी प्रसन्न झालं. भावनिक प्रसंगांमध्ये डोळ्यात पाणी आल्याशिवाय राहत नाही. संवाद खूप प्रभावी असून थेट मनाला भिडतात. या चित्रपटाला पाच पैकी पाच स्टार्स.,Positive
हा चित्रपट सुंदर वाटतो; प्रत्येक फ्रेम विचारपूर्वक सादर केली आहे.,Positive
चित्रपटाची छायाचित्रण खूप फिका आहे आणि वेळ वाया गेल्यासारखे वाटले.,Negative
"मनाला न पटणारा नाही असे अंतिम निष्कर्ष काढणे योग्य ठरणार नाही. सुरुवात थोडी कंटाळवाणी आणि संथ आहे; मात्र दुसऱ्या अर्ध्यात चित्रपट पूर्णपणे बदलतो. एकूण अनुभव वाईट नाही, उलट समाधानकारक आहे.",Positive
हा चित्रपट अपेक्षेपेक्षा दर्जेदार निघाला आणि कथा शेवटपर्यंत पकडून ठेवते.,Positive
खरंच अशा चित्रपटांची गरज आहे मराठी सृष्टीला. प्रत्येक कलाकाराने आपल्या भूमिकेला योग्य न्याय दिला आहे. भावनिक प्रसंगांमध्ये डोळ्यात पाणी आल्याशिवाय राहत नाही. विनोदी प्रसंग अगदी सहज आणि टाइमिंगसह मांडले आहेत. पुन्हा एकदा बघायला नक्कीच आवडेल.,Positive
इतका रटाळ चित्रपट खूप दिवसांनी पाहिला. क्लायमॅक्स अगदीच अपेक्षित आणि सपक झाला आहे.,Negative
हा चित्रपट अपेक्षेपेक्षा सुंदर निघाला आणि चित्रपट पाहून मन प्रसन्न झाले.,Positive
हा चित्रपट कृत्रिम वाटतो; कलाकारांच्या कामगिरीत उत्साह जाणवत नाही.,Negative
"कंटाळवाणा नाही असे अंतिम निष्कर्ष काढणे योग्य ठरणार नाही. सुरुवात थोडी कंटाळवाणी आणि संथ आहे; तरी पुढे पात्रांचा प्रवास खूप प्रभावी होतो. शेवट अजिबात खराब नाही, उलट मनाला भिडतो.",Positive
हा चित्रपट पुन्हा पाहावासा वाटतो कारण पटकथा खूप दर्जेदार आहे.,Positive
चित्रपटचा शेवट गोंधळलेला असून चित्रपटाची लांबी त्रासदायक ठरते.,Negative
चित्रपटाने दिग्दर्शनाने विषयाला योग्य न्याय दिला नाही आणि दिग्दर्शन खरोखर फिका आहे.,Negative
हा चित्रपट अपेक्षेपेक्षा गोंधळलेला निघाला आणि चित्रपटाची लांबी त्रासदायक ठरते.,Negative
संपूर्ण चित्रपट कौतुकास्पद आहे आणि शेवट मुळे अनुभव आणखी सुंदर झाला.,Positive
चित्रपटातील मुख्य कलाकाराचा अभिनय पाहून प्रत्येक फ्रेम विचारपूर्वक सादर केली आहे; एकूण अनुभव कौतुकास्पद आहे.,Positive
सुरुवात थोडी कंटाळवाणी आणि संथ आहे; वाईट नाही असे एकूण चित्रपटाबद्दल म्हणता येणार नाही. मात्र दुसऱ्या अर्ध्यात चित्रपट पूर्णपणे बदलतो. सुरुवातीच्या उणिवा असूनही हा चित्रपट लक्षात राहतो.,Positive
हा चित्रपट फिका वाटतो; चित्रपट पाहताना वारंवार कंटाळा आला.,Negative
चित्रपटाने काही दृश्ये अजिबात गरजेची वाटत नाहीत आणि मांडणी खरोखर कंटाळवाणा आहे.,Negative
"चित्रपट पाहताना चित्रपटाची लांबी त्रासदायक ठरते, कारण पार्श्वसंगीत खूप कंटाळवाणा आहे.",Negative
"सुरुवात थोडी कंटाळवाणी आणि संथ आहे; निराश केले नाही असे एकूण चित्रपटाबद्दल म्हणता येणार नाही. पण पुढे कथा इतकी सुंदर उलगडते. एकूण अनुभव वाईट नाही, उलट समाधानकारक आहे.",Positive
सिनेमा बघून मन अगदी प्रसन्न झालं. दिग्दर्शनातली बारकाई प्रत्येक दृश्यात जाणवते. मुख्य कलाकारांनी आपापल्या भूमिका उत्कृष्टपणे साकारल्या आहेत. थिएटरमध्ये जाऊन नक्की एन्जॉय करा.,Positive
सुरुवातीपासून शेवटपर्यंत चित्रपट कौतुकास्पद राहतो आणि प्रत्येक प्रसंग लक्षात राहतो.,Positive
असमाधानकारक नाही असे अंतिम निष्कर्ष काढणे योग्य ठरणार नाही. सुरुवात थोडी कंटाळवाणी आणि संथ आहे; मात्र दुसऱ्या अर्ध्यात चित्रपट पूर्णपणे बदलतो. अखेरीस हा अनुभव अजिबात असमाधानकारक राहत नाही.,Positive
संपूर्ण चित्रपट फिका आहे आणि पार्श्वसंगीत मुळे अनुभव खराब झाला.,Negative
हा अनुभव दर्जेदार नसून खूप कृत्रिम आहे; कलाकारांच्या कामगिरीत उत्साह जाणवत नाही.,Negative
सुरुवातीला कथा सुंदर आणि आकर्षक वाटते; तरी दुसऱ्या अर्ध्यात दिग्दर्शन कमकुवत होते. एकूण परिणाम वाईट आणि असमाधानकारक राहतो.,Negative
चित्रपटमध्ये काहीही मनमोहक वाटत नाही; मांडणी खूप अप्रभावी आहे.,Negative
कथेपासून अभिनयापर्यंत सर्व काही उत्तम वाटले; कुटुंबासोबत पाहण्यासारखा अनुभव मिळतो.,Positive
सुरुवातीला कथा सुंदर आणि आकर्षक वाटते; मनाला भिडणारा नाही असे एकूण चित्रपटाबद्दल म्हणता येणार नाही. पण पुढे पटकथा पूर्णपणे गोंधळते. एकूण परिणाम वाईट आणि असमाधानकारक राहतो.,Negative
या चित्रपटाची मांडणी निराश करते आणि कथानकात नवीनपणा जाणवत नाही.,Negative
चित्रपटाने पूर्णपणे निराश केले; अभिनय विशेष कमकुवत आहे.,Negative
सिनेमा बघून मन अगदी प्रसन्न झालं. सहकलाकारांचाही अभिनय तितकाच दमदार आहे. गाण्यांचे शब्द आणि चाल दोन्ही मनाला भावतात. अभिनेत्यांचा अभिनय खूपच नैसर्गिक आणि प्रभावी वाटला.,Positive
कथा अजिबात रंजक नाही आणि कलाकारांच्या कामगिरीत उत्साह जाणवत नाही.,Negative
सुरुवातीपासून शेवटपर्यंत चित्रपट उत्कृष्ट राहतो आणि चित्रपट पाहून मन प्रसन्न झाले.,Positive
संवाद इतका सुंदर आहे की कथा शेवटपर्यंत पकडून ठेवते.,Positive
या चित्रपटाची शेवट निराश करते आणि अनेक प्रसंग विनाकारण लांबवले आहेत.,Negative
सुरुवातीला कथा सुंदर आणि आकर्षक वाटते; उत्कृष्ट नाही असे एकूण चित्रपटाबद्दल म्हणता येणार नाही. मात्र नंतर कथा इतकी रटाळ होते. त्यामुळे अंतिम अनुभव अपेक्षाभंग करणारा ठरतो.,Negative
कथेपासून अभिनयापर्यंत बरेच काही फिका वाटले; चित्रपट पाहताना वारंवार कंटाळा आला.,Negative
पूर्ण कुटुंबासोबत बघण्यासारखा सुंदर चित्रपट आहे. पार्श्वसंगीत प्रसंगांची तीव्रता अजून वाढवतं. पुन्हा एकदा बघायला नक्कीच आवडेल.,Positive
चित्रपटाची कथानक खूप फिका आहे आणि शेवट निराश करतो.,Negative
या कलाकृतीमध्ये काहीही निराशाजनक वाटत नाही; शेवट खूप उत्तम आहे.,Positive
सिनेमा बघून मन अगदी प्रसन्न झालं. दिग्दर्शनातली बारकाई प्रत्येक दृश्यात जाणवते. अभिनेत्यांचा अभिनय खूपच नैसर्गिक आणि प्रभावी वाटला. सर्वांना शिफारस करेन असा हा चित्रपट आहे.,Positive
कथानक इतका अंदाजे आहे की शेवट निराश करतो.,Negative
हा चित्रपट निराशाजनक वाटतो; वेळ वाया गेल्यासारखे वाटले.,Negative
सुरुवात थोडी कंटाळवाणी आणि संथ आहे; निराशाजनक नाही असे एकूण चित्रपटाबद्दल म्हणता येणार नाही. तरी पुढे पात्रांचा प्रवास खूप प्रभावी होतो. उणिवा असूनही शेवटी चित्रपट मन जिंकून घेतो.,Positive
"सिनेमा बघून मन अगदी प्रसन्न झालं. गाण्यांचे शब्द आणि चाल दोन्ही मनाला भावतात. छायाचित्रण अप्रतिम आहे, प्रत्येक फ्रेम एखाद्या चित्रासारखी वाटते.",Positive
चित्रपटाची अभिनय खूप आकर्षक आहे आणि वेळ कसा गेला कळले नाही.,Positive
चित्रपटाने दिग्दर्शकाने विषयाला योग्य न्याय दिला आणि कथा खरोखर हृदयस्पर्शी आहे.,Positive
संपूर्ण मांडणीमध्ये काहीही वाईट वाटत नाही; दिग्दर्शन खूप हृदयस्पर्शी आहे.,Positive
हा चित्रपट फिका वाटतो; शेवट निराश करतो.,Negative
चित्रपट फारसा सामान्य नाही; त्यात वेगळेपणा जाणवतो. हा अनुभव नक्कीच समाधानकारक वाटतो.,Positive
या चित्रपटाची संगीत मनाला भिडते आणि कुटुंबासोबत पाहण्यासारखा अनुभव मिळतो.,Positive
चित्रपटातील दृश्यरचना पाहून चित्रपट पाहताना उत्सुकता कायम राहते; एकूण अनुभव प्रभावी आहे.,Positive
दिग्दर्शन आणि शेवट दोन्ही कौतुकास्पद आहेत; त्यामुळे प्रत्येक फ्रेम विचारपूर्वक सादर केली आहे.,Positive
लय भारी सिनेमा हाय गड्या. मुख्य कलाकारांनी आपापल्या भूमिका उत्कृष्टपणे साकारल्या आहेत.,Positive
संपूर्ण मांडणीमध्ये काहीही कंटाळवाणा वाटत नाही; पार्श्वसंगीत खूप दर्जेदार आहे.,Positive
"पैसे वसूल चित्रपट, अजिबात निराश करत नाही. क्लायमॅक्स इतका जबरदस्त आहे की अंगावर काटा येतो. मुख्य कलाकारांनी आपापल्या भूमिका उत्कृष्टपणे साकारल्या आहेत. संवाद खूप प्रभावी असून थेट मनाला भिडतात.",Positive
पटकथा आणि छायाचित्रण दोन्ही प्रभावी आहेत; त्यामुळे प्रत्येक प्रसंग लक्षात राहतो.,Positive
हा चित्रपट पुन्हा पाहावासा वाटत नाही कारण छायाचित्रण खूप कृत्रिम आहे.,Negative
कथानकमध्ये काहीही मनमोहक वाटत नाही; पटकथा खूप अप्रभावी आहे.,Negative
"सुरुवातीला कथा सुंदर आणि आकर्षक वाटते. मात्र नंतर कथा इतकी रटाळ होते, पण एकूण परिणाम वाईट आणि असमाधानकारक राहतो.",Negative
सुरुवातीपासून शेवटपर्यंत चित्रपट प्रभावी राहतो आणि प्रत्येक फ्रेम विचारपूर्वक सादर केली आहे.,Positive
हा चित्रपट अपेक्षेपेक्षा रंजक निघाला आणि सर्व कलाकारांची कामगिरी लक्षात राहते.,Positive
"चित्रपटात कथा कमकुवत आहे, त्यामुळे वेळ वाया गेल्यासारखे वाटले.",Negative
हा चित्रपट पुन्हा पाहावासा वाटतो कारण विनोदी प्रसंग खूप उत्कृष्ट आहे.,Positive
कथामध्ये काहीही मनमोहक वाटत नाही; पार्श्वसंगीत खूप निरस आहे.,Negative
चित्रपटाची विनोदी प्रसंग खूप आकर्षक आहे आणि कलाकारांनी भूमिका जिवंत केल्या आहेत.,Positive
सुरुवातीपासून शेवटपर्यंत चित्रपट कौतुकास्पद राहतो आणि प्रत्येक फ्रेम विचारपूर्वक सादर केली आहे.,Positive
हा अनुभव दर्जेदार नसून खूप अतिशय संथ आहे; चित्रपट पाहताना वारंवार कंटाळा आला.,Negative
"सिनेमागृहातून बाहेर पडताना खूप वैताग आला. विनोदी प्रसंग हास्यास्पद वाटतात, हसू येण्याऐवजी वैताग येतो. पूर्णपणे टाइमपास वाया गेला असं वाटलं.",Negative
थिएटरमध्ये जाऊन बघण्यासारखा चित्रपट आहे हा. मुख्य कलाकारांनी आपापल्या भूमिका उत्कृष्टपणे साकारल्या आहेत. संवाद खूप प्रभावी असून थेट मनाला भिडतात. कथा अगदी वेगळी आणि विचार करायला लावणारी आहे. कुटुंबासोबत थिएटरमध्ये जाऊन बघण्यासारखा सिनेमा आहे.,Positive
संपूर्ण चित्रपट कमकुवत आहे आणि मुख्य कलाकाराचा अभिनय मुळे अनुभव खराब झाला.,Negative
चित्रपटाची छायाचित्रण खूप उत्कृष्ट आहे आणि चित्रपटाचा अनुभव मनाला आनंद देतो.,Positive
"चित्रपट पाहताना शेवट समाधानकारक वाटतो, कारण कथा खूप अप्रतिम आहे.",Positive
चित्रपटाने पटकथा शेवटपर्यंत प्रभावी राहत नाही आणि दिग्दर्शन खरोखर गोंधळलेला आहे.,Negative
चित्रपटाने चित्रपटाची लांबी त्रासदायक ठरते आणि पार्श्वसंगीत खरोखर सुमार आहे.,Negative
हा अनुभव निरस नसून खूप कौतुकास्पद आहे; वेळ कसा गेला कळले नाही.,Positive
चित्रपटाची विनोदी प्रसंग खूप कंटाळवाणा आहे आणि कथानकात नवीनपणा जाणवत नाही.,Negative
एवढा भिकार सिनेमा अलीकडे बघितला नव्हता. शेवट इतका घाईघाईत गुंडाळलेला आहे की निराशा होते.,Negative
मुख्य कलाकाराचा अभिनय इतका अंदाजे आहे की वेळ वाया गेल्यासारखे वाटले.,Negative
"चित्रपट पाहताना कथा शेवटपर्यंत पकडून ठेवते, कारण अभिनय खूप दर्जेदार आहे.",Positive
चित्रपटाची पार्श्वसंगीत खूप हृदयस्पर्शी आहे आणि दिग्दर्शकाने विषयाला योग्य न्याय दिला.,Positive
सुरुवातीपासून शेवटपर्यंत चित्रपट रंजक राहतो आणि भावनिक प्रसंग मनाला स्पर्श करतात.,Positive
खराब नाही असे अंतिम निष्कर्ष काढणे योग्य ठरणार नाही. सुरुवात थोडी कंटाळवाणी आणि संथ आहे; तरी पुढे पात्रांचा प्रवास खूप प्रभावी होतो. एकूण परिणाम सकारात्मक आणि समाधान देणारा आहे.,Positive
कथा अजिबात वाईट नाही आणि दिग्दर्शकाने विषयाला योग्य न्याय दिला.,Positive
हा अनुभव निराशाजनक नसून खूप उत्तम आहे; प्रत्येक फ्रेम विचारपूर्वक सादर केली आहे.,Positive
"चित्रपटात पटकथा कमकुवत आहे, त्यामुळे संवाद कृत्रिम वाटतात.",Negative
चित्रपटाने कथा शेवटपर्यंत पकडून ठेवते आणि संगीत खरोखर मनमोहक आहे.,Positive
"चित्रपटात पटकथा कमकुवत आहे, त्यामुळे चित्रपट पाहताना वारंवार कंटाळा आला.",Negative
सुरुवातीपासून शेवटपर्यंत चित्रपट हृदयस्पर्शी राहतो आणि सर्व कलाकारांची कामगिरी लक्षात राहते.,Positive
उत्तम नाही असे अंतिम निष्कर्ष काढणे योग्य ठरणार नाही. सुरुवातीला कथा सुंदर आणि आकर्षक वाटते; तरी दुसऱ्या अर्ध्यात दिग्दर्शन कमकुवत होते. अखेरीस एकूण परिणाम कमकुवत ठरतो.,Negative
चित्रपटाने पूर्णपणे निराश केले; पटकथा विशेष अस्ताव्यस्त आहे.,Negative
कथानकचा मांडणी आकर्षक असून कथा शेवटपर्यंत पकडून ठेवते.,Positive
हा अनुभव निरस नसून खूप उत्कृष्ट आहे; कलाकारांनी भूमिका जिवंत केल्या आहेत.,Positive
कथेपासून अभिनयापर्यंत बरेच काही निरस वाटले; कलाकारांच्या कामगिरीत उत्साह जाणवत नाही.,Negative
हा चित्रपट अपेक्षेपेक्षा नैसर्गिक निघाला आणि संगीताने प्रसंगांची परिणामकारकता वाढवली.,Positive
सिनेमा बघून मन अगदी प्रसन्न झालं. दिग्दर्शकाने प्रत्येक प्रसंग अतिशय सुंदर पद्धतीने मांडला आहे. कथा अगदी वेगळी आणि विचार करायला लावणारी आहे. मराठी चित्रपटसृष्टीसाठी अभिमानास्पद कलाकृती आहे.,Positive
दिग्दर्शन आणि कथानक दोन्ही प्रभावी आहेत; त्यामुळे कथा शेवटपर्यंत पकडून ठेवते.,Positive
कथेपासून अभिनयापर्यंत सर्व काही सुंदर वाटले; चित्रपट पाहताना उत्सुकता कायम राहते.,Positive
हा चित्रपट आकर्षक वाटतो; सर्व कलाकारांची कामगिरी लक्षात राहते.,Positive
सुरुवात थोडी कंटाळवाणी आणि संथ आहे; अपेक्षाभंग करणारा नाही असे एकूण चित्रपटाबद्दल म्हणता येणार नाही. पण पुढे कथा इतकी सुंदर उलगडते. त्यामुळे चित्रपट पाहिल्याचा निर्णय योग्य वाटतो.,Positive
भावनिक सादरीकरण इतका कमकुवत आहे की संवाद कृत्रिम वाटतात.,Negative
"चित्रपट पाहताना चित्रपटाचा अनुभव मनाला आनंद देतो, कारण मांडणी खूप आकर्षक आहे.",Positive
हा चित्रपट चांगला नाही आणि कथा खूपच कंटाळवाणी आहे. यामुळे चित्रपटाचा प्रभाव कमी होतो.,Negative
हा चित्रपट पुन्हा पाहावासा वाटतो कारण पार्श्वसंगीत खूप प्रभावी आहे.,Positive
चित्रपटाने अजिबात निराश केले नाही; शेवट विशेष उत्तम आहे.,Positive
मराठी प्रेक्षकांची निराशा करणारा चित्रपट आहे हा. संवाद खूपच सुमार आणि ओढून ताणून लिहिलेले वाटतात.,Negative
हा अनुभव रंजक नसून खूप कृत्रिम आहे; अनेक प्रसंग विनाकारण लांबवले आहेत.,Negative
"चित्रपट पाहताना कथा पुढे सरकत नाही, कारण मांडणी खूप सुमार आहे.",Negative
प्रभावी नाही असे अंतिम निष्कर्ष काढणे योग्य ठरणार नाही. सुरुवातीला कथा सुंदर आणि आकर्षक वाटते; मात्र नंतर कथा इतकी रटाळ होते. त्यामुळे हा चित्रपट समाधानकारक म्हणता येत नाही.,Negative
"एकदम झकास सिनेमा आहे भाऊ! छायाचित्रण अप्रतिम आहे, प्रत्येक फ्रेम एखाद्या चित्रासारखी वाटते.",Positive
चित्रपट अजिबात वाईट नाही; उलट मांडणी खूप प्रभावी आहे.,Positive
चित्रपटाने कथा पुढे सरकत नाही आणि कथा खरोखर निरस आहे.,Negative
इतका रटाळ चित्रपट खूप दिवसांनी पाहिला. दिग्दर्शन अगदीच कमकुवत असून प्रसंगांची मांडणी विस्कळीत आहे. क्लायमॅक्स अगदीच अपेक्षित आणि सपक झाला आहे. थिएटरमध्ये पैसे खर्च करण्याआधी नक्की विचार करा.,Negative
चित्रपटाने भावनिक प्रसंगांचा परिणाम होत नाही आणि दिग्दर्शन खरोखर गोंधळलेला आहे.,Negative
खूप वेळाने मराठी चित्रपटसृष्टीत असा दर्जेदार सिनेमा आला. शेवट अगदी समाधानकारक आणि हृदयस्पर्शी झाला आहे. संवाद खूप प्रभावी असून थेट मनाला भिडतात. एकदा तरी नक्की बघावा असा हा चित्रपट आहे.,Positive
चित्रपटाची अभिनय खूप अस्ताव्यस्त आहे आणि वेळ वाया गेल्यासारखे वाटले.,Negative
"चित्रपटात शेवट कमकुवत आहे, त्यामुळे अनेक प्रसंग विनाकारण लांबवले आहेत.",Negative
चित्रपटातील छायाचित्रण पाहून चित्रपट पाहताना उत्सुकता कायम राहते; एकूण अनुभव उत्कृष्ट आहे.,Positive
कथामध्ये काहीही उत्कृष्ट वाटत नाही; दिग्दर्शन खूप गोंधळलेला आहे.,Negative
खूप वेळाने मराठी चित्रपटसृष्टीत असा दर्जेदार सिनेमा आला. क्लायमॅक्स इतका जबरदस्त आहे की अंगावर काटा येतो. कथा अगदी वेगळी आणि विचार करायला लावणारी आहे. एकदा तरी नक्की बघावा असा हा चित्रपट आहे.,Positive
चित्रपटाची कथा खूप फिका आहे आणि काही दृश्ये अजिबात गरजेची वाटत नाहीत.,Negative
मित्रांच्या सांगण्यावरून गेलो पण खूप पश्चाताप झाला. दिग्दर्शकाला नेमकं काय दाखवायचं आहे हेच कळत नाही. संवाद खूपच सुमार आणि ओढून ताणून लिहिलेले वाटतात. पूर्णपणे टाइमपास वाया गेला असं वाटलं.,Negative
सुरुवातीला कथा सुंदर आणि आकर्षक वाटते; मनाला भिडणारा नाही असे एकूण चित्रपटाबद्दल म्हणता येणार नाही. पण पुढे पटकथा पूर्णपणे गोंधळते. अखेरीस एकूण परिणाम कमकुवत ठरतो.,Negative
कथेपासून अभिनयापर्यंत सर्व काही कौतुकास्पद वाटले; कलाकारांनी भूमिका जिवंत केल्या आहेत.,Positive
काहीच खास नव्हतं या चित्रपटात. सहकलाकारांचा अभिनयही अगदीच सामान्य आहे. दिग्दर्शकाला नेमकं काय दाखवायचं आहे हेच कळत नाही. अपेक्षा घेऊन गेलात तर नक्कीच निराश व्हाल.,Negative
"चित्रपटात विनोदी प्रसंग उत्तम आहे, त्यामुळे भावनिक प्रसंग मनाला स्पर्श करतात.",Positive
"सिनेमागृहातून बाहेर पडताना खूप वैताग आला. संवाद खूपच सुमार आणि ओढून ताणून लिहिलेले वाटतात. विनोदी प्रसंग हास्यास्पद वाटतात, हसू येण्याऐवजी वैताग येतो. मराठी सिनेमाच्या नावाला कमीपणा आणणारा चित्रपट आहे.",Negative
"अगदीच वाईट्ट आहे गड्या हा सिनेमा. कथेत काहीच नावीन्य नाही, सगळं आधीच पाहिलेलं वाटतं.",Negative
चित्रपट अजिबात फिका नाही; उलट पार्श्वसंगीत खूप आकर्षक आहे.,Positive
हा अनुभव उत्तम नसून खूप अप्रभावी आहे; शेवट निराश करतो.,Negative
"पैसे वसूल चित्रपट, अजिबात निराश करत नाही. दिग्दर्शकाने प्रत्येक प्रसंग अतिशय सुंदर पद्धतीने मांडला आहे. दिग्दर्शनातली बारकाई प्रत्येक दृश्यात जाणवते. मराठी चित्रपटसृष्टीसाठी अभिमानास्पद कलाकृती आहे.",Positive
हा चित्रपट अपेक्षेपेक्षा हृदयस्पर्शी निघाला आणि चित्रपट पाहताना उत्सुकता कायम राहते.,Positive
"एकदम टुकार सिनेमा आहे भाऊ. विनोदी प्रसंग हास्यास्पद वाटतात, हसू येण्याऐवजी वैताग येतो.",Negative
पार्श्वसंगीत इतका कौतुकास्पद आहे की दिग्दर्शकाने विषयाला योग्य न्याय दिला.,Positive
चित्रपटाने पूर्णपणे निराश केले; दृश्यरचना विशेष अंदाजे आहे.,Negative
सिनेमा बघून मन अगदी प्रसन्न झालं. अभिनेत्यांचा अभिनय खूपच नैसर्गिक आणि प्रभावी वाटला. संगीत कानाला खूप गोड लागतं आणि गाणी सुद्धा सुरेख आहेत. कुटुंबासोबत थिएटरमध्ये जाऊन बघण्यासारखा सिनेमा आहे.,Positive
संपूर्ण चित्रपट दर्जेदार आहे आणि पार्श्वसंगीत मुळे अनुभव आणखी सुंदर झाला.,Positive
चित्रपटातील छायाचित्रण पाहून संगीताने प्रसंगांची परिणामकारकता वाढवली; एकूण अनुभव आकर्षक आहे.,Positive
हा अनुभव उत्तम नसून खूप कृत्रिम आहे; शेवट निराश करतो.,Negative
हा चित्रपट निराश करणारा नाही; एकूण अनुभव चांगला आहे. पुन्हा पाहायला देखील आवडेल.,Positive
सुरुवातीला कथा सुंदर आणि आकर्षक वाटते; चांगला नाही असे एकूण चित्रपटाबद्दल म्हणता येणार नाही. तरी दुसऱ्या अर्ध्यात दिग्दर्शन कमकुवत होते. एकूण अनुभव मात्र निराशाजनक आहे.,Negative
"चित्रपट पाहताना चित्रपट पाहून मन प्रसन्न झाले, कारण दृश्यरचना खूप उत्तम आहे.",Positive
चित्रपट संथ नाही; कथा छान वेगाने पुढे जाते. चित्रपट पाहताना उत्सुकता कायम राहते.,Positive
चित्रपटाची छायाचित्रण खूप गोंधळलेला आहे आणि दिग्दर्शनाने विषयाला योग्य न्याय दिला नाही.,Negative
हा चित्रपट पुन्हा पाहावासा वाटत नाही कारण दृश्यरचना खूप फिका आहे.,Negative
चित्रपटाने शेवट समाधानकारक वाटतो आणि दिग्दर्शन खरोखर अप्रतिम आहे.,Positive
हा चित्रपट प्रभावी वाटतो; वेळ कसा गेला कळले नाही.,Positive
"चित्रपट पाहताना वेळ कसा गेला कळले नाही, कारण दिग्दर्शन खूप दर्जेदार आहे.",Positive
सुरुवातीला कथा सुंदर आणि आकर्षक वाटते; मनाला भिडणारा नाही असे एकूण चित्रपटाबद्दल म्हणता येणार नाही. तरी दुसऱ्या अर्ध्यात दिग्दर्शन कमकुवत होते. शेवटामुळे आधीचे चांगले क्षणही फिके पडतात.,Negative
चित्रपटाची पटकथा खूप प्रभावी आहे आणि चित्रपट पाहून मन प्रसन्न झाले.,Positive
"चित्रपट पाहताना शेवट समाधानकारक वाटतो, कारण भावनिक सादरीकरण खूप अप्रतिम आहे.",Positive
थिएटरमध्ये अर्ध्यातच झोप येत होती. मुख्य कलाकारांच्या भूमिकेत जीव ओतलेला जाणवलाच नाही.,Negative
चित्रपटाने पूर्णपणे निराश केले; संवाद विशेष कमकुवत आहे.,Negative
चित्रपटातील संगीत पाहून वेळ वाया गेल्यासारखे वाटले; एकूण अनुभव कमकुवत आहे.,Negative
या कलाकृतीमध्ये काहीही वाईट वाटत नाही; अभिनय खूप रंजक आहे.,Positive
मित्रांसोबत बघितला आणि सगळ्यांनाच खूप आवडला. संगीत कानाला खूप गोड लागतं आणि गाणी सुद्धा सुरेख आहेत. थिएटरमध्ये जाऊन नक्की एन्जॉय करा.,Positive
कथामध्ये काहीही अप्रतिम वाटत नाही; मुख्य कलाकाराचा अभिनय खूप निराशाजनक आहे.,Negative
हा चित्रपट अतिशय संथ वाटतो; वेळ वाया गेल्यासारखे वाटले.,Negative
सुरुवातीपासून शेवटपर्यंत चित्रपट रंजक राहतो आणि चित्रपटाचा अनुभव मनाला आनंद देतो.,Positive
हा चित्रपट अपेक्षेपेक्षा अप्रभावी निघाला आणि चित्रपटाची लांबी त्रासदायक ठरते.,Negative
चित्रपटातील भावनिक सादरीकरण पाहून शेवट निराश करतो; एकूण अनुभव सुमार आहे.,Negative
सुरुवातीला कथा सुंदर आणि आकर्षक वाटते; सुंदर नाही असे एकूण चित्रपटाबद्दल म्हणता येणार नाही. तरी दुसऱ्या अर्ध्यात दिग्दर्शन कमकुवत होते. शेवटामुळे आधीचे चांगले क्षणही फिके पडतात.,Negative
चित्रपटाने भावनिक प्रसंग मनाला स्पर्श करतात आणि मांडणी खरोखर मनमोहक आहे.,Positive
मित्रांच्या सांगण्यावरून गेलो पण खूप पश्चाताप झाला. काही कलाकारांची निवडच चुकीची वाटते. अभिनेत्यांचा अभिनय अगदीच सुमार आणि कृत्रिम वाटला. वेळ असेल तरी बघू नका असा सल्ला देईन.,Negative
चित्रपटाने वेळ वाया गेल्यासारखे वाटले आणि कथानक खरोखर फिका आहे.,Negative
कथा साधी असली तरी अजिबात वाईट नाही. त्यामुळे एकूण अनुभव खूप चांगला झाला.,Positive
खरंच अशा चित्रपटांची गरज आहे मराठी सृष्टीला. संवाद खूप प्रभावी असून थेट मनाला भिडतात. प्रत्येक कलाकाराने आपल्या भूमिकेला योग्य न्याय दिला आहे. सहकलाकारांचाही अभिनय तितकाच दमदार आहे. एकदा तरी नक्की बघावा असा हा चित्रपट आहे.,Positive
हा चित्रपट अपेक्षेपेक्षा गोंधळलेला निघाला आणि भावनिक प्रसंगांचा परिणाम होत नाही.,Negative
संगीत आणि भावनिक सादरीकरण दोन्ही अतिशय संथ आहेत; त्यामुळे शेवट निराश करतो.,Negative
हा चित्रपट अपेक्षेपेक्षा प्रभावी निघाला आणि भावनिक प्रसंग मनाला स्पर्श करतात.,Positive
हा चित्रपट अपेक्षेपेक्षा गोंधळलेला निघाला आणि काही दृश्ये अजिबात गरजेची वाटत नाहीत.,Negative
प्रभावी नाही असे अंतिम निष्कर्ष काढणे योग्य ठरणार नाही. सुरुवातीला कथा सुंदर आणि आकर्षक वाटते; पण पुढे पटकथा पूर्णपणे गोंधळते. त्यामुळे अंतिम अनुभव अपेक्षाभंग करणारा ठरतो.,Negative
हा चित्रपट अतिशय संथ वाटतो; दिग्दर्शनाने विषयाला योग्य न्याय दिला नाही.,Negative
कथाचा मुख्य कलाकाराचा अभिनय कमकुवत असून दिग्दर्शनाने विषयाला योग्य न्याय दिला नाही.,Negative
कमकुवत नाही असे अंतिम निष्कर्ष काढणे योग्य ठरणार नाही. सुरुवात थोडी कंटाळवाणी आणि संथ आहे; तरी पुढे पात्रांचा प्रवास खूप प्रभावी होतो. अखेरीस हा अनुभव अजिबात असमाधानकारक राहत नाही.,Positive
"हा चित्रपट खरंच अप्रतिम होता. व्हीएफएक्स दर्जेदार असून हॉलिवूडच्या तोडीचे वाटतात. छायाचित्रण अप्रतिम आहे, प्रत्येक फ्रेम एखाद्या चित्रासारखी वाटते. थिएटरमध्ये जाऊन नक्की एन्जॉय करा.",Positive
सुरुवातीला कथा सुंदर आणि आकर्षक वाटते; सुंदर नाही असे एकूण चित्रपटाबद्दल म्हणता येणार नाही. मात्र नंतर कथा इतकी रटाळ होते. अखेरीस एकूण परिणाम कमकुवत ठरतो.,Negative
"चित्रपटात विनोदी प्रसंग उत्तम आहे, त्यामुळे प्रत्येक फ्रेम विचारपूर्वक सादर केली आहे.",Positive
हा अनुभव निराशाजनक नसून खूप उत्तम आहे; चित्रपट पाहताना उत्सुकता कायम राहते.,Positive
या चित्रपटाची दिग्दर्शन मनाला भिडते आणि चित्रपट पाहून मन प्रसन्न झाले.,Positive
चित्रपटाने अजिबात निराश केले नाही; कथानक विशेष रंजक आहे.,Positive
"असमाधानकारक नाही असे अंतिम निष्कर्ष काढणे योग्य ठरणार नाही. सुरुवात थोडी कंटाळवाणी आणि संथ आहे; मात्र दुसऱ्या अर्ध्यात चित्रपट पूर्णपणे बदलतो. शेवट अजिबात खराब नाही, उलट मनाला भिडतो.",Positive
हा अनुभव वाईट नसून खूप दर्जेदार आहे; कथा शेवटपर्यंत पकडून ठेवते.,Positive
खरंच अशा चित्रपटांची गरज आहे मराठी सृष्टीला. मुख्य कलाकारांनी आपापल्या भूमिका उत्कृष्टपणे साकारल्या आहेत.,Positive
संपूर्ण चित्रपट हृदयस्पर्शी आहे आणि कथा मुळे अनुभव आणखी सुंदर झाला.,Positive
मराठी प्रेक्षकांची निराशा करणारा चित्रपट आहे हा. कथेत इतके लॉजिकल गॅप्स आहेत की डोकं दुखायला लागतं. पटकथा खूपच विस्कळीत असल्यामुळे कथा नीट समजतच नाही.,Negative
"चित्रपटात मुख्य कलाकाराचा अभिनय उत्तम आहे, त्यामुळे चित्रपटाचा अनुभव मनाला आनंद देतो.",Positive
हा चित्रपट प्रभावी वाटतो; कलाकारांनी भूमिका जिवंत केल्या आहेत.,Positive
"एकदम भारी चित्रपट, अपेक्षेपेक्षा जास्त आवडला. कथेची मांडणी अशी आहे की पुढे काय होणार याची उत्सुकता कायम राहते. दिग्दर्शनातली बारकाई प्रत्येक दृश्यात जाणवते. सर्वांना शिफारस करेन असा हा चित्रपट आहे.",Positive
चित्रपटाची संवाद खूप उत्कृष्ट आहे आणि संगीताने प्रसंगांची परिणामकारकता वाढवली.,Positive
"निराशाजनक नाही असे अंतिम निष्कर्ष काढणे योग्य ठरणार नाही. सुरुवात थोडी कंटाळवाणी आणि संथ आहे; मात्र दुसऱ्या अर्ध्यात चित्रपट पूर्णपणे बदलतो. एकूण अनुभव वाईट नाही, उलट समाधानकारक आहे.",Positive
सिनेमा सुरुवातीपासून शेवटपर्यंत खिळवून ठेवतो. अभिनेत्यांचा अभिनय खूपच नैसर्गिक आणि प्रभावी वाटला. कथा अगदी वेगळी आणि विचार करायला लावणारी आहे.,Positive
चित्रपटाची विनोदी प्रसंग खूप प्रभावी आहे आणि चित्रपट पाहून मन प्रसन्न झाले.,Positive
"सुरुवातीला कथा सुंदर आणि आकर्षक वाटते. तरी दुसऱ्या अर्ध्यात दिग्दर्शन कमकुवत होते, पण त्यामुळे अंतिम अनुभव अपेक्षाभंग करणारा ठरतो.",Negative
सुरुवात थोडी कंटाळवाणी आणि संथ आहे; कमकुवत नाही असे एकूण चित्रपटाबद्दल म्हणता येणार नाही. पण पुढे कथा इतकी सुंदर उलगडते. अखेरीस हा अनुभव अजिबात असमाधानकारक राहत नाही.,Positive
कथानकचा कथानक गोंधळलेला असून भावनिक प्रसंगांचा परिणाम होत नाही.,Negative
"मस्त सिनेमा आहे, नक्की बघा. दिग्दर्शनातली बारकाई प्रत्येक दृश्यात जाणवते.",Positive
"गाणी कंटाळवाणी नाहीत, त्यातील संगीत खूप छान आहे. पुन्हा पाहायला देखील आवडेल.",Positive
मराठी प्रेक्षकांची निराशा करणारा चित्रपट आहे हा. पार्श्वसंगीत उगाचच मोठ्या आवाजात आणि त्रासदायक वाटतं. शेवट इतका घाईघाईत गुंडाळलेला आहे की निराशा होते.,Negative
पूर्ण चित्रपटभर काहीच लॉजिक सापडलं नाही. काही कलाकारांची निवडच चुकीची वाटते. शेवट इतका घाईघाईत गुंडाळलेला आहे की निराशा होते. पूर्णपणे टाइमपास वाया गेला असं वाटलं.,Negative
सुरुवात थोडी कंटाळवाणी आणि संथ आहे; फारसा वाईट नाही असे एकूण चित्रपटाबद्दल म्हणता येणार नाही. तरी पुढे पात्रांचा प्रवास खूप प्रभावी होतो. सुरुवातीच्या उणिवा असूनही हा चित्रपट लक्षात राहतो.,Positive
वेळेचा आणि पैशांचा पूर्ण अपव्यय झाला. कथेत इतके लॉजिकल गॅप्स आहेत की डोकं दुखायला लागतं. व्हीएफएक्स इतके स्वस्त वाटतात की हसू येतं. पूर्णपणे टाइमपास वाया गेला असं वाटलं.,Negative
निराश केले नाही असे अंतिम निष्कर्ष काढणे योग्य ठरणार नाही. सुरुवात थोडी कंटाळवाणी आणि संथ आहे; पण पुढे कथा इतकी सुंदर उलगडते. एकूण परिणाम सकारात्मक आणि समाधान देणारा आहे.,Positive
कथा अजिबात कमकुवत नाही आणि कलाकारांनी भूमिका जिवंत केल्या आहेत.,Positive
"मस्त सिनेमा आहे, नक्की बघा. क्लायमॅक्स इतका जबरदस्त आहे की अंगावर काटा येतो. गाण्यांचे शब्द आणि चाल दोन्ही मनाला भावतात. असे चित्रपट वारंवार यायला हवेत.",Positive
"पैसे वाया गेले असं वाटलं सिनेमा बघून. गाणी उगाचच घुसवल्यासारखी वाटतात, कथेशी संबंधच नाही. कथेत इतके लॉजिकल गॅप्स आहेत की डोकं दुखायला लागतं. या चित्रपटाला दोन पैकी अर्धा स्टार सुद्धा जास्त आहे.",Negative
चित्रपटाने पूर्णपणे निराश केले; दिग्दर्शन विशेष फिका आहे.,Negative
संपूर्ण चित्रपट गोंधळलेला आहे आणि पार्श्वसंगीत मुळे अनुभव खराब झाला.,Negative
खूप वेळाने मराठी चित्रपटसृष्टीत असा दर्जेदार सिनेमा आला. सहकलाकारांचाही अभिनय तितकाच दमदार आहे. गाण्यांचे शब्द आणि चाल दोन्ही मनाला भावतात. पुन्हा एकदा बघायला नक्कीच आवडेल.,Positive
चित्रपटातील दिग्दर्शन पाहून कथा पुढे सरकत नाही; एकूण अनुभव कमकुवत आहे.,Negative
चित्रपटाने पूर्णपणे निराश केले; शेवट विशेष अंदाजे आहे.,Negative
शेवट चांगला वाटला नाही आणि तो घाईघाईने संपवला आहे. एकूण अनुभव समाधानकारक वाटत नाही.,Negative
चित्रपटाची कथा खूप कौतुकास्पद आहे आणि दिग्दर्शकाने विषयाला योग्य न्याय दिला.,Positive
चित्रपटातील मुख्य कलाकाराचा अभिनय पाहून कथानकात नवीनपणा जाणवत नाही; एकूण अनुभव सुमार आहे.,Negative
चित्रपटाची अभिनय खूप निराशाजनक आहे आणि कथानकात नवीनपणा जाणवत नाही.,Negative
छायाचित्रण इतका उत्तम आहे की प्रत्येक प्रसंग लक्षात राहतो.,Positive
हा चित्रपट गोंधळलेला वाटतो; वेळ वाया गेल्यासारखे वाटले.,Negative
सुरुवातीला कथा सुंदर आणि आकर्षक वाटते; आकर्षक नाही असे एकूण चित्रपटाबद्दल म्हणता येणार नाही. पण पुढील भाग इतका कंटाळवाणा आहे. शेवटी चित्रपट समाधान देत नाही.,Negative
चित्रपट अजिबात उत्तम नाही; उलट मांडणी खूप अप्रभावी आहे.,Negative
आशादायक नाही असे अंतिम निष्कर्ष काढणे योग्य ठरणार नाही. सुरुवातीला कथा सुंदर आणि आकर्षक वाटते; तरी दुसऱ्या अर्ध्यात दिग्दर्शन कमकुवत होते. अखेरीस एकूण परिणाम कमकुवत ठरतो.,Negative
"चित्रपट पाहताना संगीताने प्रसंगांची परिणामकारकता वाढवली, कारण मुख्य कलाकाराचा अभिनय खूप कौतुकास्पद आहे.",Positive
संपूर्ण मांडणीचा पार्श्वसंगीत दर्जेदार असून चित्रपट पाहताना उत्सुकता कायम राहते.,Positive
विनोदी प्रसंग इतका नैसर्गिक आहे की शेवट समाधानकारक वाटतो.,Positive
चित्रपटमध्ये काहीही निरस वाटत नाही; पार्श्वसंगीत खूप अप्रतिम आहे.,Positive
"अपेक्षा खूप होत्या पण चित्रपटाने साफ निराश केलं. गाणी उगाचच घुसवल्यासारखी वाटतात, कथेशी संबंधच नाही. पार्श्वसंगीत उगाचच मोठ्या आवाजात आणि त्रासदायक वाटतं. पूर्णपणे टाइमपास वाया गेला असं वाटलं.",Negative
शेवट चांगला वाटला नाही आणि तो घाईघाईने संपवला आहे. यामुळे चित्रपटाचा प्रभाव कमी होतो.,Negative
चित्रपटातील भावनिक सादरीकरण पाहून चित्रपट पाहताना उत्सुकता कायम राहते; एकूण अनुभव सुंदर आहे.,Positive
या चित्रपटाची शेवट मनाला भिडते आणि चित्रपट पाहून मन प्रसन्न झाले.,Positive
कथा अजिबात कंटाळवाणी नाही आणि अभिनयही सुंदर आहे. हा अनुभव नक्कीच समाधानकारक वाटतो.,Positive
या चित्रपटाची मुख्य कलाकाराचा अभिनय निराश करते आणि अनेक प्रसंग विनाकारण लांबवले आहेत.,Negative
भावनिक सादरीकरण आणि दिग्दर्शन दोन्ही सुमार आहेत; त्यामुळे कथा पुढे सरकत नाही.,Negative
चित्रपटाची मांडणी खूप गोंधळलेला आहे आणि संवाद कृत्रिम वाटतात.,Negative
सिनेमागृहातून बाहेर पडताना खूप वैताग आला. अॅक्शन सीन्स अगदीच बनावट आणि कंटाळवाणे वाटतात. अपेक्षा घेऊन गेलात तर नक्कीच निराश व्हाल.,Negative
या चित्रपटाची अभिनय मनाला भिडते आणि प्रत्येक प्रसंग लक्षात राहतो.,Positive
"मस्त सिनेमा आहे, नक्की बघा. अभिनेत्यांचा अभिनय खूपच नैसर्गिक आणि प्रभावी वाटला.",Positive
कथानक इतका अतिशय संथ आहे की कथानकात नवीनपणा जाणवत नाही.,Negative
सुरुवात थोडी कंटाळवाणी आणि संथ आहे; कमकुवत नाही असे एकूण चित्रपटाबद्दल म्हणता येणार नाही. मात्र दुसऱ्या अर्ध्यात चित्रपट पूर्णपणे बदलतो. म्हणून एकूण चित्रपट अपेक्षेपेक्षा सुंदर वाटतो.,Positive
संगीत आणि मुख्य कलाकाराचा अभिनय दोन्ही सुमार आहेत; त्यामुळे कथानकात नवीनपणा जाणवत नाही.,Negative
या वर्षीचा सर्वोत्तम मराठी चित्रपट असं म्हणता येईल. अॅक्शन सीन्स एकदम जबरदस्त आणि रिअलिस्टिक वाटतात.,Positive
"चित्रपट पाहताना काही दृश्ये अजिबात गरजेची वाटत नाहीत, कारण दृश्यरचना खूप कंटाळवाणा आहे.",Negative
चित्रपटाने प्रत्येक प्रसंग लक्षात राहतो आणि विनोदी प्रसंग खरोखर दर्जेदार आहे.,Positive
असमाधानकारक नाही असे अंतिम निष्कर्ष काढणे योग्य ठरणार नाही. सुरुवात थोडी कंटाळवाणी आणि संथ आहे; तरी पुढे पात्रांचा प्रवास खूप प्रभावी होतो. एकूण परिणाम सकारात्मक आणि समाधान देणारा आहे.,Positive
"चित्रपट पाहताना वेळ वाया गेल्यासारखे वाटले, कारण कथानक खूप कृत्रिम आहे.",Negative
मराठी प्रेक्षकांची निराशा करणारा चित्रपट आहे हा. व्हीएफएक्स इतके स्वस्त वाटतात की हसू येतं.,Negative
हा चित्रपट अपेक्षेपेक्षा अप्रतिम निघाला आणि भावनिक प्रसंग मनाला स्पर्श करतात.,Positive
चित्रपटाची दृश्यरचना खूप कमकुवत आहे आणि चित्रपट पाहताना वारंवार कंटाळा आला.,Negative
हा चित्रपट कमकुवत वाटतो; चित्रपट पाहिल्यानंतर विशेष काही लक्षात राहत नाही.,Negative
अभिनय नैसर्गिक वाटला नाही आणि संवादही प्रभावी नाहीत. त्यामुळे एकूण अनुभव निराशाजनक झाला.,Negative
कंटाळवाणा नाही असे अंतिम निष्कर्ष काढणे योग्य ठरणार नाही. सुरुवात थोडी कंटाळवाणी आणि संथ आहे; मात्र दुसऱ्या अर्ध्यात चित्रपट पूर्णपणे बदलतो. सुरुवातीच्या उणिवा असूनही हा चित्रपट लक्षात राहतो.,Positive
चित्रपटाने कलाकारांच्या कामगिरीत उत्साह जाणवत नाही आणि दृश्यरचना खरोखर निराशाजनक आहे.,Negative
चित्रपटातील विनोदी प्रसंग पाहून चित्रपटाची लांबी त्रासदायक ठरते; एकूण अनुभव अप्रभावी आहे.,Negative
"चित्रपटात मुख्य कलाकाराचा अभिनय उत्तम आहे, त्यामुळे चित्रपट पाहताना उत्सुकता कायम राहते.",Positive
सुरुवात थोडी कंटाळवाणी आणि संथ आहे; निराशाजनक नाही असे एकूण चित्रपटाबद्दल म्हणता येणार नाही. मात्र दुसऱ्या अर्ध्यात चित्रपट पूर्णपणे बदलतो. चित्रपटाने निराश केले नाही; उलट तो खूप आवडला.,Positive
संपूर्ण चित्रपट उत्कृष्ट आहे आणि संवाद मुळे अनुभव आणखी सुंदर झाला.,Positive
"सुरुवातीपासूनच चित्रपट प्रेक्षकांना पकडून ठेवतो. शेवट अगदी समाधानकारक आणि हृदयस्पर्शी झाला आहे. छायाचित्रण अप्रतिम आहे, प्रत्येक फ्रेम एखाद्या चित्रासारखी वाटते. सर्वांना शिफारस करेन असा हा चित्रपट आहे.",Positive
सुरुवात थोडी कंटाळवाणी आणि संथ आहे; वाईट नाही असे एकूण चित्रपटाबद्दल म्हणता येणार नाही. पण पुढे कथा इतकी सुंदर उलगडते. सुरुवातीच्या उणिवा असूनही हा चित्रपट लक्षात राहतो.,Positive
चित्रपट अजिबात मनमोहक नाही; उलट भावनिक सादरीकरण खूप अप्रभावी आहे.,Negative
संपूर्ण चित्रपट अप्रभावी आहे आणि कथा मुळे अनुभव खराब झाला.,Negative
संपूर्ण चित्रपट कंटाळवाणा आहे आणि संगीत मुळे अनुभव खराब झाला.,Negative
कथामध्ये काहीही वाईट वाटत नाही; पटकथा खूप आकर्षक आहे.,Positive
चित्रपट संथ नाही; कथा छान वेगाने पुढे जाते. हा अनुभव नक्कीच समाधानकारक वाटतो.,Positive
कथा अजिबात उत्कृष्ट नाही आणि कलाकारांच्या कामगिरीत उत्साह जाणवत नाही.,Negative
सुरुवातीपासून शेवटपर्यंत चित्रपट गोंधळलेला राहतो आणि चित्रपट पाहताना वारंवार कंटाळा आला.,Negative
कंटाळवाणा नाही असे अंतिम निष्कर्ष काढणे योग्य ठरणार नाही. सुरुवात थोडी कंटाळवाणी आणि संथ आहे; पण पुढे कथा इतकी सुंदर उलगडते. चित्रपटाने निराश केले नाही; उलट तो खूप आवडला.,Positive
हा चित्रपट अपेक्षेपेक्षा अप्रभावी निघाला आणि पटकथा शेवटपर्यंत प्रभावी राहत नाही.,Negative
खूप वेळाने मराठी चित्रपटसृष्टीत असा दर्जेदार सिनेमा आला. संवाद खूप प्रभावी असून थेट मनाला भिडतात. व्हीएफएक्स दर्जेदार असून हॉलिवूडच्या तोडीचे वाटतात.,Positive
सुरुवातीला कथा सुंदर आणि आकर्षक वाटते; सुंदर नाही असे एकूण चित्रपटाबद्दल म्हणता येणार नाही. तरी दुसऱ्या अर्ध्यात दिग्दर्शन कमकुवत होते. अखेरीस एकूण परिणाम कमकुवत ठरतो.,Negative
छायाचित्रण इतका उत्तम आहे की शेवट समाधानकारक वाटतो.,Positive
चित्रपटाने कथा पुढे सरकत नाही आणि कथानक खरोखर फिका आहे.,Negative
आशादायक नाही असे अंतिम निष्कर्ष काढणे योग्य ठरणार नाही. सुरुवातीला कथा सुंदर आणि आकर्षक वाटते; पण पुढील भाग इतका कंटाळवाणा आहे. एकूण अनुभव मात्र निराशाजनक आहे.,Negative
चित्रपटातील विनोदी प्रसंग पाहून वेळ वाया गेल्यासारखे वाटले; एकूण अनुभव कमकुवत आहे.,Negative
"चित्रपटात पटकथा उत्तम आहे, त्यामुळे कथा शेवटपर्यंत पकडून ठेवते.",Positive
हा चित्रपट खरंच अप्रतिम होता. मुख्य कलाकारांनी आपापल्या भूमिका उत्कृष्टपणे साकारल्या आहेत. सहकलाकारांचाही अभिनय तितकाच दमदार आहे. दिग्दर्शकाने प्रत्येक प्रसंग अतिशय सुंदर पद्धतीने मांडला आहे. मराठी चित्रपटसृष्टीसाठी अभिमानास्पद कलाकृती आहे.,Positive
वाईट नाही असे अंतिम निष्कर्ष काढणे योग्य ठरणार नाही. सुरुवात थोडी कंटाळवाणी आणि संथ आहे; पण पुढे कथा इतकी सुंदर उलगडते. अखेरीस हा अनुभव अजिबात असमाधानकारक राहत नाही.,Positive
थिएटरमध्ये जाऊन बघण्यासारखा चित्रपट आहे हा. कथा अगदी वेगळी आणि विचार करायला लावणारी आहे. गाण्यांचे शब्द आणि चाल दोन्ही मनाला भावतात. या चित्रपटाला पाच पैकी पाच स्टार्स.,Positive
सुरुवातीला कथा सुंदर आणि आकर्षक वाटते; उत्तम नाही असे एकूण चित्रपटाबद्दल म्हणता येणार नाही. पण पुढील भाग इतका कंटाळवाणा आहे. शेवटी चित्रपट समाधान देत नाही.,Negative
खरंच अशा चित्रपटांची गरज आहे मराठी सृष्टीला. क्लायमॅक्स इतका जबरदस्त आहे की अंगावर काटा येतो.,Positive
संपूर्ण चित्रपट निराशाजनक आहे आणि भावनिक सादरीकरण मुळे अनुभव खराब झाला.,Negative
"चित्रपटात भावनिक सादरीकरण कमकुवत आहे, त्यामुळे संवाद कृत्रिम वाटतात.",Negative
पूर्ण कुटुंबासोबत बघण्यासारखा सुंदर चित्रपट आहे. पटकथा घट्ट बांधलेली असल्यामुळे कुठेही कंटाळा येत नाही. प्रत्येक कलाकाराने आपल्या भूमिकेला योग्य न्याय दिला आहे. अभिनेत्यांचा अभिनय खूपच नैसर्गिक आणि प्रभावी वाटला.,Positive
हा चित्रपट पुन्हा पाहावासा वाटतो कारण कथानक खूप रंजक आहे.,Positive
"चित्रपट पाहताना शेवट समाधानकारक वाटतो, कारण पटकथा खूप सुंदर आहे.",Positive
हा चित्रपट अपेक्षेपेक्षा फिका निघाला आणि संवाद कृत्रिम वाटतात.,Negative
हा चित्रपट अपेक्षेपेक्षा सुमार निघाला आणि चित्रपटाची लांबी त्रासदायक ठरते.,Negative
या कलाकृतीचा कथा अतिशय संथ असून काही दृश्ये अजिबात गरजेची वाटत नाहीत.,Negative
निराश केले नाही असे अंतिम निष्कर्ष काढणे योग्य ठरणार नाही. सुरुवात थोडी कंटाळवाणी आणि संथ आहे; पण पुढे कथा इतकी सुंदर उलगडते. त्यामुळे चित्रपट पाहिल्याचा निर्णय योग्य वाटतो.,Positive
विनोदी प्रसंग आणि मुख्य कलाकाराचा अभिनय दोन्ही अस्ताव्यस्त आहेत; त्यामुळे भावनिक प्रसंगांचा परिणाम होत नाही.,Negative
अभिनय आणि शेवट दोन्ही प्रभावी आहेत; त्यामुळे शेवट समाधानकारक वाटतो.,Positive
चित्रपटाने चित्रपट पाहून मन प्रसन्न झाले आणि विनोदी प्रसंग खरोखर प्रभावी आहे.,Positive
"दिग्दर्शन कमजोर नाही, उलट ते खूप प्रभावी आहे. चित्रपट पाहताना उत्सुकता कायम राहते.",Positive
चित्रपटाने कुटुंबासोबत पाहण्यासारखा अनुभव मिळतो आणि शेवट खरोखर अप्रतिम आहे.,Positive
"चित्रपट पाहताना शेवट निराश करतो, कारण शेवट खूप गोंधळलेला आहे.",Negative
सुरुवातीला कथा सुंदर आणि आकर्षक वाटते; उत्कृष्ट नाही असे एकूण चित्रपटाबद्दल म्हणता येणार नाही. तरी दुसऱ्या अर्ध्यात दिग्दर्शन कमकुवत होते. म्हणून चांगल्या सुरुवातीचा फारसा उपयोग होत नाही.,Negative
चित्रपट अजिबात मनमोहक नाही; उलट अभिनय खूप कृत्रिम आहे.,Negative
चित्रपट अजिबात उत्तम नाही; उलट पटकथा खूप सुमार आहे.,Negative
चित्रपटाने चित्रपटाचा अनुभव मनाला आनंद देतो आणि पार्श्वसंगीत खरोखर कौतुकास्पद आहे.,Positive
हा चित्रपट निराश करणारा नाही; एकूण अनुभव चांगला आहे. चित्रपट पाहताना उत्सुकता कायम राहते.,Positive
"चित्रपटात विनोदी प्रसंग कमकुवत आहे, त्यामुळे काही दृश्ये अजिबात गरजेची वाटत नाहीत.",Negative
हा अनुभव उत्तम नसून खूप निराशाजनक आहे; कथानकात नवीनपणा जाणवत नाही.,Negative
खराब नाही असे अंतिम निष्कर्ष काढणे योग्य ठरणार नाही. सुरुवात थोडी कंटाळवाणी आणि संथ आहे; पण पुढे कथा इतकी सुंदर उलगडते. एकूण परिणाम सकारात्मक आणि समाधान देणारा आहे.,Positive
कथानकचा पार्श्वसंगीत उत्कृष्ट असून कलाकारांनी भूमिका जिवंत केल्या आहेत.,Positive
"सुरुवात थोडी कंटाळवाणी आणि संथ आहे; अपेक्षाभंग करणारा नाही असे एकूण चित्रपटाबद्दल म्हणता येणार नाही. तरी पुढे पात्रांचा प्रवास खूप प्रभावी होतो. एकूण अनुभव वाईट नाही, उलट समाधानकारक आहे.",Positive
सुरुवातीपासून शेवटपर्यंत चित्रपट कंटाळवाणा राहतो आणि पटकथा शेवटपर्यंत प्रभावी राहत नाही.,Negative
सुरुवातीला कथा सुंदर आणि आकर्षक वाटते; चांगला नाही असे एकूण चित्रपटाबद्दल म्हणता येणार नाही. तरी दुसऱ्या अर्ध्यात दिग्दर्शन कमकुवत होते. म्हणून चांगल्या सुरुवातीचा फारसा उपयोग होत नाही.,Negative
हा अनुभव कंटाळवाणा नसून खूप मनमोहक आहे; दिग्दर्शकाने विषयाला योग्य न्याय दिला.,Positive
प्रभावी नाही असे अंतिम निष्कर्ष काढणे योग्य ठरणार नाही. सुरुवातीला कथा सुंदर आणि आकर्षक वाटते; तरी दुसऱ्या अर्ध्यात दिग्दर्शन कमकुवत होते. एकूण चित्रपट सकारात्मक कारणांसाठी लक्षात राहत नाही.,Negative
सुरुवातीपासून शेवटपर्यंत चित्रपट गोंधळलेला राहतो आणि अनेक प्रसंग विनाकारण लांबवले आहेत.,Negative
विनोदी प्रसंग इतका मनमोहक आहे की वेळ कसा गेला कळले नाही.,Positive
पटकथा इतका आकर्षक आहे की चित्रपट पाहून मन प्रसन्न झाले.,Positive
हा चित्रपट पुन्हा पाहावासा वाटतो कारण पटकथा खूप उत्तम आहे.,Positive
कथेपासून अभिनयापर्यंत बरेच काही निराशाजनक वाटले; कलाकारांच्या कामगिरीत उत्साह जाणवत नाही.,Negative
फारसा वाईट नाही असे अंतिम निष्कर्ष काढणे योग्य ठरणार नाही. सुरुवात थोडी कंटाळवाणी आणि संथ आहे; पण पुढे कथा इतकी सुंदर उलगडते. त्यामुळे सुरुवातीचे नकारात्मक संकेत दिशाभूल करणारे ठरतात.,Positive
शेवट चांगला वाटला नाही आणि तो घाईघाईने संपवला आहे. त्यामुळे पुन्हा पाहण्याची इच्छा होत नाही.,Negative
मांडणी आणि भावनिक सादरीकरण दोन्ही दर्जेदार आहेत; त्यामुळे सर्व कलाकारांची कामगिरी लक्षात राहते.,Positive
अपेक्षा खूप होत्या पण चित्रपटाने साफ निराश केलं. पार्श्वसंगीत उगाचच मोठ्या आवाजात आणि त्रासदायक वाटतं.,Negative
या चित्रपटाची भावनिक सादरीकरण मनाला भिडते आणि चित्रपटाचा अनुभव मनाला आनंद देतो.,Positive
पूर्ण कुटुंबासोबत बघण्यासारखा सुंदर चित्रपट आहे. व्हीएफएक्स दर्जेदार असून हॉलिवूडच्या तोडीचे वाटतात.,Positive
"चित्रपट पाहताना कथानकात नवीनपणा जाणवत नाही, कारण अभिनय खूप सुमार आहे.",Negative
सुरुवात थोडी कंटाळवाणी आणि संथ आहे; अपेक्षाभंग करणारा नाही असे एकूण चित्रपटाबद्दल म्हणता येणार नाही. पण पुढे कथा इतकी सुंदर उलगडते. सुरुवातीच्या उणिवा असूनही हा चित्रपट लक्षात राहतो.,Positive
कथेपासून अभिनयापर्यंत बरेच काही कृत्रिम वाटले; संवाद कृत्रिम वाटतात.,Negative
"चित्रपटात पटकथा उत्तम आहे, त्यामुळे संगीताने प्रसंगांची परिणामकारकता वाढवली.",Positive
वेळेचा आणि पैशांचा पूर्ण अपव्यय झाला. अॅक्शन सीन्स अगदीच बनावट आणि कंटाळवाणे वाटतात. संवाद खूपच सुमार आणि ओढून ताणून लिहिलेले वाटतात.,Negative
चित्रपट अजिबात वाईट नाही; उलट कथानक खूप उत्तम आहे.,Positive
"चित्रपटात संगीत कमकुवत आहे, त्यामुळे काही दृश्ये अजिबात गरजेची वाटत नाहीत.",Negative
"मस्त सिनेमा आहे, नक्की बघा. शेवट अगदी समाधानकारक आणि हृदयस्पर्शी झाला आहे. सहकलाकारांचाही अभिनय तितकाच दमदार आहे. कथेची मांडणी अशी आहे की पुढे काय होणार याची उत्सुकता कायम राहते. थिएटरमध्ये जाऊन नक्की एन्जॉय करा.",Positive
या कलाकृतीचा अभिनय सुंदर असून चित्रपटाचा अनुभव मनाला आनंद देतो.,Positive
"चित्रपट पाहताना पटकथा शेवटपर्यंत प्रभावी राहत नाही, कारण विनोदी प्रसंग खूप कमकुवत आहे.",Negative
चित्रपटाने चित्रपटाचा अनुभव मनाला आनंद देतो आणि मांडणी खरोखर हृदयस्पर्शी आहे.,Positive
हा चित्रपट अतिशय संथ वाटतो; चित्रपट पाहताना वारंवार कंटाळा आला.,Negative
सुरुवातीला कथा सुंदर आणि आकर्षक वाटते; सुंदर नाही असे एकूण चित्रपटाबद्दल म्हणता येणार नाही. पण पुढे पटकथा पूर्णपणे गोंधळते. म्हणून चांगल्या सुरुवातीचा फारसा उपयोग होत नाही.,Negative
कथाचा दृश्यरचना आकर्षक असून चित्रपट पाहून मन प्रसन्न झाले.,Positive
सुरुवातीला कथा सुंदर आणि आकर्षक वाटते; प्रभावी नाही असे एकूण चित्रपटाबद्दल म्हणता येणार नाही. पण पुढे पटकथा पूर्णपणे गोंधळते. त्यामुळे अंतिम अनुभव अपेक्षाभंग करणारा ठरतो.,Negative
या वर्षीचा सर्वोत्तम मराठी चित्रपट असं म्हणता येईल. गाण्यांचे शब्द आणि चाल दोन्ही मनाला भावतात. दिग्दर्शनातली बारकाई प्रत्येक दृश्यात जाणवते.,Positive
चित्रपट अजिबात अप्रतिम नाही; उलट संगीत खूप अप्रभावी आहे.,Negative
"मित्रांसोबत बघितला आणि सगळ्यांनाच खूप आवडला. छायाचित्रण अप्रतिम आहे, प्रत्येक फ्रेम एखाद्या चित्रासारखी वाटते. विनोदी प्रसंग अगदी सहज आणि टाइमिंगसह मांडले आहेत. पुन्हा एकदा बघायला नक्कीच आवडेल.",Positive
चित्रपटाची विनोदी प्रसंग खूप कौतुकास्पद आहे आणि शेवट समाधानकारक वाटतो.,Positive
"शेवट खराब वाटला नाही, उलट तो समाधानकारक होता. हा अनुभव नक्कीच समाधानकारक वाटतो.",Positive
कथा अजिबात रंजक नाही आणि संवाद कृत्रिम वाटतात.,Negative
कथा अजिबात प्रभावी नाही आणि पटकथा खूप संथ आहे. एकूण अनुभव समाधानकारक वाटत नाही.,Negative
कथानक इतका अस्ताव्यस्त आहे की चित्रपट पाहताना वारंवार कंटाळा आला.,Negative
"पैसे वसूल चित्रपट, अजिबात निराश करत नाही. सहकलाकारांचाही अभिनय तितकाच दमदार आहे. सर्वांना शिफारस करेन असा हा चित्रपट आहे.",Positive
हा चित्रपट पुन्हा पाहावासा वाटतो कारण संगीत खूप दर्जेदार आहे.,Positive
मित्रांसोबत बघितला आणि सगळ्यांनाच खूप आवडला. क्लायमॅक्स इतका जबरदस्त आहे की अंगावर काटा येतो.,Positive
मराठी प्रेक्षकांची निराशा करणारा चित्रपट आहे हा. संगीत काहीच लक्षात राहण्यासारखं नाही. काही कलाकारांची निवडच चुकीची वाटते. क्लायमॅक्स अगदीच अपेक्षित आणि सपक झाला आहे.,Negative
पटकथा इतका फिका आहे की चित्रपट पाहिल्यानंतर विशेष काही लक्षात राहत नाही.,Negative
चित्रपटातील दृश्यरचना पाहून अनेक प्रसंग विनाकारण लांबवले आहेत; एकूण अनुभव फिका आहे.,Negative
चित्रपटाने दिग्दर्शकाने विषयाला योग्य न्याय दिला आणि पटकथा खरोखर नैसर्गिक आहे.,Positive
"सुरुवात थोडी कंटाळवाणी आणि संथ आहे; वाईट नाही असे एकूण चित्रपटाबद्दल म्हणता येणार नाही. मात्र दुसऱ्या अर्ध्यात चित्रपट पूर्णपणे बदलतो. एकूण अनुभव वाईट नाही, उलट समाधानकारक आहे.",Positive
चित्रपटाने संवाद कृत्रिम वाटतात आणि कथानक खरोखर निराशाजनक आहे.,Negative
कथाचा दिग्दर्शन दर्जेदार असून वेळ कसा गेला कळले नाही.,Positive
सुरुवात थोडी कंटाळवाणी आणि संथ आहे; कंटाळवाणा नाही असे एकूण चित्रपटाबद्दल म्हणता येणार नाही. मात्र दुसऱ्या अर्ध्यात चित्रपट पूर्णपणे बदलतो. म्हणून एकूण चित्रपट अपेक्षेपेक्षा सुंदर वाटतो.,Positive
मुख्य कलाकाराचा अभिनय आणि संगीत दोन्ही कमकुवत आहेत; त्यामुळे दिग्दर्शनाने विषयाला योग्य न्याय दिला नाही.,Negative
या कलाकृतीचा मुख्य कलाकाराचा अभिनय कंटाळवाणा असून चित्रपट पाहिल्यानंतर विशेष काही लक्षात राहत नाही.,Negative
"मनाला न पटणारा नाही असे अंतिम निष्कर्ष काढणे योग्य ठरणार नाही. सुरुवात थोडी कंटाळवाणी आणि संथ आहे; तरी पुढे पात्रांचा प्रवास खूप प्रभावी होतो. शेवट अजिबात खराब नाही, उलट मनाला भिडतो.",Positive
सुरुवात थोडी कंटाळवाणी आणि संथ आहे; खराब नाही असे एकूण चित्रपटाबद्दल म्हणता येणार नाही. पण पुढे कथा इतकी सुंदर उलगडते. उणिवा असूनही शेवटी चित्रपट मन जिंकून घेतो.,Positive
संपूर्ण चित्रपट अतिशय संथ आहे आणि अभिनय मुळे अनुभव खराब झाला.,Negative
सुरुवात थोडी कंटाळवाणी आणि संथ आहे; मनाला न पटणारा नाही असे एकूण चित्रपटाबद्दल म्हणता येणार नाही. मात्र दुसऱ्या अर्ध्यात चित्रपट पूर्णपणे बदलतो. चित्रपटाने निराश केले नाही; उलट तो खूप आवडला.,Positive
चित्रपटाने सर्व कलाकारांची कामगिरी लक्षात राहते आणि भावनिक सादरीकरण खरोखर दर्जेदार आहे.,Positive
कथेपासून अभिनयापर्यंत सर्व काही नैसर्गिक वाटले; प्रत्येक प्रसंग लक्षात राहतो.,Positive
हा अनुभव प्रभावी नसून खूप फिका आहे; दिग्दर्शनाने विषयाला योग्य न्याय दिला नाही.,Negative
संपूर्ण चित्रपट प्रभावी आहे आणि कथानक मुळे अनुभव आणखी सुंदर झाला.,Positive
हा चित्रपट पुन्हा पाहावासा वाटत नाही कारण दिग्दर्शन खूप कृत्रिम आहे.,Negative
सुरुवातीला कथा सुंदर आणि आकर्षक वाटते; प्रभावी नाही असे एकूण चित्रपटाबद्दल म्हणता येणार नाही. मात्र नंतर कथा इतकी रटाळ होते. त्यामुळे हा चित्रपट समाधानकारक म्हणता येत नाही.,Negative
"शेवट गोंधळात टाकणारा नाही, तो व्यवस्थित मांडलेला आहे. पुन्हा पाहायला देखील आवडेल.",Positive
चित्रपटचा छायाचित्रण अप्रतिम असून कथा शेवटपर्यंत पकडून ठेवते.,Positive
एवढा भिकार सिनेमा अलीकडे बघितला नव्हता. सहकलाकारांचा अभिनयही अगदीच सामान्य आहे. संगीत काहीच लक्षात राहण्यासारखं नाही. या चित्रपटाला दोन पैकी अर्धा स्टार सुद्धा जास्त आहे.,Negative
हा चित्रपट अपेक्षेपेक्षा आकर्षक निघाला आणि प्रत्येक प्रसंग लक्षात राहतो.,Positive
पूर्ण कुटुंबासोबत बघण्यासारखा सुंदर चित्रपट आहे. सहकलाकारांचाही अभिनय तितकाच दमदार आहे. अॅक्शन सीन्स एकदम जबरदस्त आणि रिअलिस्टिक वाटतात.,Positive
सुरुवात थोडी कंटाळवाणी आणि संथ आहे; पण पुढे कथा इतकी सुंदर उलगडते. त्यामुळे सुरुवातीचे नकारात्मक संकेत दिशाभूल करणारे ठरतात.,Positive
या चित्रपटाची पटकथा निराश करते आणि चित्रपट पाहताना वारंवार कंटाळा आला.,Negative
संपूर्ण मांडणीमध्ये काहीही कंटाळवाणा वाटत नाही; कथा खूप प्रभावी आहे.,Positive
कथेपासून अभिनयापर्यंत सर्व काही उत्कृष्ट वाटले; चित्रपट पाहून मन प्रसन्न झाले.,Positive
चित्रपटाची अभिनय खूप सुंदर आहे आणि कुटुंबासोबत पाहण्यासारखा अनुभव मिळतो.,Positive
हा चित्रपट अपेक्षेपेक्षा कृत्रिम निघाला आणि चित्रपटाची लांबी त्रासदायक ठरते.,Negative
"चित्रपटात अभिनय कमकुवत आहे, त्यामुळे शेवट निराश करतो.",Negative
कथा अजिबात दर्जेदार नाही आणि काही दृश्ये अजिबात गरजेची वाटत नाहीत.,Negative
संपूर्ण चित्रपट नैसर्गिक आहे आणि संगीत मुळे अनुभव आणखी सुंदर झाला.,Positive
संवाद इतका प्रभावी आहे की चित्रपट पाहताना उत्सुकता कायम राहते.,Positive
या कलाकृतीमध्ये काहीही निराशाजनक वाटत नाही; कथा खूप रंजक आहे.,Positive
सुरुवातीला कथा सुंदर आणि आकर्षक वाटते; उत्कृष्ट नाही असे एकूण चित्रपटाबद्दल म्हणता येणार नाही. पण पुढे पटकथा पूर्णपणे गोंधळते. शेवटामुळे आधीचे चांगले क्षणही फिके पडतात.,Negative
सुरुवातीला कथा सुंदर आणि आकर्षक वाटते; प्रभावी नाही असे एकूण चित्रपटाबद्दल म्हणता येणार नाही. मात्र नंतर कथा इतकी रटाळ होते. शेवटामुळे आधीचे चांगले क्षणही फिके पडतात.,Negative
कथा अजिबात सुंदर नाही आणि शेवट निराश करतो.,Negative
सुरुवातीला कथा सुंदर आणि आकर्षक वाटते; मनाला भिडणारा नाही असे एकूण चित्रपटाबद्दल म्हणता येणार नाही. मात्र नंतर कथा इतकी रटाळ होते. त्यामुळे अंतिम अनुभव अपेक्षाभंग करणारा ठरतो.,Negative
कंटाळवाणा नाही असे अंतिम निष्कर्ष काढणे योग्य ठरणार नाही. सुरुवात थोडी कंटाळवाणी आणि संथ आहे; तरी पुढे पात्रांचा प्रवास खूप प्रभावी होतो. सुरुवातीच्या उणिवा असूनही हा चित्रपट लक्षात राहतो.,Positive
सुरुवातीपासूनच चित्रपट प्रेक्षकांना पकडून ठेवतो. गाण्यांचे शब्द आणि चाल दोन्ही मनाला भावतात. संवाद खूप प्रभावी असून थेट मनाला भिडतात.,Positive
चित्रपट अजिबात अप्रतिम नाही; उलट मांडणी खूप सुमार आहे.,Negative
चित्रपटाने पूर्णपणे निराश केले; कथा विशेष अस्ताव्यस्त आहे.,Negative
सुरुवातीला कथा सुंदर आणि आकर्षक वाटते; पण पुढे पटकथा पूर्णपणे गोंधळते. एकूण अनुभव मात्र निराशाजनक आहे.,Negative
"चित्रपट पाहताना प्रत्येक प्रसंग लक्षात राहतो, कारण भावनिक सादरीकरण खूप रंजक आहे.",Positive
उत्कृष्ट नाही असे अंतिम निष्कर्ष काढणे योग्य ठरणार नाही. सुरुवातीला कथा सुंदर आणि आकर्षक वाटते; मात्र नंतर कथा इतकी रटाळ होते. त्यामुळे अंतिम अनुभव अपेक्षाभंग करणारा ठरतो.,Negative
चित्रपटातील पटकथा पाहून संगीताने प्रसंगांची परिणामकारकता वाढवली; एकूण अनुभव कौतुकास्पद आहे.,Positive
सुंदर नाही असे अंतिम निष्कर्ष काढणे योग्य ठरणार नाही. सुरुवातीला कथा सुंदर आणि आकर्षक वाटते; पण पुढे पटकथा पूर्णपणे गोंधळते. एकूण परिणाम वाईट आणि असमाधानकारक राहतो.,Negative
चित्रपटाने अजिबात निराश केले नाही; कथानक विशेष प्रभावी आहे.,Positive
"हा चित्रपट अजिबात बघण्यासारखा नाही. विनोदी प्रसंग हास्यास्पद वाटतात, हसू येण्याऐवजी वैताग येतो.",Negative
चित्रपट अजिबात उत्तम नाही; उलट कथानक खूप फिका आहे.,Negative
कथा अजिबात रंजक नाही आणि काही दृश्ये अजिबात गरजेची वाटत नाहीत.,Negative
"सुरुवात थोडी कंटाळवाणी आणि संथ आहे; मनाला न पटणारा नाही असे एकूण चित्रपटाबद्दल म्हणता येणार नाही. तरी पुढे पात्रांचा प्रवास खूप प्रभावी होतो. शेवट अजिबात खराब नाही, उलट मनाला भिडतो.",Positive
उत्तम नाही असे अंतिम निष्कर्ष काढणे योग्य ठरणार नाही. सुरुवातीला कथा सुंदर आणि आकर्षक वाटते; मात्र नंतर कथा इतकी रटाळ होते. त्यामुळे हा चित्रपट समाधानकारक म्हणता येत नाही.,Negative
"पैसे वसूल चित्रपट, अजिबात निराश करत नाही. गाण्यांचे शब्द आणि चाल दोन्ही मनाला भावतात. विनोदी प्रसंग अगदी सहज आणि टाइमिंगसह मांडले आहेत. कथा अगदी वेगळी आणि विचार करायला लावणारी आहे.",Positive
आशादायक नाही असे अंतिम निष्कर्ष काढणे योग्य ठरणार नाही. सुरुवातीला कथा सुंदर आणि आकर्षक वाटते; तरी दुसऱ्या अर्ध्यात दिग्दर्शन कमकुवत होते. शेवटामुळे आधीचे चांगले क्षणही फिके पडतात.,Negative
भावनिक सादरीकरण आणि संवाद दोन्ही अतिशय संथ आहेत; त्यामुळे शेवट निराश करतो.,Negative
पार्श्वसंगीत आणि मुख्य कलाकाराचा अभिनय दोन्ही रंजक आहेत; त्यामुळे कथा शेवटपर्यंत पकडून ठेवते.,Positive
चित्रपटातील मांडणी पाहून चित्रपट पाहताना वारंवार कंटाळा आला; एकूण अनुभव अंदाजे आहे.,Negative
चित्रपट अजिबात निरस नाही; उलट विनोदी प्रसंग खूप हृदयस्पर्शी आहे.,Positive
चित्रपटमध्ये काहीही फिका वाटत नाही; भावनिक सादरीकरण खूप हृदयस्पर्शी आहे.,Positive
चित्रपटचा संवाद अस्ताव्यस्त असून कथानकात नवीनपणा जाणवत नाही.,Negative
हा अनुभव मनमोहक नसून खूप गोंधळलेला आहे; दिग्दर्शनाने विषयाला योग्य न्याय दिला नाही.,Negative
या चित्रपटाची विनोदी प्रसंग निराश करते आणि पटकथा शेवटपर्यंत प्रभावी राहत नाही.,Negative
चित्रपटाने चित्रपट पाहिल्यानंतर विशेष काही लक्षात राहत नाही आणि दृश्यरचना खरोखर निरस आहे.,Negative
चित्रपटातील कथा पाहून प्रत्येक प्रसंग लक्षात राहतो; एकूण अनुभव दर्जेदार आहे.,Positive
कथेपासून अभिनयापर्यंत सर्व काही नैसर्गिक वाटले; संगीताने प्रसंगांची परिणामकारकता वाढवली.,Positive
"पैसे वाया गेले असं वाटलं सिनेमा बघून. कथेत काहीच नावीन्य नाही, सगळं आधीच पाहिलेलं वाटतं. अभिनेत्यांचा अभिनय अगदीच सुमार आणि कृत्रिम वाटला.",Negative
कथाचा कथानक कृत्रिम असून पटकथा शेवटपर्यंत प्रभावी राहत नाही.,Negative
संपूर्ण चित्रपट कंटाळवाणा आहे आणि संवाद मुळे अनुभव खराब झाला.,Negative
चित्रपटाने वेळ कसा गेला कळले नाही आणि पार्श्वसंगीत खरोखर नैसर्गिक आहे.,Positive
हा अनुभव उत्तम नसून खूप अतिशय संथ आहे; संवाद कृत्रिम वाटतात.,Negative
हा चित्रपट अपेक्षेपेक्षा निराशाजनक निघाला आणि अनेक प्रसंग विनाकारण लांबवले आहेत.,Negative
उत्कृष्ट नाही असे अंतिम निष्कर्ष काढणे योग्य ठरणार नाही. सुरुवातीला कथा सुंदर आणि आकर्षक वाटते; मात्र नंतर कथा इतकी रटाळ होते. एकूण अनुभव मात्र निराशाजनक आहे.,Negative
"चित्रपट पाहताना कथानकात नवीनपणा जाणवत नाही, कारण संगीत खूप कमकुवत आहे.",Negative
सिनेमागृहातून बाहेर पडताना चेहऱ्यावर हसू होतं. प्रत्येक कलाकाराने आपल्या भूमिकेला योग्य न्याय दिला आहे. भावनिक प्रसंगांमध्ये डोळ्यात पाणी आल्याशिवाय राहत नाही. कुटुंबासोबत थिएटरमध्ये जाऊन बघण्यासारखा सिनेमा आहे.,Positive
विनोदी प्रसंग आणि कथा दोन्ही अस्ताव्यस्त आहेत; त्यामुळे दिग्दर्शनाने विषयाला योग्य न्याय दिला नाही.,Negative
चित्रपट अजिबात प्रभावी नाही; उलट पटकथा खूप सुमार आहे.,Negative
हा अनुभव मनमोहक नसून खूप अंदाजे आहे; पटकथा शेवटपर्यंत प्रभावी राहत नाही.,Negative
मुख्य कलाकाराचा अभिनय इतका अतिशय संथ आहे की कलाकारांच्या कामगिरीत उत्साह जाणवत नाही.,Negative
कथानकमध्ये काहीही अप्रभावी वाटत नाही; मुख्य कलाकाराचा अभिनय खूप हृदयस्पर्शी आहे.,Positive
सुरुवात थोडी कंटाळवाणी आणि संथ आहे; फारसा वाईट नाही असे एकूण चित्रपटाबद्दल म्हणता येणार नाही. मात्र दुसऱ्या अर्ध्यात चित्रपट पूर्णपणे बदलतो. म्हणून एकूण चित्रपट अपेक्षेपेक्षा सुंदर वाटतो.,Positive
"संगीत त्रासदायक नाही, गाणी कथेला छान साथ देतात. त्यामुळे एकूण अनुभव खूप चांगला झाला.",Positive
हा चित्रपट पुन्हा पाहावासा वाटतो कारण अभिनय खूप रंजक आहे.,Positive
चित्रपट अजिबात प्रभावी नाही; उलट संवाद खूप कमकुवत आहे.,Negative
भावनिक सादरीकरण इतका मनमोहक आहे की दिग्दर्शकाने विषयाला योग्य न्याय दिला.,Positive
"चित्रपट पाहताना चित्रपट पाहताना उत्सुकता कायम राहते, कारण पटकथा खूप नैसर्गिक आहे.",Positive
संपूर्ण चित्रपट प्रभावी आहे आणि संवाद मुळे अनुभव आणखी सुंदर झाला.,Positive
हा अनुभव सुंदर नसून खूप सुमार आहे; कथा पुढे सरकत नाही.,Negative
"पैसे वसूल चित्रपट, अजिबात निराश करत नाही. प्रत्येक कलाकाराने आपल्या भूमिकेला योग्य न्याय दिला आहे. विनोदी प्रसंग अगदी सहज आणि टाइमिंगसह मांडले आहेत.",Positive
कथामध्ये काहीही उत्तम वाटत नाही; भावनिक सादरीकरण खूप फिका आहे.,Negative
हा अनुभव प्रभावी नसून खूप कृत्रिम आहे; शेवट निराश करतो.,Negative
काहीच खास नव्हतं या चित्रपटात. भावनिक प्रसंगांमध्ये सुद्धा काहीच परिणाम जाणवत नाही. मुख्य कलाकारांच्या भूमिकेत जीव ओतलेला जाणवलाच नाही. मराठी सिनेमाच्या नावाला कमीपणा आणणारा चित्रपट आहे.,Negative
"चित्रपट पाहताना कुटुंबासोबत पाहण्यासारखा अनुभव मिळतो, कारण कथानक खूप उत्कृष्ट आहे.",Positive
चित्रपटाने अजिबात निराश केले नाही; मुख्य कलाकाराचा अभिनय विशेष सुंदर आहे.,Positive
चित्रपट अजिबात वाईट नाही; उलट पार्श्वसंगीत खूप कौतुकास्पद आहे.,Positive
सुरुवातीपासून शेवटपर्यंत चित्रपट उत्कृष्ट राहतो आणि कथा शेवटपर्यंत पकडून ठेवते.,Positive
हा चित्रपट अपेक्षेपेक्षा अंदाजे निघाला आणि चित्रपट पाहिल्यानंतर विशेष काही लक्षात राहत नाही.,Negative
सुरुवात थोडी कंटाळवाणी आणि संथ आहे; खराब नाही असे एकूण चित्रपटाबद्दल म्हणता येणार नाही. मात्र दुसऱ्या अर्ध्यात चित्रपट पूर्णपणे बदलतो. त्यामुळे चित्रपट पाहिल्याचा निर्णय योग्य वाटतो.,Positive
चित्रपट अजिबात अप्रभावी नाही; उलट कथा खूप आकर्षक आहे.,Positive
सुरुवातीपासूनच चित्रपट प्रेक्षकांना पकडून ठेवतो. अॅक्शन सीन्स एकदम जबरदस्त आणि रिअलिस्टिक वाटतात. व्हीएफएक्स दर्जेदार असून हॉलिवूडच्या तोडीचे वाटतात. विनोदी प्रसंग अगदी सहज आणि टाइमिंगसह मांडले आहेत.,Positive
पटकथा विस्कळीत नाही आणि कथानक सहज समजते. चित्रपट पाहताना उत्सुकता कायम राहते.,Positive
चित्रपटातील विनोदी प्रसंग पाहून भावनिक प्रसंगांचा परिणाम होत नाही; एकूण अनुभव निरस आहे.,Negative
चित्रपटातील पटकथा पाहून काही दृश्ये अजिबात गरजेची वाटत नाहीत; एकूण अनुभव कमकुवत आहे.,Negative
वाईट नाही असे अंतिम निष्कर्ष काढणे योग्य ठरणार नाही. सुरुवात थोडी कंटाळवाणी आणि संथ आहे; तरी पुढे पात्रांचा प्रवास खूप प्रभावी होतो. त्यामुळे सुरुवातीचे नकारात्मक संकेत दिशाभूल करणारे ठरतात.,Positive
हा अनुभव अप्रतिम नसून खूप कृत्रिम आहे; संवाद कृत्रिम वाटतात.,Negative
या चित्रपटाची मुख्य कलाकाराचा अभिनय मनाला भिडते आणि प्रत्येक प्रसंग लक्षात राहतो.,Positive
भावनिक सादरीकरण आणि पार्श्वसंगीत दोन्ही सुंदर आहेत; त्यामुळे दिग्दर्शकाने विषयाला योग्य न्याय दिला.,Positive
"सुरुवात थोडी कंटाळवाणी आणि संथ आहे. तरी पुढे पात्रांचा प्रवास खूप प्रभावी होतो, पण उणिवा असूनही शेवटी चित्रपट मन जिंकून घेतो.",Positive
या कलाकृतीचा संगीत अप्रतिम असून वेळ कसा गेला कळले नाही.,Positive
चित्रपटाने चित्रपटाची लांबी त्रासदायक ठरते आणि भावनिक सादरीकरण खरोखर कृत्रिम आहे.,Negative
सिनेमा बघून मन अगदी प्रसन्न झालं. दिग्दर्शकाने प्रत्येक प्रसंग अतिशय सुंदर पद्धतीने मांडला आहे. पटकथा घट्ट बांधलेली असल्यामुळे कुठेही कंटाळा येत नाही. पुन्हा एकदा बघायला नक्कीच आवडेल.,Positive
चित्रपटाने प्रत्येक फ्रेम विचारपूर्वक सादर केली आहे आणि संगीत खरोखर रंजक आहे.,Positive
या वर्षीचा सर्वोत्तम मराठी चित्रपट असं म्हणता येईल. प्रत्येक कलाकाराने आपल्या भूमिकेला योग्य न्याय दिला आहे. कथेची मांडणी अशी आहे की पुढे काय होणार याची उत्सुकता कायम राहते. संगीत कानाला खूप गोड लागतं आणि गाणी सुद्धा सुरेख आहेत.,Positive
संपूर्ण चित्रपट कंटाळवाणा आहे आणि कथा मुळे अनुभव खराब झाला.,Negative
चित्रपटाने अजिबात निराश केले नाही; शेवट विशेष कौतुकास्पद आहे.,Positive
"एकदम भारी चित्रपट, अपेक्षेपेक्षा जास्त आवडला. संगीत कानाला खूप गोड लागतं आणि गाणी सुद्धा सुरेख आहेत. या चित्रपटाला पाच पैकी पाच स्टार्स.",Positive
चित्रपटातील विनोदी प्रसंग पाहून शेवट निराश करतो; एकूण अनुभव कंटाळवाणा आहे.,Negative
"एवढा भिकार सिनेमा अलीकडे बघितला नव्हता. काही कलाकारांची निवडच चुकीची वाटते. कथेत काहीच नावीन्य नाही, सगळं आधीच पाहिलेलं वाटतं. सहकलाकारांचा अभिनयही अगदीच सामान्य आहे. या चित्रपटाला दोन पैकी अर्धा स्टार सुद्धा जास्त आहे.",Negative
चित्रपटचा मांडणी फिका असून चित्रपट पाहिल्यानंतर विशेष काही लक्षात राहत नाही.,Negative
"चित्रपटात पार्श्वसंगीत कमकुवत आहे, त्यामुळे चित्रपट पाहिल्यानंतर विशेष काही लक्षात राहत नाही.",Negative
"चित्रपट पाहताना सर्व कलाकारांची कामगिरी लक्षात राहते, कारण छायाचित्रण खूप अप्रतिम आहे.",Positive
कथेपासून अभिनयापर्यंत सर्व काही दर्जेदार वाटले; चित्रपट पाहताना उत्सुकता कायम राहते.,Positive
संपूर्ण चित्रपट फिका आहे आणि दृश्यरचना मुळे अनुभव खराब झाला.,Negative
सुरुवातीला कथा सुंदर आणि आकर्षक वाटते; मनाला भिडणारा नाही असे एकूण चित्रपटाबद्दल म्हणता येणार नाही. तरी दुसऱ्या अर्ध्यात दिग्दर्शन कमकुवत होते. म्हणून चांगल्या सुरुवातीचा फारसा उपयोग होत नाही.,Negative
कथेपासून अभिनयापर्यंत सर्व काही नैसर्गिक वाटले; दिग्दर्शकाने विषयाला योग्य न्याय दिला.,Positive
हा अनुभव निरस नसून खूप आकर्षक आहे; कुटुंबासोबत पाहण्यासारखा अनुभव मिळतो.,Positive
"एवढा भिकार सिनेमा अलीकडे बघितला नव्हता. कथेत काहीच नावीन्य नाही, सगळं आधीच पाहिलेलं वाटतं. शेवट इतका घाईघाईत गुंडाळलेला आहे की निराशा होते. पूर्णपणे टाइमपास वाया गेला असं वाटलं.",Negative
चित्रपटाने चित्रपट पाहून मन प्रसन्न झाले आणि छायाचित्रण खरोखर कौतुकास्पद आहे.,Positive
सिनेमा सुरुवातीपासून शेवटपर्यंत खिळवून ठेवतो. कथेची मांडणी अशी आहे की पुढे काय होणार याची उत्सुकता कायम राहते.,Positive
चित्रपटाने कथा शेवटपर्यंत पकडून ठेवते आणि मांडणी खरोखर अप्रतिम आहे.,Positive
"गाणी कंटाळवाणी नाहीत, त्यातील संगीत खूप छान आहे. त्यामुळे एकूण अनुभव खूप चांगला झाला.",Positive
काहीच खास नव्हतं या चित्रपटात. संगीत काहीच लक्षात राहण्यासारखं नाही. काही कलाकारांची निवडच चुकीची वाटते. या चित्रपटाला दोन पैकी अर्धा स्टार सुद्धा जास्त आहे.,Negative
कथा अजिबात उत्तम नाही आणि कथानकात नवीनपणा जाणवत नाही.,Negative
पटकथा इतका कौतुकास्पद आहे की चित्रपटाचा अनुभव मनाला आनंद देतो.,Positive
मनाला न पटणारा नाही असे अंतिम निष्कर्ष काढणे योग्य ठरणार नाही. सुरुवात थोडी कंटाळवाणी आणि संथ आहे; पण पुढे कथा इतकी सुंदर उलगडते. एकूण परिणाम सकारात्मक आणि समाधान देणारा आहे.,Positive
प्रभावी नाही असे अंतिम निष्कर्ष काढणे योग्य ठरणार नाही. सुरुवातीला कथा सुंदर आणि आकर्षक वाटते; मात्र नंतर कथा इतकी रटाळ होते. त्यामुळे सुंदर क्षण असूनही चित्रपट आवडत नाही.,Negative
चित्रपटाने अजिबात निराश केले नाही; पार्श्वसंगीत विशेष उत्तम आहे.,Positive
चित्रपटाची दृश्यरचना खूप प्रभावी आहे आणि शेवट समाधानकारक वाटतो.,Positive
सुरुवातीपासूनच चित्रपट प्रेक्षकांना पकडून ठेवतो. संवाद खूप प्रभावी असून थेट मनाला भिडतात. भावनिक प्रसंगांमध्ये डोळ्यात पाणी आल्याशिवाय राहत नाही. मराठी चित्रपटसृष्टीसाठी अभिमानास्पद कलाकृती आहे.,Positive
अभिनय इतका अप्रतिम आहे की चित्रपट पाहून मन प्रसन्न झाले.,Positive
कथा अजिबात फिका नाही आणि सर्व कलाकारांची कामगिरी लक्षात राहते.,Positive
"सिनेमागृहातून बाहेर पडताना खूप वैताग आला. विनोदी प्रसंग हास्यास्पद वाटतात, हसू येण्याऐवजी वैताग येतो. पार्श्वसंगीत उगाचच मोठ्या आवाजात आणि त्रासदायक वाटतं.",Negative
"सुरुवात थोडी कंटाळवाणी आणि संथ आहे. पण पुढे कथा इतकी सुंदर उलगडते, पण शेवट अजिबात खराब नाही, उलट मनाला भिडतो.",Positive
कथानकचा संवाद प्रभावी असून कुटुंबासोबत पाहण्यासारखा अनुभव मिळतो.,Positive
सुरुवात थोडी कंटाळवाणी आणि संथ आहे; वाईट नाही असे एकूण चित्रपटाबद्दल म्हणता येणार नाही. मात्र दुसऱ्या अर्ध्यात चित्रपट पूर्णपणे बदलतो. उणिवा असूनही शेवटी चित्रपट मन जिंकून घेतो.,Positive
चित्रपटाने चित्रपटाची लांबी त्रासदायक ठरते आणि पटकथा खरोखर अप्रभावी आहे.,Negative
पटकथा इतका निराशाजनक आहे की चित्रपट पाहिल्यानंतर विशेष काही लक्षात राहत नाही.,Negative
चित्रपटाने अजिबात निराश केले नाही; भावनिक सादरीकरण विशेष सुंदर आहे.,Positive
कथेपासून अभिनयापर्यंत बरेच काही कंटाळवाणा वाटले; चित्रपट पाहिल्यानंतर विशेष काही लक्षात राहत नाही.,Negative
चित्रपटातील संवाद पाहून काही दृश्ये अजिबात गरजेची वाटत नाहीत; एकूण अनुभव फिका आहे.,Negative
चित्रपट अजिबात रंजक नाही; उलट पार्श्वसंगीत खूप सुमार आहे.,Negative
संपूर्ण मांडणीमध्ये काहीही अप्रभावी वाटत नाही; कथानक खूप प्रभावी आहे.,Positive
हा चित्रपट पुन्हा पाहावासा वाटत नाही कारण विनोदी प्रसंग खूप अतिशय संथ आहे.,Negative
सुरुवातीला कथा सुंदर आणि आकर्षक वाटते; प्रभावी नाही असे एकूण चित्रपटाबद्दल म्हणता येणार नाही. पण पुढील भाग इतका कंटाळवाणा आहे. एकूण अनुभव मात्र निराशाजनक आहे.,Negative
चित्रपट अजिबात निराशाजनक नाही; उलट पार्श्वसंगीत खूप नैसर्गिक आहे.,Positive
चित्रपट अजिबात फिका नाही; उलट कथानक खूप आकर्षक आहे.,Positive
सुंदर नाही असे अंतिम निष्कर्ष काढणे योग्य ठरणार नाही. सुरुवातीला कथा सुंदर आणि आकर्षक वाटते; मात्र नंतर कथा इतकी रटाळ होते. त्यामुळे सुंदर क्षण असूनही चित्रपट आवडत नाही.,Negative
कथामध्ये काहीही कमकुवत वाटत नाही; पटकथा खूप नैसर्गिक आहे.,Positive
अभिनय आणि छायाचित्रण दोन्ही अप्रतिम आहेत; त्यामुळे प्रत्येक फ्रेम विचारपूर्वक सादर केली आहे.,Positive
या चित्रपटाची पटकथा निराश करते आणि चित्रपट पाहिल्यानंतर विशेष काही लक्षात राहत नाही.,Negative
मित्रांसोबत बघितला आणि सगळ्यांनाच खूप आवडला. मुख्य कलाकारांनी आपापल्या भूमिका उत्कृष्टपणे साकारल्या आहेत. पुन्हा एकदा बघायला नक्कीच आवडेल.,Positive
हा चित्रपट रंजक वाटतो; संगीताने प्रसंगांची परिणामकारकता वाढवली.,Positive
हा अनुभव कंटाळवाणा नसून खूप मनमोहक आहे; कुटुंबासोबत पाहण्यासारखा अनुभव मिळतो.,Positive
"वेळेचा आणि पैशांचा पूर्ण अपव्यय झाला. शेवट इतका घाईघाईत गुंडाळलेला आहे की निराशा होते. कथेत काहीच नावीन्य नाही, सगळं आधीच पाहिलेलं वाटतं.",Negative
हा चित्रपट अपेक्षेपेक्षा निरस निघाला आणि चित्रपट पाहताना वारंवार कंटाळा आला.,Negative
अपेक्षा खूप होत्या पण चित्रपटाने साफ निराश केलं. दिग्दर्शन अगदीच कमकुवत असून प्रसंगांची मांडणी विस्कळीत आहे.,Negative
"चित्रपटात संगीत कमकुवत आहे, त्यामुळे शेवट निराश करतो.",Negative
सुरुवातीपासून शेवटपर्यंत चित्रपट उत्कृष्ट राहतो आणि प्रत्येक फ्रेम विचारपूर्वक सादर केली आहे.,Positive
चांगला नाही असे अंतिम निष्कर्ष काढणे योग्य ठरणार नाही. सुरुवातीला कथा सुंदर आणि आकर्षक वाटते; तरी दुसऱ्या अर्ध्यात दिग्दर्शन कमकुवत होते. अखेरीस एकूण परिणाम कमकुवत ठरतो.,Negative
"अभिनय वाईट नाही असे काही प्रसंगांत वाटते, पण एकूण कामगिरी कमकुवत आहे. त्यामुळे चित्रपट फारसा प्रभावी वाटत नाही.",Negative
हा चित्रपट पुन्हा पाहावासा वाटतो कारण संवाद खूप सुंदर आहे.,Positive
सुरुवात थोडी कंटाळवाणी आणि संथ आहे; असमाधानकारक नाही असे एकूण चित्रपटाबद्दल म्हणता येणार नाही. मात्र दुसऱ्या अर्ध्यात चित्रपट पूर्णपणे बदलतो. उणिवा असूनही शेवटी चित्रपट मन जिंकून घेतो.,Positive
"पैसे वसूल चित्रपट, अजिबात निराश करत नाही. कथेची मांडणी अशी आहे की पुढे काय होणार याची उत्सुकता कायम राहते. विनोदी प्रसंग अगदी सहज आणि टाइमिंगसह मांडले आहेत. दिग्दर्शकाने प्रत्येक प्रसंग अतिशय सुंदर पद्धतीने मांडला आहे. या चित्रपटाला पाच पैकी पाच स्टार्स.",Positive
चित्रपट अजिबात उत्तम नाही; उलट भावनिक सादरीकरण खूप फिका आहे.,Negative
कथा अजिबात कमकुवत नाही आणि चित्रपटाचा अनुभव मनाला आनंद देतो.,Positive
चित्रपटाने चित्रपटाची लांबी त्रासदायक ठरते आणि विनोदी प्रसंग खरोखर अप्रभावी आहे.,Negative
चित्रपटातील शेवट पाहून भावनिक प्रसंग मनाला स्पर्श करतात; एकूण अनुभव प्रभावी आहे.,Positive
कथेपासून अभिनयापर्यंत बरेच काही गोंधळलेला वाटले; काही दृश्ये अजिबात गरजेची वाटत नाहीत.,Negative
खरंच अशा चित्रपटांची गरज आहे मराठी सृष्टीला. संगीत कानाला खूप गोड लागतं आणि गाणी सुद्धा सुरेख आहेत.,Positive
सुरुवातीपासून शेवटपर्यंत चित्रपट रंजक राहतो आणि चित्रपट पाहून मन प्रसन्न झाले.,Positive
चित्रपटचा पार्श्वसंगीत निराशाजनक असून चित्रपटाची लांबी त्रासदायक ठरते.,Negative
यशस्वी नाही असे अंतिम निष्कर्ष काढणे योग्य ठरणार नाही. सुरुवातीला कथा सुंदर आणि आकर्षक वाटते; पण पुढे पटकथा पूर्णपणे गोंधळते. म्हणून चांगल्या सुरुवातीचा फारसा उपयोग होत नाही.,Negative
हा चित्रपट पुन्हा पाहावासा वाटतो कारण दृश्यरचना खूप उत्कृष्ट आहे.,Positive
"शेवट गोंधळात टाकणारा नाही, तो व्यवस्थित मांडलेला आहे. त्यामुळे एकूण अनुभव खूप चांगला झाला.",Positive
हा चित्रपट अपेक्षेपेक्षा कंटाळवाणा निघाला आणि काही दृश्ये अजिबात गरजेची वाटत नाहीत.,Negative
चित्रपटातील संवाद पाहून सर्व कलाकारांची कामगिरी लक्षात राहते; एकूण अनुभव मनमोहक आहे.,Positive
हा अनुभव फिका नसून खूप सुंदर आहे; प्रत्येक फ्रेम विचारपूर्वक सादर केली आहे.,Positive
या कलाकृतीमध्ये काहीही उत्कृष्ट वाटत नाही; पार्श्वसंगीत खूप कंटाळवाणा आहे.,Negative
चित्रपटाची शेवट खूप उत्कृष्ट आहे आणि चित्रपटाचा अनुभव मनाला आनंद देतो.,Positive
मित्रांच्या सांगण्यावरून गेलो पण खूप पश्चाताप झाला. पार्श्वसंगीत उगाचच मोठ्या आवाजात आणि त्रासदायक वाटतं. पूर्णपणे टाइमपास वाया गेला असं वाटलं.,Negative
चित्रपट अजिबात उत्कृष्ट नाही; उलट शेवट खूप गोंधळलेला आहे.,Negative
कथेपासून अभिनयापर्यंत बरेच काही निरस वाटले; काही दृश्ये अजिबात गरजेची वाटत नाहीत.,Negative
चित्रपटाने पूर्णपणे निराश केले; पार्श्वसंगीत विशेष निरस आहे.,Negative
हा चित्रपट सुमार वाटतो; चित्रपट पाहिल्यानंतर विशेष काही लक्षात राहत नाही.,Negative
सिनेमा बघून मन अगदी प्रसन्न झालं. शेवट अगदी समाधानकारक आणि हृदयस्पर्शी झाला आहे. भावनिक प्रसंगांमध्ये डोळ्यात पाणी आल्याशिवाय राहत नाही. या चित्रपटाला पाच पैकी पाच स्टार्स.,Positive
हा चित्रपट उत्तम वाटतो; संगीताने प्रसंगांची परिणामकारकता वाढवली.,Positive
कथा अजिबात उत्कृष्ट नाही आणि काही दृश्ये अजिबात गरजेची वाटत नाहीत.,Negative
या चित्रपटाची पटकथा निराश करते आणि दिग्दर्शनाने विषयाला योग्य न्याय दिला नाही.,Negative
"कंटाळवाणा नाही असे अंतिम निष्कर्ष काढणे योग्य ठरणार नाही. सुरुवात थोडी कंटाळवाणी आणि संथ आहे; पण पुढे कथा इतकी सुंदर उलगडते. एकूण अनुभव वाईट नाही, उलट समाधानकारक आहे.",Positive
संपूर्ण मांडणीमध्ये काहीही अप्रभावी वाटत नाही; दिग्दर्शन खूप उत्कृष्ट आहे.,Positive
"चित्रपट पाहताना संगीताने प्रसंगांची परिणामकारकता वाढवली, कारण संवाद खूप मनमोहक आहे.",Positive
हा चित्रपट अपेक्षेपेक्षा अंदाजे निघाला आणि अनेक प्रसंग विनाकारण लांबवले आहेत.,Negative
कथामध्ये काहीही फिका वाटत नाही; दृश्यरचना खूप दर्जेदार आहे.,Positive
चित्रपट संथ नाही; कथा छान वेगाने पुढे जाते. त्यामुळे एकूण अनुभव खूप चांगला झाला.,Positive
हा चित्रपट अपेक्षेपेक्षा कमकुवत निघाला आणि अनेक प्रसंग विनाकारण लांबवले आहेत.,Negative
हा अनुभव सुंदर नसून खूप कंटाळवाणा आहे; शेवट निराश करतो.,Negative
"पैसे वसूल चित्रपट, अजिबात निराश करत नाही. भावनिक प्रसंगांमध्ये डोळ्यात पाणी आल्याशिवाय राहत नाही. अॅक्शन सीन्स एकदम जबरदस्त आणि रिअलिस्टिक वाटतात. असे चित्रपट वारंवार यायला हवेत.",Positive
संपूर्ण चित्रपट उत्कृष्ट आहे आणि कथानक मुळे अनुभव आणखी सुंदर झाला.,Positive
हा चित्रपट अप्रभावी वाटतो; चित्रपट पाहताना वारंवार कंटाळा आला.,Negative
हा अनुभव रंजक नसून खूप अप्रभावी आहे; शेवट निराश करतो.,Negative
पटकथा मजबूत नाही आणि कथानक सतत भरकटते. त्यामुळे पुन्हा पाहण्याची इच्छा होत नाही.,Negative
चित्रपटातील मांडणी पाहून भावनिक प्रसंगांचा परिणाम होत नाही; एकूण अनुभव फिका आहे.,Negative
सुरुवातीला कथा सुंदर आणि आकर्षक वाटते; प्रभावी नाही असे एकूण चित्रपटाबद्दल म्हणता येणार नाही. पण पुढे पटकथा पूर्णपणे गोंधळते. म्हणून चांगल्या सुरुवातीचा फारसा उपयोग होत नाही.,Negative
"हा चित्रपट वाईट नाही, उलट खूपच मनोरंजक आहे. पुन्हा पाहायला देखील आवडेल.",Positive
चित्रपटाने कथा शेवटपर्यंत पकडून ठेवते आणि संवाद खरोखर दर्जेदार आहे.,Positive
सुरुवातीला कथा सुंदर आणि आकर्षक वाटते; यशस्वी नाही असे एकूण चित्रपटाबद्दल म्हणता येणार नाही. तरी दुसऱ्या अर्ध्यात दिग्दर्शन कमकुवत होते. त्यामुळे सुंदर क्षण असूनही चित्रपट आवडत नाही.,Negative
सुरुवातीला कथा सुंदर आणि आकर्षक वाटते; यशस्वी नाही असे एकूण चित्रपटाबद्दल म्हणता येणार नाही. मात्र नंतर कथा इतकी रटाळ होते. म्हणून चांगल्या सुरुवातीचा फारसा उपयोग होत नाही.,Negative
कथा अजिबात प्रभावी नाही आणि पटकथा खूप संथ आहे. यामुळे चित्रपटाचा प्रभाव कमी होतो.,Negative
सुरुवातीला कथा सुंदर आणि आकर्षक वाटते; समाधानकारक नाही असे एकूण चित्रपटाबद्दल म्हणता येणार नाही. मात्र नंतर कथा इतकी रटाळ होते. शेवटामुळे आधीचे चांगले क्षणही फिके पडतात.,Negative
चित्रपटातील पटकथा पाहून सर्व कलाकारांची कामगिरी लक्षात राहते; एकूण अनुभव रंजक आहे.,Positive
दिग्दर्शन इतका कृत्रिम आहे की काही दृश्ये अजिबात गरजेची वाटत नाहीत.,Negative
"चित्रपटात पार्श्वसंगीत उत्तम आहे, त्यामुळे भावनिक प्रसंग मनाला स्पर्श करतात.",Positive
चित्रपटाने संगीताने प्रसंगांची परिणामकारकता वाढवली आणि छायाचित्रण खरोखर उत्कृष्ट आहे.,Positive
"चित्रपट पाहताना कलाकारांच्या कामगिरीत उत्साह जाणवत नाही, कारण अभिनय खूप अस्ताव्यस्त आहे.",Negative
संपूर्ण चित्रपट उत्कृष्ट आहे आणि दृश्यरचना मुळे अनुभव आणखी सुंदर झाला.,Positive
सुरुवातीला कथा सुंदर आणि आकर्षक वाटते; समाधानकारक नाही असे एकूण चित्रपटाबद्दल म्हणता येणार नाही. तरी दुसऱ्या अर्ध्यात दिग्दर्शन कमकुवत होते. त्यामुळे हा चित्रपट समाधानकारक म्हणता येत नाही.,Negative
चित्रपटचा मुख्य कलाकाराचा अभिनय कौतुकास्पद असून कलाकारांनी भूमिका जिवंत केल्या आहेत.,Positive
चित्रपटाने भावनिक प्रसंग मनाला स्पर्श करतात आणि दिग्दर्शन खरोखर रंजक आहे.,Positive
"संगीत त्रासदायक नाही, गाणी कथेला छान साथ देतात. कलाकारांचे कामही मनापासून आवडले.",Positive
कथेपासून अभिनयापर्यंत सर्व काही हृदयस्पर्शी वाटले; संगीताने प्रसंगांची परिणामकारकता वाढवली.,Positive
मित्रांसोबत बघितला आणि सगळ्यांनाच खूप आवडला. भावनिक प्रसंगांमध्ये डोळ्यात पाणी आल्याशिवाय राहत नाही. एकदा तरी नक्की बघावा असा हा चित्रपट आहे.,Positive
मुख्य कलाकाराचा अभिनय इतका नैसर्गिक आहे की प्रत्येक प्रसंग लक्षात राहतो.,Positive
एवढा भिकार सिनेमा अलीकडे बघितला नव्हता. मुख्य कलाकारांच्या भूमिकेत जीव ओतलेला जाणवलाच नाही. पटकथा खूपच विस्कळीत असल्यामुळे कथा नीट समजतच नाही. या चित्रपटाला दोन पैकी अर्धा स्टार सुद्धा जास्त आहे.,Negative
कथेपासून अभिनयापर्यंत बरेच काही अंदाजे वाटले; संवाद कृत्रिम वाटतात.,Negative
या चित्रपटाची भावनिक सादरीकरण निराश करते आणि चित्रपट पाहिल्यानंतर विशेष काही लक्षात राहत नाही.,Negative
अपेक्षा खूप होत्या पण चित्रपटाने साफ निराश केलं. संगीत काहीच लक्षात राहण्यासारखं नाही. क्लायमॅक्स अगदीच अपेक्षित आणि सपक झाला आहे. अपेक्षा घेऊन गेलात तर नक्कीच निराश व्हाल.,Negative
"चित्रपटात पटकथा उत्तम आहे, त्यामुळे प्रत्येक प्रसंग लक्षात राहतो.",Positive
मनाला भिडणारा नाही असे अंतिम निष्कर्ष काढणे योग्य ठरणार नाही. सुरुवातीला कथा सुंदर आणि आकर्षक वाटते; पण पुढे पटकथा पूर्णपणे गोंधळते. अखेरीस एकूण परिणाम कमकुवत ठरतो.,Negative
हा चित्रपट पुन्हा पाहावासा वाटत नाही कारण पार्श्वसंगीत खूप अस्ताव्यस्त आहे.,Negative
चित्रपटाची मुख्य कलाकाराचा अभिनय खूप आकर्षक आहे आणि चित्रपट पाहताना उत्सुकता कायम राहते.,Positive
संपूर्ण मांडणीमध्ये काहीही प्रभावी वाटत नाही; दिग्दर्शन खूप निराशाजनक आहे.,Negative
सुरुवात थोडी कंटाळवाणी आणि संथ आहे; खराब नाही असे एकूण चित्रपटाबद्दल म्हणता येणार नाही. मात्र दुसऱ्या अर्ध्यात चित्रपट पूर्णपणे बदलतो. म्हणून एकूण चित्रपट अपेक्षेपेक्षा सुंदर वाटतो.,Positive
या वर्षीचा सर्वोत्तम मराठी चित्रपट असं म्हणता येईल. पार्श्वसंगीत प्रसंगांची तीव्रता अजून वाढवतं. प्रत्येक कलाकाराने आपल्या भूमिकेला योग्य न्याय दिला आहे. सहकलाकारांचाही अभिनय तितकाच दमदार आहे. मराठी चित्रपटसृष्टीसाठी अभिमानास्पद कलाकृती आहे.,Positive
अशा चित्रपटांमुळे मराठी सिनेमाची बदनामी होते. काही कलाकारांची निवडच चुकीची वाटते. संगीत काहीच लक्षात राहण्यासारखं नाही. थिएटरमध्ये पैसे खर्च करण्याआधी नक्की विचार करा.,Negative
थिएटरमध्ये अर्ध्यातच झोप येत होती. शेवट इतका घाईघाईत गुंडाळलेला आहे की निराशा होते. वेळ असेल तरी बघू नका असा सल्ला देईन.,Negative
कथा अजिबात वाईट नाही आणि वेळ कसा गेला कळले नाही.,Positive
कथा वेगळी असली तरी तिची मांडणी चांगली नाही. एकूण अनुभव समाधानकारक वाटत नाही.,Negative
उत्कृष्ट नाही असे अंतिम निष्कर्ष काढणे योग्य ठरणार नाही. सुरुवातीला कथा सुंदर आणि आकर्षक वाटते; पण पुढे पटकथा पूर्णपणे गोंधळते. एकूण परिणाम वाईट आणि असमाधानकारक राहतो.,Negative
मनाला भिडणारा नाही असे अंतिम निष्कर्ष काढणे योग्य ठरणार नाही. सुरुवातीला कथा सुंदर आणि आकर्षक वाटते; पण पुढील भाग इतका कंटाळवाणा आहे. शेवटी चित्रपट समाधान देत नाही.,Negative
वाईट नाही असे अंतिम निष्कर्ष काढणे योग्य ठरणार नाही. सुरुवात थोडी कंटाळवाणी आणि संथ आहे; तरी पुढे पात्रांचा प्रवास खूप प्रभावी होतो. चित्रपटाने निराश केले नाही; उलट तो खूप आवडला.,Positive
हा चित्रपट पुन्हा पाहावासा वाटतो कारण मांडणी खूप उत्कृष्ट आहे.,Positive
छायाचित्रण आणि संगीत दोन्ही निरस आहेत; त्यामुळे वेळ वाया गेल्यासारखे वाटले.,Negative
कथामध्ये काहीही कमकुवत वाटत नाही; कथानक खूप मनमोहक आहे.,Positive
"एकदम भारी चित्रपट, अपेक्षेपेक्षा जास्त आवडला. अभिनेत्यांचा अभिनय खूपच नैसर्गिक आणि प्रभावी वाटला. दिग्दर्शनातली बारकाई प्रत्येक दृश्यात जाणवते. पुन्हा एकदा बघायला नक्कीच आवडेल.",Positive
सुरुवातीला कथा सुंदर आणि आकर्षक वाटते; समाधानकारक नाही असे एकूण चित्रपटाबद्दल म्हणता येणार नाही. पण पुढे पटकथा पूर्णपणे गोंधळते. म्हणून चांगल्या सुरुवातीचा फारसा उपयोग होत नाही.,Negative
थिएटरमध्ये अर्ध्यातच झोप येत होती. भावनिक प्रसंगांमध्ये सुद्धा काहीच परिणाम जाणवत नाही. संवाद खूपच सुमार आणि ओढून ताणून लिहिलेले वाटतात. वेळ असेल तरी बघू नका असा सल्ला देईन.,Negative
"मस्त सिनेमा आहे, नक्की बघा. मुख्य कलाकारांनी आपापल्या भूमिका उत्कृष्टपणे साकारल्या आहेत. एकदा तरी नक्की बघावा असा हा चित्रपट आहे.",Positive
हा चित्रपट पुन्हा पाहावासा वाटत नाही कारण संवाद खूप कंटाळवाणा आहे.,Negative
अशा चित्रपटांमुळे मराठी सिनेमाची बदनामी होते. सहकलाकारांचा अभिनयही अगदीच सामान्य आहे. दिग्दर्शकाला नेमकं काय दाखवायचं आहे हेच कळत नाही. भावनिक प्रसंगांमध्ये सुद्धा काहीच परिणाम जाणवत नाही.,Negative
"चित्रपट पाहताना प्रत्येक प्रसंग लक्षात राहतो, कारण दृश्यरचना खूप मनमोहक आहे.",Positive
चित्रपट अजिबात सुंदर नाही; उलट अभिनय खूप अतिशय संथ आहे.,Negative
सुरुवातीपासून शेवटपर्यंत चित्रपट आकर्षक राहतो आणि दिग्दर्शकाने विषयाला योग्य न्याय दिला.,Positive
"चित्रपट पाहताना प्रत्येक फ्रेम विचारपूर्वक सादर केली आहे, कारण मांडणी खूप अप्रतिम आहे.",Positive
सिनेमागृहातून बाहेर पडताना खूप वैताग आला. संवाद खूपच सुमार आणि ओढून ताणून लिहिलेले वाटतात. कथेत इतके लॉजिकल गॅप्स आहेत की डोकं दुखायला लागतं. अपेक्षा घेऊन गेलात तर नक्कीच निराश व्हाल.,Negative
चित्रपट अजिबात कंटाळवाणा नाही; उलट दृश्यरचना खूप उत्कृष्ट आहे.,Positive
चित्रपट अजिबात प्रभावी नाही; उलट मुख्य कलाकाराचा अभिनय खूप अंदाजे आहे.,Negative
संपूर्ण चित्रपट निराशाजनक आहे आणि विनोदी प्रसंग मुळे अनुभव खराब झाला.,Negative
हा अनुभव कंटाळवाणा नसून खूप कौतुकास्पद आहे; चित्रपटाचा अनुभव मनाला आनंद देतो.,Positive
चित्रपटातील भावनिक सादरीकरण पाहून कथा शेवटपर्यंत पकडून ठेवते; एकूण अनुभव दर्जेदार आहे.,Positive
"चित्रपटात शेवट उत्तम आहे, त्यामुळे कथा शेवटपर्यंत पकडून ठेवते.",Positive
पटकथा विस्कळीत नाही आणि कथानक सहज समजते. त्यामुळे एकूण अनुभव खूप चांगला झाला.,Positive
"चित्रपट पाहताना चित्रपटाची लांबी त्रासदायक ठरते, कारण छायाचित्रण खूप कमकुवत आहे.",Negative
चित्रपटाची शेवट खूप आकर्षक आहे आणि कथा शेवटपर्यंत पकडून ठेवते.,Positive
कथेपासून अभिनयापर्यंत सर्व काही नैसर्गिक वाटले; प्रत्येक फ्रेम विचारपूर्वक सादर केली आहे.,Positive
"पूर्ण चित्रपटभर काहीच लॉजिक सापडलं नाही. विनोदी प्रसंग हास्यास्पद वाटतात, हसू येण्याऐवजी वैताग येतो. अॅक्शन सीन्स अगदीच बनावट आणि कंटाळवाणे वाटतात. भावनिक प्रसंगांमध्ये सुद्धा काहीच परिणाम जाणवत नाही. पूर्णपणे टाइमपास वाया गेला असं वाटलं.",Negative
चित्रपटाने अजिबात निराश केले नाही; अभिनय विशेष कौतुकास्पद आहे.,Positive
सुरुवात थोडी कंटाळवाणी आणि संथ आहे; निराश केले नाही असे एकूण चित्रपटाबद्दल म्हणता येणार नाही. मात्र दुसऱ्या अर्ध्यात चित्रपट पूर्णपणे बदलतो. त्यामुळे चित्रपट पाहिल्याचा निर्णय योग्य वाटतो.,Positive
सुरुवात थोडी कंटाळवाणी आणि संथ आहे; कंटाळवाणा नाही असे एकूण चित्रपटाबद्दल म्हणता येणार नाही. पण पुढे कथा इतकी सुंदर उलगडते. त्यामुळे चित्रपट पाहिल्याचा निर्णय योग्य वाटतो.,Positive
"मस्त सिनेमा आहे, नक्की बघा. संवाद खूप प्रभावी असून थेट मनाला भिडतात. सर्वांना शिफारस करेन असा हा चित्रपट आहे.",Positive
"चित्रपट पाहताना कथा पुढे सरकत नाही, कारण पटकथा खूप गोंधळलेला आहे.",Negative
चित्रपटाची कथानक खूप गोंधळलेला आहे आणि अनेक प्रसंग विनाकारण लांबवले आहेत.,Negative
सुरुवात थोडी कंटाळवाणी आणि संथ आहे; मनाला न पटणारा नाही असे एकूण चित्रपटाबद्दल म्हणता येणार नाही. पण पुढे कथा इतकी सुंदर उलगडते. अखेरीस हा अनुभव अजिबात असमाधानकारक राहत नाही.,Positive
चित्रपटाने प्रत्येक प्रसंग लक्षात राहतो आणि मांडणी खरोखर सुंदर आहे.,Positive
कथेपासून अभिनयापर्यंत सर्व काही उत्तम वाटले; कलाकारांनी भूमिका जिवंत केल्या आहेत.,Positive
सुरुवातीपासून शेवटपर्यंत चित्रपट निरस राहतो आणि चित्रपट पाहताना वारंवार कंटाळा आला.,Negative
कथा अजिबात वाईट नाही आणि कथा शेवटपर्यंत पकडून ठेवते.,Positive
चित्रपट अजिबात निरस नाही; उलट दृश्यरचना खूप मनमोहक आहे.,Positive
चित्रपटाने अजिबात निराश केले नाही; भावनिक सादरीकरण विशेष नैसर्गिक आहे.,Positive
सुरुवातीला कथा सुंदर आणि आकर्षक वाटते; उत्तम नाही असे एकूण चित्रपटाबद्दल म्हणता येणार नाही. मात्र नंतर कथा इतकी रटाळ होते. त्यामुळे सुंदर क्षण असूनही चित्रपट आवडत नाही.,Negative
हा अनुभव निरस नसून खूप मनमोहक आहे; कुटुंबासोबत पाहण्यासारखा अनुभव मिळतो.,Positive
"चित्रपट पाहताना दिग्दर्शकाने विषयाला योग्य न्याय दिला, कारण पार्श्वसंगीत खूप नैसर्गिक आहे.",Positive
चित्रपटाची संवाद खूप कंटाळवाणा आहे आणि भावनिक प्रसंगांचा परिणाम होत नाही.,Negative
अभिनय इतका अप्रभावी आहे की अनेक प्रसंग विनाकारण लांबवले आहेत.,Negative
चित्रपटाने अजिबात निराश केले नाही; मांडणी विशेष हृदयस्पर्शी आहे.,Positive
कथा अजिबात सुंदर नाही आणि कलाकारांच्या कामगिरीत उत्साह जाणवत नाही.,Negative
हा अनुभव कमकुवत नसून खूप उत्तम आहे; चित्रपट पाहून मन प्रसन्न झाले.,Positive
कथेपासून अभिनयापर्यंत सर्व काही उत्तम वाटले; प्रत्येक प्रसंग लक्षात राहतो.,Positive
"चित्रपट पाहताना चित्रपट पाहून मन प्रसन्न झाले, कारण छायाचित्रण खूप कौतुकास्पद आहे.",Positive
कथाचा पार्श्वसंगीत फिका असून पटकथा शेवटपर्यंत प्रभावी राहत नाही.,Negative
हा अनुभव फिका नसून खूप कौतुकास्पद आहे; चित्रपटाचा अनुभव मनाला आनंद देतो.,Positive
कथाचा छायाचित्रण सुंदर असून कुटुंबासोबत पाहण्यासारखा अनुभव मिळतो.,Positive
इतका रटाळ चित्रपट खूप दिवसांनी पाहिला. कथेत इतके लॉजिकल गॅप्स आहेत की डोकं दुखायला लागतं. क्लायमॅक्स अगदीच अपेक्षित आणि सपक झाला आहे. थिएटरमध्ये पैसे खर्च करण्याआधी नक्की विचार करा.,Negative
कथेपासून अभिनयापर्यंत सर्व काही अप्रतिम वाटले; संगीताने प्रसंगांची परिणामकारकता वाढवली.,Positive
चित्रपटाने अजिबात निराश केले नाही; संवाद विशेष मनमोहक आहे.,Positive
चित्रपटाने शेवट निराश करतो आणि दिग्दर्शन खरोखर अस्ताव्यस्त आहे.,Negative
सुरुवातीला कथा सुंदर आणि आकर्षक वाटते; आशादायक नाही असे एकूण चित्रपटाबद्दल म्हणता येणार नाही. तरी दुसऱ्या अर्ध्यात दिग्दर्शन कमकुवत होते. एकूण परिणाम वाईट आणि असमाधानकारक राहतो.,Negative
चित्रपटाची संवाद खूप कृत्रिम आहे आणि चित्रपट पाहिल्यानंतर विशेष काही लक्षात राहत नाही.,Negative
कंटाळवाणा नाही असे अंतिम निष्कर्ष काढणे योग्य ठरणार नाही. सुरुवात थोडी कंटाळवाणी आणि संथ आहे; तरी पुढे पात्रांचा प्रवास खूप प्रभावी होतो. त्यामुळे चित्रपट पाहिल्याचा निर्णय योग्य वाटतो.,Positive
या कलाकृतीमध्ये काहीही उत्तम वाटत नाही; भावनिक सादरीकरण खूप निराशाजनक आहे.,Negative
सुरुवात थोडी कंटाळवाणी आणि संथ आहे; निराशाजनक नाही असे एकूण चित्रपटाबद्दल म्हणता येणार नाही. तरी पुढे पात्रांचा प्रवास खूप प्रभावी होतो. त्यामुळे चित्रपट पाहिल्याचा निर्णय योग्य वाटतो.,Positive
हा अनुभव उत्तम नसून खूप कंटाळवाणा आहे; भावनिक प्रसंगांचा परिणाम होत नाही.,Negative
"हा सिनेमा वाईट नाही असे वाटावे अशी सुरुवात झाली, पण पुढे तो खूप कंटाळवाणा झाला. त्यामुळे चित्रपट फारसा प्रभावी वाटत नाही.",Negative
"चित्रपट पाहताना प्रत्येक फ्रेम विचारपूर्वक सादर केली आहे, कारण मांडणी खूप सुंदर आहे.",Positive
वेळेचा आणि पैशांचा पूर्ण अपव्यय झाला. शेवट इतका घाईघाईत गुंडाळलेला आहे की निराशा होते. पुन्हा असा चित्रपट बघण्याची इच्छा नाही.,Negative
खराब नाही असे अंतिम निष्कर्ष काढणे योग्य ठरणार नाही. सुरुवात थोडी कंटाळवाणी आणि संथ आहे; मात्र दुसऱ्या अर्ध्यात चित्रपट पूर्णपणे बदलतो. अखेरीस हा अनुभव अजिबात असमाधानकारक राहत नाही.,Positive
पैसे वाया गेले असं वाटलं सिनेमा बघून. पार्श्वसंगीत उगाचच मोठ्या आवाजात आणि त्रासदायक वाटतं. दिग्दर्शकाला नेमकं काय दाखवायचं आहे हेच कळत नाही. अपेक्षा घेऊन गेलात तर नक्कीच निराश व्हाल.,Negative
हा अनुभव मनमोहक नसून खूप अप्रभावी आहे; अनेक प्रसंग विनाकारण लांबवले आहेत.,Negative
काहीच दम नाही राव यात. मुख्य कलाकारांच्या भूमिकेत जीव ओतलेला जाणवलाच नाही.,Negative
कथानकमध्ये काहीही मनमोहक वाटत नाही; अभिनय खूप अस्ताव्यस्त आहे.,Negative
पैसे वाया गेले असं वाटलं सिनेमा बघून. व्हीएफएक्स इतके स्वस्त वाटतात की हसू येतं. या चित्रपटाला दोन पैकी अर्धा स्टार सुद्धा जास्त आहे.,Negative
कथा अजिबात वाईट नाही आणि संगीताने प्रसंगांची परिणामकारकता वाढवली.,Positive
सुरुवातीपासून शेवटपर्यंत चित्रपट नैसर्गिक राहतो आणि कलाकारांनी भूमिका जिवंत केल्या आहेत.,Positive
पार्श्वसंगीत आणि संगीत दोन्ही मनमोहक आहेत; त्यामुळे प्रत्येक प्रसंग लक्षात राहतो.,Positive
चित्रपटमध्ये काहीही फिका वाटत नाही; पटकथा खूप अप्रतिम आहे.,Positive
सिनेमागृहातून बाहेर पडताना चेहऱ्यावर हसू होतं. क्लायमॅक्स इतका जबरदस्त आहे की अंगावर काटा येतो. अभिनेत्यांचा अभिनय खूपच नैसर्गिक आणि प्रभावी वाटला.,Positive
चित्रपटाची छायाचित्रण खूप अस्ताव्यस्त आहे आणि वेळ वाया गेल्यासारखे वाटले.,Negative
यशस्वी नाही असे अंतिम निष्कर्ष काढणे योग्य ठरणार नाही. सुरुवातीला कथा सुंदर आणि आकर्षक वाटते; पण पुढे पटकथा पूर्णपणे गोंधळते. त्यामुळे हा चित्रपट समाधानकारक म्हणता येत नाही.,Negative
संपूर्ण मांडणीमध्ये काहीही उत्कृष्ट वाटत नाही; दृश्यरचना खूप कृत्रिम आहे.,Negative
चित्रपटाने पूर्णपणे निराश केले; कथानक विशेष कंटाळवाणा आहे.,Negative
कथाचा कथा अंदाजे असून भावनिक प्रसंगांचा परिणाम होत नाही.,Negative
एकदम झकास सिनेमा आहे भाऊ! कथा अगदी वेगळी आणि विचार करायला लावणारी आहे.,Positive
पूर्ण कुटुंबासोबत बघण्यासारखा सुंदर चित्रपट आहे. क्लायमॅक्स इतका जबरदस्त आहे की अंगावर काटा येतो. दिग्दर्शनातली बारकाई प्रत्येक दृश्यात जाणवते. पुन्हा एकदा बघायला नक्कीच आवडेल.,Positive
हा चित्रपट खरंच अप्रतिम होता. प्रत्येक कलाकाराने आपल्या भूमिकेला योग्य न्याय दिला आहे. गाण्यांचे शब्द आणि चाल दोन्ही मनाला भावतात.,Positive
सुरुवातीपासूनच चित्रपट प्रेक्षकांना पकडून ठेवतो. क्लायमॅक्स इतका जबरदस्त आहे की अंगावर काटा येतो. संवाद खूप प्रभावी असून थेट मनाला भिडतात. भावनिक प्रसंगांमध्ये डोळ्यात पाणी आल्याशिवाय राहत नाही.,Positive
पूर्ण कुटुंबासोबत बघण्यासारखा सुंदर चित्रपट आहे. विनोदी प्रसंग अगदी सहज आणि टाइमिंगसह मांडले आहेत. दिग्दर्शनातली बारकाई प्रत्येक दृश्यात जाणवते. मुख्य कलाकारांनी आपापल्या भूमिका उत्कृष्टपणे साकारल्या आहेत. मराठी चित्रपटसृष्टीसाठी अभिमानास्पद कलाकृती आहे.,Positive
हा चित्रपट अतिशय संथ वाटतो; काही दृश्ये अजिबात गरजेची वाटत नाहीत.,Negative
चित्रपटाने कथा पुढे सरकत नाही आणि पटकथा खरोखर सुमार आहे.,Negative
हा चित्रपट अतिशय संथ वाटतो; अनेक प्रसंग विनाकारण लांबवले आहेत.,Negative
अभिनय इतका सुंदर आहे की प्रत्येक फ्रेम विचारपूर्वक सादर केली आहे.,Positive
टकाटक अपेक्षा होती पण सगळं फेल.,Negative
"पैसे वसूल चित्रपट, अजिबात निराश करत नाही. संवाद खूप प्रभावी असून थेट मनाला भिडतात. संगीत कानाला खूप गोड लागतं आणि गाणी सुद्धा सुरेख आहेत. एकदा तरी नक्की बघावा असा हा चित्रपट आहे.",Positive
कथेपासून अभिनयापर्यंत सर्व काही अप्रतिम वाटले; चित्रपटाचा अनुभव मनाला आनंद देतो.,Positive
"कथा अजिबात वाईट नाही असे सुरुवातीला वाटले, पण शेवट खूप निराशाजनक आहे. यामुळे चित्रपटाचा प्रभाव कमी होतो.",Negative
हा चित्रपट अपेक्षेपेक्षा निराशाजनक निघाला आणि काही दृश्ये अजिबात गरजेची वाटत नाहीत.,Negative
वाईट नाही असे अंतिम निष्कर्ष काढणे योग्य ठरणार नाही. सुरुवात थोडी कंटाळवाणी आणि संथ आहे; मात्र दुसऱ्या अर्ध्यात चित्रपट पूर्णपणे बदलतो. म्हणून एकूण चित्रपट अपेक्षेपेक्षा सुंदर वाटतो.,Positive
कथाचा शेवट अस्ताव्यस्त असून कथा पुढे सरकत नाही.,Negative
"वाईट नाही असे अंतिम निष्कर्ष काढणे योग्य ठरणार नाही. सुरुवात थोडी कंटाळवाणी आणि संथ आहे; मात्र दुसऱ्या अर्ध्यात चित्रपट पूर्णपणे बदलतो. एकूण अनुभव वाईट नाही, उलट समाधानकारक आहे.",Positive
"पैसे वसूल चित्रपट, अजिबात निराश करत नाही. सहकलाकारांचाही अभिनय तितकाच दमदार आहे. कथा अगदी वेगळी आणि विचार करायला लावणारी आहे.",Positive
दिग्दर्शन इतका अंदाजे आहे की भावनिक प्रसंगांचा परिणाम होत नाही.,Negative
चित्रपटाची पार्श्वसंगीत खूप अंदाजे आहे आणि दिग्दर्शनाने विषयाला योग्य न्याय दिला नाही.,Negative
चित्रपटाने अपेक्षा पूर्ण केल्या नाहीत; अनुभव निराशाजनक होता. एकूण अनुभव समाधानकारक वाटत नाही.,Negative
हा अनुभव अप्रभावी नसून खूप नैसर्गिक आहे; भावनिक प्रसंग मनाला स्पर्श करतात.,Positive
"मस्त सिनेमा आहे, नक्की बघा. संगीत कानाला खूप गोड लागतं आणि गाणी सुद्धा सुरेख आहेत. अभिनेत्यांचा अभिनय खूपच नैसर्गिक आणि प्रभावी वाटला. एकदा तरी नक्की बघावा असा हा चित्रपट आहे.",Positive
चित्रपटाने अजिबात निराश केले नाही; पार्श्वसंगीत विशेष दर्जेदार आहे.,Positive
विनोदी प्रसंग आणि भावनिक सादरीकरण दोन्ही अंदाजे आहेत; त्यामुळे कथा पुढे सरकत नाही.,Negative
सुरुवातीला कथा सुंदर आणि आकर्षक वाटते; आकर्षक नाही असे एकूण चित्रपटाबद्दल म्हणता येणार नाही. पण पुढे पटकथा पूर्णपणे गोंधळते. त्यामुळे सुंदर क्षण असूनही चित्रपट आवडत नाही.,Negative
हा चित्रपट गोंधळलेला वाटतो; अनेक प्रसंग विनाकारण लांबवले आहेत.,Negative
"चित्रपट पाहताना चित्रपट पाहताना उत्सुकता कायम राहते, कारण छायाचित्रण खूप मनमोहक आहे.",Positive
हा अनुभव मनमोहक नसून खूप निराशाजनक आहे; चित्रपट पाहताना वारंवार कंटाळा आला.,Negative
चित्रपटातील कथा पाहून चित्रपटाचा अनुभव मनाला आनंद देतो; एकूण अनुभव आकर्षक आहे.,Positive
सुरुवात थोडी कंटाळवाणी आणि संथ आहे; कंटाळवाणा नाही असे एकूण चित्रपटाबद्दल म्हणता येणार नाही. मात्र दुसऱ्या अर्ध्यात चित्रपट पूर्णपणे बदलतो. अखेरीस हा अनुभव अजिबात असमाधानकारक राहत नाही.,Positive
भावनिक सादरीकरण आणि छायाचित्रण दोन्ही सुंदर आहेत; त्यामुळे कथा शेवटपर्यंत पकडून ठेवते.,Positive
आशादायक नाही असे अंतिम निष्कर्ष काढणे योग्य ठरणार नाही. सुरुवातीला कथा सुंदर आणि आकर्षक वाटते; मात्र नंतर कथा इतकी रटाळ होते. म्हणून चांगल्या सुरुवातीचा फारसा उपयोग होत नाही.,Negative
सुरुवातीपासूनच चित्रपट प्रेक्षकांना पकडून ठेवतो. कथेची मांडणी अशी आहे की पुढे काय होणार याची उत्सुकता कायम राहते. पटकथा घट्ट बांधलेली असल्यामुळे कुठेही कंटाळा येत नाही. कुटुंबासोबत थिएटरमध्ये जाऊन बघण्यासारखा सिनेमा आहे.,Positive
छायाचित्रण इतका दर्जेदार आहे की संगीताने प्रसंगांची परिणामकारकता वाढवली.,Positive
हा चित्रपट निराशाजनक वाटतो; चित्रपट पाहिल्यानंतर विशेष काही लक्षात राहत नाही.,Negative
संपूर्ण मांडणीमध्ये काहीही अप्रतिम वाटत नाही; मांडणी खूप सुमार आहे.,Negative
"चित्रपट पाहताना प्रत्येक फ्रेम विचारपूर्वक सादर केली आहे, कारण मुख्य कलाकाराचा अभिनय खूप हृदयस्पर्शी आहे.",Positive
"दिग्दर्शन चांगले नाही, अनेक दृश्ये अनावश्यक आहेत. यामुळे चित्रपटाचा प्रभाव कमी होतो.",Negative
चित्रपट अजिबात कंटाळवाणा नाही; उलट मांडणी खूप कौतुकास्पद आहे.,Positive
खराब नाही असे अंतिम निष्कर्ष काढणे योग्य ठरणार नाही. सुरुवात थोडी कंटाळवाणी आणि संथ आहे; तरी पुढे पात्रांचा प्रवास खूप प्रभावी होतो. म्हणून एकूण चित्रपट अपेक्षेपेक्षा सुंदर वाटतो.,Positive
चित्रपटाची विनोदी प्रसंग खूप कृत्रिम आहे आणि चित्रपट पाहताना वारंवार कंटाळा आला.,Negative
चित्रपटाची मुख्य कलाकाराचा अभिनय खूप गोंधळलेला आहे आणि शेवट निराश करतो.,Negative
"चित्रपट पाहताना चित्रपटाची लांबी त्रासदायक ठरते, कारण मुख्य कलाकाराचा अभिनय खूप निरस आहे.",Negative
कथानकमध्ये काहीही प्रभावी वाटत नाही; कथानक खूप अप्रभावी आहे.,Negative
"चित्रपट पाहताना वेळ वाया गेल्यासारखे वाटले, कारण पार्श्वसंगीत खूप अंदाजे आहे.",Negative
"चित्रपट पाहताना कुटुंबासोबत पाहण्यासारखा अनुभव मिळतो, कारण अभिनय खूप उत्कृष्ट आहे.",Positive
चित्रपटाने पूर्णपणे निराश केले; पार्श्वसंगीत विशेष निराशाजनक आहे.,Negative
कथा अजिबात अप्रतिम नाही आणि शेवट निराश करतो.,Negative
"चित्रपट पाहताना प्रत्येक फ्रेम विचारपूर्वक सादर केली आहे, कारण कथानक खूप आकर्षक आहे.",Positive
हा चित्रपट सुंदर वाटतो; दिग्दर्शकाने विषयाला योग्य न्याय दिला.,Positive
चित्रपटाची दृश्यरचना खूप उत्तम आहे आणि सर्व कलाकारांची कामगिरी लक्षात राहते.,Positive
वेळेचा आणि पैशांचा पूर्ण अपव्यय झाला. काही कलाकारांची निवडच चुकीची वाटते. वेळ असेल तरी बघू नका असा सल्ला देईन.,Negative
"चित्रपटात पटकथा उत्तम आहे, त्यामुळे चित्रपट पाहताना उत्सुकता कायम राहते.",Positive
कथा अजिबात दर्जेदार नाही आणि चित्रपट पाहताना वारंवार कंटाळा आला.,Negative
चित्रपट अजिबात निराशाजनक नाही; उलट पटकथा खूप सुंदर आहे.,Positive
मित्रांच्या सांगण्यावरून गेलो पण खूप पश्चाताप झाला. संगीत काहीच लक्षात राहण्यासारखं नाही.,Negative
भावनिक सादरीकरण इतका उत्तम आहे की संगीताने प्रसंगांची परिणामकारकता वाढवली.,Positive
पटकथा इतका कमकुवत आहे की संवाद कृत्रिम वाटतात.,Negative
थिएटरमध्ये अर्ध्यातच झोप येत होती. अभिनेत्यांचा अभिनय अगदीच सुमार आणि कृत्रिम वाटला. कथेत इतके लॉजिकल गॅप्स आहेत की डोकं दुखायला लागतं. थिएटरमध्ये पैसे खर्च करण्याआधी नक्की विचार करा.,Negative
हा चित्रपट अपेक्षेपेक्षा कंटाळवाणा निघाला आणि चित्रपट पाहिल्यानंतर विशेष काही लक्षात राहत नाही.,Negative
"एवढा भिकार सिनेमा अलीकडे बघितला नव्हता. कथेत काहीच नावीन्य नाही, सगळं आधीच पाहिलेलं वाटतं.",Negative
हा चित्रपट अपेक्षेपेक्षा फिका निघाला आणि चित्रपट पाहिल्यानंतर विशेष काही लक्षात राहत नाही.,Negative
सुरुवातीपासून शेवटपर्यंत चित्रपट अप्रभावी राहतो आणि संवाद कृत्रिम वाटतात.,Negative
या कलाकृतीमध्ये काहीही फिका वाटत नाही; कथा खूप उत्तम आहे.,Positive
चित्रपट अजिबात फिका नाही; उलट दृश्यरचना खूप मनमोहक आहे.,Positive
कथेपासून अभिनयापर्यंत सर्व काही कौतुकास्पद वाटले; वेळ कसा गेला कळले नाही.,Positive
चित्रपट अजिबात अप्रतिम नाही; उलट छायाचित्रण खूप कमकुवत आहे.,Negative
हा चित्रपट पुन्हा पाहावासा वाटत नाही कारण अभिनय खूप सुमार आहे.,Negative
कथामध्ये काहीही अप्रभावी वाटत नाही; छायाचित्रण खूप उत्तम आहे.,Positive
कथानकचा शेवट हृदयस्पर्शी असून कलाकारांनी भूमिका जिवंत केल्या आहेत.,Positive
कथानक इतका अंदाजे आहे की कलाकारांच्या कामगिरीत उत्साह जाणवत नाही.,Negative
चित्रपटाची विनोदी प्रसंग खूप निराशाजनक आहे आणि चित्रपट पाहिल्यानंतर विशेष काही लक्षात राहत नाही.,Negative
सुरुवातीला कथा सुंदर आणि आकर्षक वाटते; उत्तम नाही असे एकूण चित्रपटाबद्दल म्हणता येणार नाही. तरी दुसऱ्या अर्ध्यात दिग्दर्शन कमकुवत होते. म्हणून चांगल्या सुरुवातीचा फारसा उपयोग होत नाही.,Negative
हा अनुभव प्रभावी नसून खूप सुमार आहे; कथानकात नवीनपणा जाणवत नाही.,Negative
हा चित्रपट कृत्रिम वाटतो; चित्रपटाची लांबी त्रासदायक ठरते.,Negative
चित्रपटाची छायाचित्रण खूप दर्जेदार आहे आणि कथा शेवटपर्यंत पकडून ठेवते.,Positive
चित्रपटातील मुख्य कलाकाराचा अभिनय पाहून कथा शेवटपर्यंत पकडून ठेवते; एकूण अनुभव अप्रतिम आहे.,Positive
संपूर्ण चित्रपट कमकुवत आहे आणि संवाद मुळे अनुभव खराब झाला.,Negative
हा अनुभव वाईट नसून खूप प्रभावी आहे; वेळ कसा गेला कळले नाही.,Positive
अपेक्षाभंग करणारा नाही असे अंतिम निष्कर्ष काढणे योग्य ठरणार नाही. सुरुवात थोडी कंटाळवाणी आणि संथ आहे; तरी पुढे पात्रांचा प्रवास खूप प्रभावी होतो. चित्रपटाने निराश केले नाही; उलट तो खूप आवडला.,Positive
संपूर्ण मांडणीमध्ये काहीही वाईट वाटत नाही; छायाचित्रण खूप उत्तम आहे.,Positive
चित्रपटातील विनोदी प्रसंग पाहून कलाकारांच्या कामगिरीत उत्साह जाणवत नाही; एकूण अनुभव अंदाजे आहे.,Negative
हा अनुभव रंजक नसून खूप कंटाळवाणा आहे; कथानकात नवीनपणा जाणवत नाही.,Negative
चित्रपटाची अभिनय खूप अस्ताव्यस्त आहे आणि कथा पुढे सरकत नाही.,Negative
चित्रपटातील अभिनय पाहून शेवट निराश करतो; एकूण अनुभव निराशाजनक आहे.,Negative
चित्रपटाने पूर्णपणे निराश केले; छायाचित्रण विशेष कंटाळवाणा आहे.,Negative
सिनेमा बघून मन अगदी प्रसन्न झालं. संगीत कानाला खूप गोड लागतं आणि गाणी सुद्धा सुरेख आहेत.,Positive
या चित्रपटाची शेवट निराश करते आणि काही दृश्ये अजिबात गरजेची वाटत नाहीत.,Negative
सुरुवातीपासून शेवटपर्यंत चित्रपट हृदयस्पर्शी राहतो आणि दिग्दर्शकाने विषयाला योग्य न्याय दिला.,Positive
"चित्रपट पाहताना संवाद कृत्रिम वाटतात, कारण विनोदी प्रसंग खूप अप्रभावी आहे.",Negative
हा अनुभव सुंदर नसून खूप अप्रभावी आहे; कलाकारांच्या कामगिरीत उत्साह जाणवत नाही.,Negative
गाणी अजिबात लक्षात राहत नाहीत आणि पार्श्वसंगीतही कमजोर आहे. त्यामुळे एकूण अनुभव निराशाजनक झाला.,Negative
सुरुवातीला कथा सुंदर आणि आकर्षक वाटते; प्रभावी नाही असे एकूण चित्रपटाबद्दल म्हणता येणार नाही. तरी दुसऱ्या अर्ध्यात दिग्दर्शन कमकुवत होते. शेवटामुळे आधीचे चांगले क्षणही फिके पडतात.,Negative
कथेपासून अभिनयापर्यंत बरेच काही अस्ताव्यस्त वाटले; कथा पुढे सरकत नाही.,Negative
"सुरुवातीला कथा सुंदर आणि आकर्षक वाटते. मात्र नंतर कथा इतकी रटाळ होते, पण अखेरीस एकूण परिणाम कमकुवत ठरतो.",Negative
पूर्ण चित्रपटभर काहीच लॉजिक सापडलं नाही. मुख्य कलाकारांच्या भूमिकेत जीव ओतलेला जाणवलाच नाही. कथेत इतके लॉजिकल गॅप्स आहेत की डोकं दुखायला लागतं. पूर्णपणे टाइमपास वाया गेला असं वाटलं.,Negative
"सुरुवात थोडी कंटाळवाणी आणि संथ आहे; कमकुवत नाही असे एकूण चित्रपटाबद्दल म्हणता येणार नाही. पण पुढे कथा इतकी सुंदर उलगडते. शेवट अजिबात खराब नाही, उलट मनाला भिडतो.",Positive
हा चित्रपट पुन्हा पाहावासा वाटत नाही कारण कथा खूप कृत्रिम आहे.,Negative
कथा वेगळी असली तरी तिची मांडणी चांगली नाही. त्यामुळे पुन्हा पाहण्याची इच्छा होत नाही.,Negative
आशादायक नाही असे अंतिम निष्कर्ष काढणे योग्य ठरणार नाही. सुरुवातीला कथा सुंदर आणि आकर्षक वाटते; मात्र नंतर कथा इतकी रटाळ होते. शेवटामुळे आधीचे चांगले क्षणही फिके पडतात.,Negative
"चित्रपट पाहताना कथा पुढे सरकत नाही, कारण संगीत खूप सुमार आहे.",Negative
सिनेमागृहातून बाहेर पडताना चेहऱ्यावर हसू होतं. पटकथा घट्ट बांधलेली असल्यामुळे कुठेही कंटाळा येत नाही. सहकलाकारांचाही अभिनय तितकाच दमदार आहे. मराठी चित्रपटसृष्टीसाठी अभिमानास्पद कलाकृती आहे.,Positive
चित्रपटातील पार्श्वसंगीत पाहून अनेक प्रसंग विनाकारण लांबवले आहेत; एकूण अनुभव अतिशय संथ आहे.,Negative
"सिनेमागृहातून बाहेर पडताना खूप वैताग आला. गाणी उगाचच घुसवल्यासारखी वाटतात, कथेशी संबंधच नाही. वेळ असेल तरी बघू नका असा सल्ला देईन.",Negative
कथा अजिबात दर्जेदार नाही आणि शेवट निराश करतो.,Negative
चित्रपटाची संवाद खूप दर्जेदार आहे आणि भावनिक प्रसंग मनाला स्पर्श करतात.,Positive
गाणी अजिबात लक्षात राहत नाहीत आणि पार्श्वसंगीतही कमजोर आहे. एकूण अनुभव समाधानकारक वाटत नाही.,Negative
थिएटरमध्ये जाऊन बघण्यासारखा चित्रपट आहे हा. विनोदी प्रसंग अगदी सहज आणि टाइमिंगसह मांडले आहेत.,Positive
चित्रपट अजिबात दर्जेदार नाही; उलट मांडणी खूप कमकुवत आहे.,Negative
"सिनेमागृहातून बाहेर पडताना चेहऱ्यावर हसू होतं. कथेची मांडणी अशी आहे की पुढे काय होणार याची उत्सुकता कायम राहते. छायाचित्रण अप्रतिम आहे, प्रत्येक फ्रेम एखाद्या चित्रासारखी वाटते.",Positive
हा चित्रपट अपेक्षेपेक्षा अतिशय संथ निघाला आणि चित्रपटाची लांबी त्रासदायक ठरते.,Negative
संपूर्ण चित्रपट अतिशय संथ आहे आणि छायाचित्रण मुळे अनुभव खराब झाला.,Negative
हा चित्रपट अपेक्षेपेक्षा अतिशय संथ निघाला आणि अनेक प्रसंग विनाकारण लांबवले आहेत.,Negative
यशस्वी नाही असे अंतिम निष्कर्ष काढणे योग्य ठरणार नाही. सुरुवातीला कथा सुंदर आणि आकर्षक वाटते; मात्र नंतर कथा इतकी रटाळ होते. अखेरीस एकूण परिणाम कमकुवत ठरतो.,Negative
हा चित्रपट पुन्हा पाहावासा वाटतो कारण संगीत खूप नैसर्गिक आहे.,Positive
"चित्रपट पाहताना अनेक प्रसंग विनाकारण लांबवले आहेत, कारण भावनिक सादरीकरण खूप कमकुवत आहे.",Negative
सुरुवातीला कथा सुंदर आणि आकर्षक वाटते; मात्र नंतर कथा इतकी रटाळ होते. शेवटी चित्रपट समाधान देत नाही.,Negative
सिनेमा बघून मन अगदी प्रसन्न झालं. कथेची मांडणी अशी आहे की पुढे काय होणार याची उत्सुकता कायम राहते. सर्वांना शिफारस करेन असा हा चित्रपट आहे.,Positive
अभिनय इतका कृत्रिम आहे की चित्रपटाची लांबी त्रासदायक ठरते.,Negative
चित्रपटातील पार्श्वसंगीत पाहून शेवट समाधानकारक वाटतो; एकूण अनुभव अप्रतिम आहे.,Positive
संपूर्ण चित्रपट उत्कृष्ट आहे आणि कथा मुळे अनुभव आणखी सुंदर झाला.,Positive
सिनेमा सुरुवातीपासून शेवटपर्यंत खिळवून ठेवतो. शेवट अगदी समाधानकारक आणि हृदयस्पर्शी झाला आहे. सहकलाकारांचाही अभिनय तितकाच दमदार आहे.,Positive
"उगाच हाईप केलेला सिनेमा, प्रत्यक्षात काही दम नाही. पार्श्वसंगीत उगाचच मोठ्या आवाजात आणि त्रासदायक वाटतं. पटकथा खूपच विस्कळीत असल्यामुळे कथा नीट समजतच नाही. अपेक्षा घेऊन गेलात तर नक्कीच निराश व्हाल.",Negative
सुरुवातीपासून शेवटपर्यंत चित्रपट कौतुकास्पद राहतो आणि कुटुंबासोबत पाहण्यासारखा अनुभव मिळतो.,Positive
या चित्रपटाची शेवट मनाला भिडते आणि कथा शेवटपर्यंत पकडून ठेवते.,Positive
या चित्रपटाची पार्श्वसंगीत निराश करते आणि पटकथा शेवटपर्यंत प्रभावी राहत नाही.,Negative
मराठी प्रेक्षकांची निराशा करणारा चित्रपट आहे हा. भावनिक प्रसंगांमध्ये सुद्धा काहीच परिणाम जाणवत नाही. पटकथा खूपच विस्कळीत असल्यामुळे कथा नीट समजतच नाही.,Negative
"चित्रपटात मांडणी उत्तम आहे, त्यामुळे चित्रपट पाहताना उत्सुकता कायम राहते.",Positive
चित्रपट अजिबात कंटाळवाणा नाही; उलट पार्श्वसंगीत खूप उत्कृष्ट आहे.,Positive
चित्रपट अजिबात उत्तम नाही; उलट संगीत खूप अस्ताव्यस्त आहे.,Negative
"हा सिनेमा अपेक्षेपेक्षा वाईट नाही, तो नक्कीच पाहण्यासारखा आहे. हा अनुभव नक्कीच समाधानकारक वाटतो.",Positive
हा चित्रपट अपेक्षेपेक्षा अस्ताव्यस्त निघाला आणि संवाद कृत्रिम वाटतात.,Negative
मनाला भिडणारा नाही असे अंतिम निष्कर्ष काढणे योग्य ठरणार नाही. सुरुवातीला कथा सुंदर आणि आकर्षक वाटते; मात्र नंतर कथा इतकी रटाळ होते. एकूण चित्रपट सकारात्मक कारणांसाठी लक्षात राहत नाही.,Negative
मनाला न पटणारा नाही असे अंतिम निष्कर्ष काढणे योग्य ठरणार नाही. सुरुवात थोडी कंटाळवाणी आणि संथ आहे; मात्र दुसऱ्या अर्ध्यात चित्रपट पूर्णपणे बदलतो. अखेरीस हा अनुभव अजिबात असमाधानकारक राहत नाही.,Positive
खूप दिवसांनी असा जबरदस्त चित्रपट पाहिला. व्हीएफएक्स दर्जेदार असून हॉलिवूडच्या तोडीचे वाटतात. पटकथा घट्ट बांधलेली असल्यामुळे कुठेही कंटाळा येत नाही.,Positive
सुरुवात थोडी कंटाळवाणी आणि संथ आहे; फारसा वाईट नाही असे एकूण चित्रपटाबद्दल म्हणता येणार नाही. पण पुढे कथा इतकी सुंदर उलगडते. एकूण परिणाम सकारात्मक आणि समाधान देणारा आहे.,Positive
समाधानकारक नाही असे अंतिम निष्कर्ष काढणे योग्य ठरणार नाही. सुरुवातीला कथा सुंदर आणि आकर्षक वाटते; मात्र नंतर कथा इतकी रटाळ होते. शेवटामुळे आधीचे चांगले क्षणही फिके पडतात.,Negative
हा अनुभव कंटाळवाणा नसून खूप हृदयस्पर्शी आहे; प्रत्येक फ्रेम विचारपूर्वक सादर केली आहे.,Positive
"चित्रपट पाहताना भावनिक प्रसंगांचा परिणाम होत नाही, कारण दिग्दर्शन खूप गोंधळलेला आहे.",Negative
"चित्रपटात शेवट कमकुवत आहे, त्यामुळे वेळ वाया गेल्यासारखे वाटले.",Negative
"चित्रपटात मांडणी उत्तम आहे, त्यामुळे सर्व कलाकारांची कामगिरी लक्षात राहते.",Positive
सुरुवातीला कथा सुंदर आणि आकर्षक वाटते; यशस्वी नाही असे एकूण चित्रपटाबद्दल म्हणता येणार नाही. तरी दुसऱ्या अर्ध्यात दिग्दर्शन कमकुवत होते. एकूण चित्रपट सकारात्मक कारणांसाठी लक्षात राहत नाही.,Negative
अशा चित्रपटांमुळे मराठी सिनेमाची बदनामी होते. छायाचित्रण अगदीच सामान्य दर्जाचं आहे. पार्श्वसंगीत उगाचच मोठ्या आवाजात आणि त्रासदायक वाटतं.,Negative
हा चित्रपट अपेक्षेपेक्षा कमकुवत निघाला आणि काही दृश्ये अजिबात गरजेची वाटत नाहीत.,Negative
हा चित्रपट अपेक्षेपेक्षा निराशाजनक निघाला आणि कथा पुढे सरकत नाही.,Negative
कथामध्ये काहीही निराशाजनक वाटत नाही; कथानक खूप मनमोहक आहे.,Positive
मराठी प्रेक्षकांची निराशा करणारा चित्रपट आहे हा. संगीत काहीच लक्षात राहण्यासारखं नाही. दिग्दर्शन अगदीच कमकुवत असून प्रसंगांची मांडणी विस्कळीत आहे. OTT वर आला तरी बघावासा वाटत नाही.,Negative
"सिनेमा सुरुवातीपासून शेवटपर्यंत खिळवून ठेवतो. छायाचित्रण अप्रतिम आहे, प्रत्येक फ्रेम एखाद्या चित्रासारखी वाटते. कुटुंबासोबत थिएटरमध्ये जाऊन बघण्यासारखा सिनेमा आहे.",Positive
यशस्वी नाही असे अंतिम निष्कर्ष काढणे योग्य ठरणार नाही. सुरुवातीला कथा सुंदर आणि आकर्षक वाटते; मात्र नंतर कथा इतकी रटाळ होते. एकूण अनुभव मात्र निराशाजनक आहे.,Negative
कथेपासून अभिनयापर्यंत सर्व काही सुंदर वाटले; शेवट समाधानकारक वाटतो.,Positive
चित्रपटाची मांडणी खूप हृदयस्पर्शी आहे आणि कुटुंबासोबत पाहण्यासारखा अनुभव मिळतो.,Positive
वाईट नाही असे अंतिम निष्कर्ष काढणे योग्य ठरणार नाही. सुरुवात थोडी कंटाळवाणी आणि संथ आहे; पण पुढे कथा इतकी सुंदर उलगडते. उणिवा असूनही शेवटी चित्रपट मन जिंकून घेतो.,Positive
सुरुवात थोडी कंटाळवाणी आणि संथ आहे; फारसा वाईट नाही असे एकूण चित्रपटाबद्दल म्हणता येणार नाही. तरी पुढे पात्रांचा प्रवास खूप प्रभावी होतो. चित्रपटाने निराश केले नाही; उलट तो खूप आवडला.,Positive
या चित्रपटाची छायाचित्रण मनाला भिडते आणि सर्व कलाकारांची कामगिरी लक्षात राहते.,Positive
चित्रपटातील पटकथा पाहून पटकथा शेवटपर्यंत प्रभावी राहत नाही; एकूण अनुभव गोंधळलेला आहे.,Negative
चित्रपटाने अजिबात निराश केले नाही; दृश्यरचना विशेष अप्रतिम आहे.,Positive
हा अनुभव सुंदर नसून खूप गोंधळलेला आहे; चित्रपट पाहिल्यानंतर विशेष काही लक्षात राहत नाही.,Negative
संवाद आणि मुख्य कलाकाराचा अभिनय दोन्ही कमकुवत आहेत; त्यामुळे अनेक प्रसंग विनाकारण लांबवले आहेत.,Negative
कथा अजिबात रंजक नाही आणि चित्रपट पाहताना वारंवार कंटाळा आला.,Negative
संपूर्ण चित्रपट अंदाजे आहे आणि छायाचित्रण मुळे अनुभव खराब झाला.,Negative
"चित्रपटात मुख्य कलाकाराचा अभिनय उत्तम आहे, त्यामुळे कुटुंबासोबत पाहण्यासारखा अनुभव मिळतो.",Positive
हा चित्रपट अपेक्षेपेक्षा प्रभावी निघाला आणि कुटुंबासोबत पाहण्यासारखा अनुभव मिळतो.,Positive
"धमाल आहे एकदम, मजा आली. छायाचित्रण अप्रतिम आहे, प्रत्येक फ्रेम एखाद्या चित्रासारखी वाटते.",Positive
"पैसे वाया गेले असं वाटलं सिनेमा बघून. विनोदी प्रसंग हास्यास्पद वाटतात, हसू येण्याऐवजी वैताग येतो. भावनिक प्रसंगांमध्ये सुद्धा काहीच परिणाम जाणवत नाही.",Negative
सुरुवात थोडी कंटाळवाणी आणि संथ आहे; अपेक्षाभंग करणारा नाही असे एकूण चित्रपटाबद्दल म्हणता येणार नाही. पण पुढे कथा इतकी सुंदर उलगडते. म्हणून एकूण चित्रपट अपेक्षेपेक्षा सुंदर वाटतो.,Positive
चित्रपट अजिबात सुंदर नाही; उलट संगीत खूप कमकुवत आहे.,Negative
हा चित्रपट सुंदर वाटतो; वेळ कसा गेला कळले नाही.,Positive
"चित्रपट पाहताना कथानकात नवीनपणा जाणवत नाही, कारण पटकथा खूप गोंधळलेला आहे.",Negative
"चित्रपटात दिग्दर्शन उत्तम आहे, त्यामुळे कलाकारांनी भूमिका जिवंत केल्या आहेत.",Positive
चित्रपटाने पूर्णपणे निराश केले; अभिनय विशेष सुमार आहे.,Negative
"अभिनय निराशाजनक नाही, कलाकारांनी भूमिका छान साकारल्या आहेत. त्यामुळे एकूण अनुभव खूप चांगला झाला.",Positive
हा चित्रपट कंटाळवाणा वाटतो; शेवट निराश करतो.,Negative
चित्रपटाची विनोदी प्रसंग खूप उत्तम आहे आणि चित्रपट पाहताना उत्सुकता कायम राहते.,Positive
हा चित्रपट अतिशय संथ वाटतो; चित्रपटाची लांबी त्रासदायक ठरते.,Negative
चित्रपटाने अजिबात निराश केले नाही; मुख्य कलाकाराचा अभिनय विशेष उत्तम आहे.,Positive
हा चित्रपट अप्रभावी वाटतो; कथानकात नवीनपणा जाणवत नाही.,Negative
वेळेचा आणि पैशांचा पूर्ण अपव्यय झाला. मुख्य कलाकारांच्या भूमिकेत जीव ओतलेला जाणवलाच नाही. काही कलाकारांची निवडच चुकीची वाटते. संगीत काहीच लक्षात राहण्यासारखं नाही. अपेक्षा घेऊन गेलात तर नक्कीच निराश व्हाल.,Negative
खूप दिवसांनी असा जबरदस्त चित्रपट पाहिला. दिग्दर्शनातली बारकाई प्रत्येक दृश्यात जाणवते. संवाद खूप प्रभावी असून थेट मनाला भिडतात. अॅक्शन सीन्स एकदम जबरदस्त आणि रिअलिस्टिक वाटतात. थिएटरमध्ये जाऊन नक्की एन्जॉय करा.,Positive
कथानकचा कथा कृत्रिम असून पटकथा शेवटपर्यंत प्रभावी राहत नाही.,Negative
अभिनय इतका उत्तम आहे की संगीताने प्रसंगांची परिणामकारकता वाढवली.,Positive
हा चित्रपट अपेक्षेपेक्षा कंटाळवाणा निघाला आणि अनेक प्रसंग विनाकारण लांबवले आहेत.,Negative
या चित्रपटाची पार्श्वसंगीत मनाला भिडते आणि चित्रपट पाहताना उत्सुकता कायम राहते.,Positive
सिनेमा सुरुवातीपासून शेवटपर्यंत खिळवून ठेवतो. अभिनेत्यांचा अभिनय खूपच नैसर्गिक आणि प्रभावी वाटला. गाण्यांचे शब्द आणि चाल दोन्ही मनाला भावतात. मराठी चित्रपटसृष्टीसाठी अभिमानास्पद कलाकृती आहे.,Positive
पार्श्वसंगीत इतका कमकुवत आहे की चित्रपट पाहिल्यानंतर विशेष काही लक्षात राहत नाही.,Negative
चित्रपटातील विनोदी प्रसंग पाहून वेळ कसा गेला कळले नाही; एकूण अनुभव हृदयस्पर्शी आहे.,Positive
कथा अजिबात मनमोहक नाही आणि चित्रपट पाहिल्यानंतर विशेष काही लक्षात राहत नाही.,Negative
"चित्रपट पाहताना कथा शेवटपर्यंत पकडून ठेवते, कारण दिग्दर्शन खूप उत्तम आहे.",Positive
चित्रपटातील दिग्दर्शन पाहून अनेक प्रसंग विनाकारण लांबवले आहेत; एकूण अनुभव सुमार आहे.,Negative
चित्रपटाने चित्रपट पाहताना वारंवार कंटाळा आला आणि पार्श्वसंगीत खरोखर कंटाळवाणा आहे.,Negative
मनाला भिडणारा नाही असे अंतिम निष्कर्ष काढणे योग्य ठरणार नाही. सुरुवातीला कथा सुंदर आणि आकर्षक वाटते; तरी दुसऱ्या अर्ध्यात दिग्दर्शन कमकुवत होते. एकूण परिणाम वाईट आणि असमाधानकारक राहतो.,Negative
या चित्रपटाची कथा निराश करते आणि वेळ वाया गेल्यासारखे वाटले.,Negative
चित्रपटमध्ये काहीही फिका वाटत नाही; छायाचित्रण खूप प्रभावी आहे.,Positive
"चित्रपटात मुख्य कलाकाराचा अभिनय कमकुवत आहे, त्यामुळे चित्रपटाची लांबी त्रासदायक ठरते.",Negative
संवाद इतका गोंधळलेला आहे की शेवट निराश करतो.,Negative
"सिनेमागृहातून बाहेर पडताना खूप वैताग आला. विनोदी प्रसंग हास्यास्पद वाटतात, हसू येण्याऐवजी वैताग येतो. अॅक्शन सीन्स अगदीच बनावट आणि कंटाळवाणे वाटतात. थिएटरमध्ये पैसे खर्च करण्याआधी नक्की विचार करा.",Negative
कथाचा भावनिक सादरीकरण आकर्षक असून प्रत्येक प्रसंग लक्षात राहतो.,Positive
मराठी प्रेक्षकांची निराशा करणारा चित्रपट आहे हा. अॅक्शन सीन्स अगदीच बनावट आणि कंटाळवाणे वाटतात. काही कलाकारांची निवडच चुकीची वाटते. या चित्रपटाला दोन पैकी अर्धा स्टार सुद्धा जास्त आहे.,Negative
सुरुवातीला कथा सुंदर आणि आकर्षक वाटते; चांगला नाही असे एकूण चित्रपटाबद्दल म्हणता येणार नाही. तरी दुसऱ्या अर्ध्यात दिग्दर्शन कमकुवत होते. शेवटामुळे आधीचे चांगले क्षणही फिके पडतात.,Negative
"सुरुवातीला कथा सुंदर आणि आकर्षक वाटते. मात्र नंतर कथा इतकी रटाळ होते, पण एकूण चित्रपट सकारात्मक कारणांसाठी लक्षात राहत नाही.",Negative
अगदीच वाईट्ट आहे गड्या हा सिनेमा. सहकलाकारांचा अभिनयही अगदीच सामान्य आहे.,Negative
सुरुवातीला कथा सुंदर आणि आकर्षक वाटते; तरी दुसऱ्या अर्ध्यात दिग्दर्शन कमकुवत होते. एकूण चित्रपट सकारात्मक कारणांसाठी लक्षात राहत नाही.,Negative
हा चित्रपट उत्तम वाटतो; शेवट समाधानकारक वाटतो.,Positive
एकदम झकास सिनेमा आहे भाऊ! मुख्य कलाकारांनी आपापल्या भूमिका उत्कृष्टपणे साकारल्या आहेत.,Positive
सुरुवातीपासून शेवटपर्यंत चित्रपट अतिशय संथ राहतो आणि चित्रपट पाहताना वारंवार कंटाळा आला.,Negative
हा अनुभव फिका नसून खूप हृदयस्पर्शी आहे; शेवट समाधानकारक वाटतो.,Positive
सुरुवातीला कथा सुंदर आणि आकर्षक वाटते; आशादायक नाही असे एकूण चित्रपटाबद्दल म्हणता येणार नाही. तरी दुसऱ्या अर्ध्यात दिग्दर्शन कमकुवत होते. त्यामुळे अंतिम अनुभव अपेक्षाभंग करणारा ठरतो.,Negative
चित्रपटाने प्रत्येक फ्रेम विचारपूर्वक सादर केली आहे आणि छायाचित्रण खरोखर हृदयस्पर्शी आहे.,Positive
"एकदम भारी चित्रपट, अपेक्षेपेक्षा जास्त आवडला. अभिनेत्यांचा अभिनय खूपच नैसर्गिक आणि प्रभावी वाटला. भावनिक प्रसंगांमध्ये डोळ्यात पाणी आल्याशिवाय राहत नाही. एकदा तरी नक्की बघावा असा हा चित्रपट आहे.",Positive
हा चित्रपट पुन्हा पाहावासा वाटतो कारण संवाद खूप प्रभावी आहे.,Positive
"चित्रपट पाहताना वेळ कसा गेला कळले नाही, कारण छायाचित्रण खूप हृदयस्पर्शी आहे.",Positive
सुरुवात थोडी कंटाळवाणी आणि संथ आहे; मनाला न पटणारा नाही असे एकूण चित्रपटाबद्दल म्हणता येणार नाही. मात्र दुसऱ्या अर्ध्यात चित्रपट पूर्णपणे बदलतो. सुरुवातीच्या उणिवा असूनही हा चित्रपट लक्षात राहतो.,Positive
चित्रपटातील शेवट पाहून कथा पुढे सरकत नाही; एकूण अनुभव गोंधळलेला आहे.,Negative
संपूर्ण चित्रपट कृत्रिम आहे आणि पटकथा मुळे अनुभव खराब झाला.,Negative
सुरुवातीला कथा सुंदर आणि आकर्षक वाटते; उत्तम नाही असे एकूण चित्रपटाबद्दल म्हणता येणार नाही. पण पुढे पटकथा पूर्णपणे गोंधळते. त्यामुळे हा चित्रपट समाधानकारक म्हणता येत नाही.,Negative
हा अनुभव कंटाळवाणा नसून खूप उत्कृष्ट आहे; वेळ कसा गेला कळले नाही.,Positive
या कलाकृतीमध्ये काहीही दर्जेदार वाटत नाही; संगीत खूप निराशाजनक आहे.,Negative
"चित्रपट संथ नाही असे सुरुवातीला वाटले, पण नंतर वेग पूर्णपणे कमी झाला. त्यामुळे चित्रपट फारसा प्रभावी वाटत नाही.",Negative
हा चित्रपट पुन्हा पाहावासा वाटतो कारण शेवट खूप हृदयस्पर्शी आहे.,Positive
कमकुवत नाही असे अंतिम निष्कर्ष काढणे योग्य ठरणार नाही. सुरुवात थोडी कंटाळवाणी आणि संथ आहे; पण पुढे कथा इतकी सुंदर उलगडते. त्यामुळे सुरुवातीचे नकारात्मक संकेत दिशाभूल करणारे ठरतात.,Positive
चित्रपटाची अभिनय खूप उत्कृष्ट आहे आणि प्रत्येक प्रसंग लक्षात राहतो.,Positive
संपूर्ण मांडणीचा संगीत फिका असून शेवट निराश करतो.,Negative
यशस्वी नाही असे अंतिम निष्कर्ष काढणे योग्य ठरणार नाही. सुरुवातीला कथा सुंदर आणि आकर्षक वाटते; तरी दुसऱ्या अर्ध्यात दिग्दर्शन कमकुवत होते. एकूण चित्रपट सकारात्मक कारणांसाठी लक्षात राहत नाही.,Negative
चित्रपटाची मुख्य कलाकाराचा अभिनय खूप नैसर्गिक आहे आणि दिग्दर्शकाने विषयाला योग्य न्याय दिला.,Positive
चित्रपटाची शेवट खूप अप्रभावी आहे आणि काही दृश्ये अजिबात गरजेची वाटत नाहीत.,Negative
सुरुवात थोडी कंटाळवाणी आणि संथ आहे; मात्र दुसऱ्या अर्ध्यात चित्रपट पूर्णपणे बदलतो. चित्रपटाने निराश केले नाही; उलट तो खूप आवडला.,Positive
मित्रांच्या सांगण्यावरून गेलो पण खूप पश्चाताप झाला. मुख्य कलाकारांच्या भूमिकेत जीव ओतलेला जाणवलाच नाही. छायाचित्रण अगदीच सामान्य दर्जाचं आहे. व्हीएफएक्स इतके स्वस्त वाटतात की हसू येतं.,Negative
या कलाकृतीचा दिग्दर्शन सुंदर असून प्रत्येक प्रसंग लक्षात राहतो.,Positive
सुरुवात थोडी कंटाळवाणी आणि संथ आहे; अपेक्षाभंग करणारा नाही असे एकूण चित्रपटाबद्दल म्हणता येणार नाही. पण पुढे कथा इतकी सुंदर उलगडते. चित्रपटाने निराश केले नाही; उलट तो खूप आवडला.,Positive
कथामध्ये काहीही प्रभावी वाटत नाही; संगीत खूप गोंधळलेला आहे.,Negative
हा अनुभव उत्कृष्ट नसून खूप निराशाजनक आहे; चित्रपट पाहताना वारंवार कंटाळा आला.,Negative
मांडणी आणि दिग्दर्शन दोन्ही निरस आहेत; त्यामुळे चित्रपट पाहिल्यानंतर विशेष काही लक्षात राहत नाही.,Negative
"खूप दिवसांनी असा जबरदस्त चित्रपट पाहिला. अभिनेत्यांचा अभिनय खूपच नैसर्गिक आणि प्रभावी वाटला. छायाचित्रण अप्रतिम आहे, प्रत्येक फ्रेम एखाद्या चित्रासारखी वाटते. दिग्दर्शकाने प्रत्येक प्रसंग अतिशय सुंदर पद्धतीने मांडला आहे. पुन्हा एकदा बघायला नक्कीच आवडेल.",Positive
सुरुवातीला कथा सुंदर आणि आकर्षक वाटते; समाधानकारक नाही असे एकूण चित्रपटाबद्दल म्हणता येणार नाही. पण पुढे पटकथा पूर्णपणे गोंधळते. एकूण परिणाम वाईट आणि असमाधानकारक राहतो.,Negative
सुरुवातीपासून शेवटपर्यंत चित्रपट आकर्षक राहतो आणि शेवट समाधानकारक वाटतो.,Positive
सुरुवात थोडी कंटाळवाणी आणि संथ आहे; फारसा वाईट नाही असे एकूण चित्रपटाबद्दल म्हणता येणार नाही. पण पुढे कथा इतकी सुंदर उलगडते. सुरुवातीच्या उणिवा असूनही हा चित्रपट लक्षात राहतो.,Positive
कथेपासून अभिनयापर्यंत सर्व काही प्रभावी वाटले; चित्रपटाचा अनुभव मनाला आनंद देतो.,Positive
सुरुवातीला कथा सुंदर आणि आकर्षक वाटते; मनाला भिडणारा नाही असे एकूण चित्रपटाबद्दल म्हणता येणार नाही. पण पुढे पटकथा पूर्णपणे गोंधळते. एकूण चित्रपट सकारात्मक कारणांसाठी लक्षात राहत नाही.,Negative
या कलाकृतीमध्ये काहीही उत्तम वाटत नाही; शेवट खूप अप्रभावी आहे.,Negative
सुरुवातीला कथा सुंदर आणि आकर्षक वाटते; आकर्षक नाही असे एकूण चित्रपटाबद्दल म्हणता येणार नाही. तरी दुसऱ्या अर्ध्यात दिग्दर्शन कमकुवत होते. म्हणून चांगल्या सुरुवातीचा फारसा उपयोग होत नाही.,Negative
फुकट गेला वेळ यार पूर्ण.,Negative
चित्रपटाने अजिबात निराश केले नाही; पटकथा विशेष मनमोहक आहे.,Positive
वाईट नाही असे अंतिम निष्कर्ष काढणे योग्य ठरणार नाही. सुरुवात थोडी कंटाळवाणी आणि संथ आहे; मात्र दुसऱ्या अर्ध्यात चित्रपट पूर्णपणे बदलतो. सुरुवातीच्या उणिवा असूनही हा चित्रपट लक्षात राहतो.,Positive
संगीत विशेष आवडले नाही आणि गाणी कथेत बसत नाहीत. त्यामुळे एकूण अनुभव निराशाजनक झाला.,Negative
प्रभावी नाही असे अंतिम निष्कर्ष काढणे योग्य ठरणार नाही. सुरुवातीला कथा सुंदर आणि आकर्षक वाटते; मात्र नंतर कथा इतकी रटाळ होते. एकूण चित्रपट सकारात्मक कारणांसाठी लक्षात राहत नाही.,Negative
हा चित्रपट पुन्हा पाहावासा वाटत नाही कारण पार्श्वसंगीत खूप कंटाळवाणा आहे.,Negative
पटकथा कमकुवत नाही आणि प्रसंगांची मांडणी चांगली आहे. चित्रपट पाहताना उत्सुकता कायम राहते.,Positive
"चित्रपट पाहताना चित्रपटाचा अनुभव मनाला आनंद देतो, कारण मुख्य कलाकाराचा अभिनय खूप उत्तम आहे.",Positive
चित्रपट अजिबात रंजक नाही; उलट कथा खूप अप्रभावी आहे.,Negative
या वर्षीचा सर्वोत्तम मराठी चित्रपट असं म्हणता येईल. भावनिक प्रसंगांमध्ये डोळ्यात पाणी आल्याशिवाय राहत नाही. व्हीएफएक्स दर्जेदार असून हॉलिवूडच्या तोडीचे वाटतात. कुटुंबासोबत थिएटरमध्ये जाऊन बघण्यासारखा सिनेमा आहे.,Positive
हा चित्रपट अपेक्षेपेक्षा अप्रभावी निघाला आणि भावनिक प्रसंगांचा परिणाम होत नाही.,Negative
मांडणी आणि संवाद दोन्ही रंजक आहेत; त्यामुळे वेळ कसा गेला कळले नाही.,Positive
चित्रपटचा पार्श्वसंगीत अप्रभावी असून कलाकारांच्या कामगिरीत उत्साह जाणवत नाही.,Negative
मित्रांच्या सांगण्यावरून गेलो पण खूप पश्चाताप झाला. मुख्य कलाकारांच्या भूमिकेत जीव ओतलेला जाणवलाच नाही. या चित्रपटाला दोन पैकी अर्धा स्टार सुद्धा जास्त आहे.,Negative
कथानक आणि दृश्यरचना दोन्ही फिका आहेत; त्यामुळे कलाकारांच्या कामगिरीत उत्साह जाणवत नाही.,Negative
समाधानकारक नाही असे अंतिम निष्कर्ष काढणे योग्य ठरणार नाही. सुरुवातीला कथा सुंदर आणि आकर्षक वाटते; तरी दुसऱ्या अर्ध्यात दिग्दर्शन कमकुवत होते. शेवटी चित्रपट समाधान देत नाही.,Negative
"शेवट गोंधळात टाकणारा नाही, तो व्यवस्थित मांडलेला आहे. हा अनुभव नक्कीच समाधानकारक वाटतो.",Positive
सुरुवातीला कथा सुंदर आणि आकर्षक वाटते; यशस्वी नाही असे एकूण चित्रपटाबद्दल म्हणता येणार नाही. मात्र नंतर कथा इतकी रटाळ होते. अखेरीस एकूण परिणाम कमकुवत ठरतो.,Negative
या कलाकृतीमध्ये काहीही सुंदर वाटत नाही; भावनिक सादरीकरण खूप अस्ताव्यस्त आहे.,Negative
काहीच खास नव्हतं या चित्रपटात. भावनिक प्रसंगांमध्ये सुद्धा काहीच परिणाम जाणवत नाही. थिएटरमध्ये पैसे खर्च करण्याआधी नक्की विचार करा.,Negative
"सुरुवात थोडी कंटाळवाणी आणि संथ आहे. तरी पुढे पात्रांचा प्रवास खूप प्रभावी होतो, पण एकूण अनुभव वाईट नाही, उलट समाधानकारक आहे.",Positive
हा चित्रपट पुन्हा पाहावासा वाटतो कारण दृश्यरचना खूप मनमोहक आहे.,Positive
पार्श्वसंगीत आणि दृश्यरचना दोन्ही कंटाळवाणा आहेत; त्यामुळे शेवट निराश करतो.,Negative
चित्रपट अजिबात सुंदर नाही; उलट अभिनय खूप निरस आहे.,Negative
"सुरुवात थोडी कंटाळवाणी आणि संथ आहे. पण पुढे कथा इतकी सुंदर उलगडते, पण एकूण परिणाम सकारात्मक आणि समाधान देणारा आहे.",Positive
छायाचित्रण इतका उत्कृष्ट आहे की कथा शेवटपर्यंत पकडून ठेवते.,Positive
हा चित्रपट पुन्हा पाहावासा वाटतो कारण विनोदी प्रसंग खूप मनमोहक आहे.,Positive
चित्रपटाची मुख्य कलाकाराचा अभिनय खूप अंदाजे आहे आणि भावनिक प्रसंगांचा परिणाम होत नाही.,Negative
चित्रपट अजिबात उत्तम नाही; उलट दिग्दर्शन खूप कंटाळवाणा आहे.,Negative
चित्रपटाने अजिबात निराश केले नाही; अभिनय विशेष प्रभावी आहे.,Positive
हा चित्रपट पुन्हा पाहावासा वाटत नाही कारण छायाचित्रण खूप अतिशय संथ आहे.,Negative
या चित्रपटाची संवाद मनाला भिडते आणि कलाकारांनी भूमिका जिवंत केल्या आहेत.,Positive
सुरुवातीला कथा सुंदर आणि आकर्षक वाटते; आकर्षक नाही असे एकूण चित्रपटाबद्दल म्हणता येणार नाही. मात्र नंतर कथा इतकी रटाळ होते. अखेरीस एकूण परिणाम कमकुवत ठरतो.,Negative
"पैसे वाया गेले असं वाटलं सिनेमा बघून. दिग्दर्शन अगदीच कमकुवत असून प्रसंगांची मांडणी विस्कळीत आहे. विनोदी प्रसंग हास्यास्पद वाटतात, हसू येण्याऐवजी वैताग येतो. मराठी सिनेमाच्या नावाला कमीपणा आणणारा चित्रपट आहे.",Negative
चित्रपटाची भावनिक सादरीकरण खूप दर्जेदार आहे आणि चित्रपटाचा अनुभव मनाला आनंद देतो.,Positive
मित्रांसोबत बघितला आणि सगळ्यांनाच खूप आवडला. दिग्दर्शनातली बारकाई प्रत्येक दृश्यात जाणवते. सर्वांना शिफारस करेन असा हा चित्रपट आहे.,Positive
चित्रपटाची दिग्दर्शन खूप उत्कृष्ट आहे आणि दिग्दर्शकाने विषयाला योग्य न्याय दिला.,Positive
संपूर्ण चित्रपट हृदयस्पर्शी आहे आणि छायाचित्रण मुळे अनुभव आणखी सुंदर झाला.,Positive
सुरुवात थोडी कंटाळवाणी आणि संथ आहे; वाईट नाही असे एकूण चित्रपटाबद्दल म्हणता येणार नाही. पण पुढे कथा इतकी सुंदर उलगडते. चित्रपटाने निराश केले नाही; उलट तो खूप आवडला.,Positive
चित्रपटाची भावनिक सादरीकरण खूप निराशाजनक आहे आणि भावनिक प्रसंगांचा परिणाम होत नाही.,Negative
या कलाकृतीमध्ये काहीही दर्जेदार वाटत नाही; विनोदी प्रसंग खूप अतिशय संथ आहे.,Negative
सुरुवातीपासून शेवटपर्यंत चित्रपट प्रभावी राहतो आणि चित्रपटाचा अनुभव मनाला आनंद देतो.,Positive
पटकथा इतका प्रभावी आहे की चित्रपट पाहताना उत्सुकता कायम राहते.,Positive
कथेपासून अभिनयापर्यंत सर्व काही मनमोहक वाटले; प्रत्येक प्रसंग लक्षात राहतो.,Positive
सुरुवात थोडी कंटाळवाणी आणि संथ आहे; निराशाजनक नाही असे एकूण चित्रपटाबद्दल म्हणता येणार नाही. तरी पुढे पात्रांचा प्रवास खूप प्रभावी होतो. सुरुवातीच्या उणिवा असूनही हा चित्रपट लक्षात राहतो.,Positive
संपूर्ण मांडणीचा पार्श्वसंगीत प्रभावी असून प्रत्येक फ्रेम विचारपूर्वक सादर केली आहे.,Positive
थिएटरमध्ये अर्ध्यातच झोप येत होती. कथेत इतके लॉजिकल गॅप्स आहेत की डोकं दुखायला लागतं. संवाद खूपच सुमार आणि ओढून ताणून लिहिलेले वाटतात.,Negative
हा चित्रपट चांगला नाही आणि कथा खूपच कंटाळवाणी आहे. एकूण अनुभव समाधानकारक वाटत नाही.,Negative
कथा इतका निराशाजनक आहे की चित्रपट पाहताना वारंवार कंटाळा आला.,Negative
कथा अजिबात प्रभावी नाही आणि भावनिक प्रसंगांचा परिणाम होत नाही.,Negative
"चित्रपट पाहताना कथानकात नवीनपणा जाणवत नाही, कारण पटकथा खूप कमकुवत आहे.",Negative
"संगीत त्रासदायक नाही, गाणी कथेला छान साथ देतात. चित्रपट पाहताना उत्सुकता कायम राहते.",Positive
सुरुवातीपासून शेवटपर्यंत चित्रपट सुमार राहतो आणि शेवट निराश करतो.,Negative
उत्कृष्ट नाही असे अंतिम निष्कर्ष काढणे योग्य ठरणार नाही. सुरुवातीला कथा सुंदर आणि आकर्षक वाटते; मात्र नंतर कथा इतकी रटाळ होते. एकूण परिणाम वाईट आणि असमाधानकारक राहतो.,Negative
"पैसे वसूल चित्रपट, अजिबात निराश करत नाही. संवाद खूप प्रभावी असून थेट मनाला भिडतात. पुन्हा एकदा बघायला नक्कीच आवडेल.",Positive
कथानकमध्ये काहीही फिका वाटत नाही; संवाद खूप आकर्षक आहे.,Positive
"चित्रपट पाहताना संगीताने प्रसंगांची परिणामकारकता वाढवली, कारण मांडणी खूप उत्तम आहे.",Positive
कथा अजिबात मनमोहक नाही आणि कथा पुढे सरकत नाही.,Negative
पार्श्वसंगीत आणि शेवट दोन्ही सुंदर आहेत; त्यामुळे चित्रपट पाहून मन प्रसन्न झाले.,Positive
कथानक इतका हृदयस्पर्शी आहे की कलाकारांनी भूमिका जिवंत केल्या आहेत.,Positive
चित्रपटातील मांडणी पाहून चित्रपट पाहून मन प्रसन्न झाले; एकूण अनुभव आकर्षक आहे.,Positive
चित्रपटाची संगीत खूप निराशाजनक आहे आणि चित्रपट पाहिल्यानंतर विशेष काही लक्षात राहत नाही.,Negative
सुरुवात थोडी कंटाळवाणी आणि संथ आहे; निराश केले नाही असे एकूण चित्रपटाबद्दल म्हणता येणार नाही. तरी पुढे पात्रांचा प्रवास खूप प्रभावी होतो. त्यामुळे चित्रपट पाहिल्याचा निर्णय योग्य वाटतो.,Positive
हा चित्रपट अस्ताव्यस्त वाटतो; कथानकात नवीनपणा जाणवत नाही.,Negative
चित्रपट अजिबात निराशाजनक नाही; उलट मांडणी खूप नैसर्गिक आहे.,Positive
"चित्रपटात भावनिक सादरीकरण उत्तम आहे, त्यामुळे सर्व कलाकारांची कामगिरी लक्षात राहते.",Positive
"सुरुवात थोडी कंटाळवाणी आणि संथ आहे. पण पुढे कथा इतकी सुंदर उलगडते, पण अखेरीस हा अनुभव अजिबात असमाधानकारक राहत नाही.",Positive
या कलाकृतीचा दिग्दर्शन कृत्रिम असून पटकथा शेवटपर्यंत प्रभावी राहत नाही.,Negative
कथाचा दृश्यरचना दर्जेदार असून दिग्दर्शकाने विषयाला योग्य न्याय दिला.,Positive
चित्रपटाची भावनिक सादरीकरण खूप निरस आहे आणि काही दृश्ये अजिबात गरजेची वाटत नाहीत.,Negative
चित्रपटाने अपेक्षा पूर्ण केल्या नाहीत; अनुभव निराशाजनक होता. त्यामुळे पुन्हा पाहण्याची इच्छा होत नाही.,Negative
चित्रपटाची संवाद खूप कौतुकास्पद आहे आणि दिग्दर्शकाने विषयाला योग्य न्याय दिला.,Positive
सुरुवात थोडी कंटाळवाणी आणि संथ आहे; निराश केले नाही असे एकूण चित्रपटाबद्दल म्हणता येणार नाही. मात्र दुसऱ्या अर्ध्यात चित्रपट पूर्णपणे बदलतो. त्यामुळे सुरुवातीचे नकारात्मक संकेत दिशाभूल करणारे ठरतात.,Positive
पूर्ण कुटुंबासोबत बघण्यासारखा सुंदर चित्रपट आहे. कथेची मांडणी अशी आहे की पुढे काय होणार याची उत्सुकता कायम राहते. सहकलाकारांचाही अभिनय तितकाच दमदार आहे. दिग्दर्शकाने प्रत्येक प्रसंग अतिशय सुंदर पद्धतीने मांडला आहे. या चित्रपटाला पाच पैकी पाच स्टार्स.,Positive
हा अनुभव फिका नसून खूप उत्तम आहे; चित्रपटाचा अनुभव मनाला आनंद देतो.,Positive
या चित्रपटाची कथा निराश करते आणि शेवट निराश करतो.,Negative
कथाचा भावनिक सादरीकरण उत्तम असून चित्रपट पाहताना उत्सुकता कायम राहते.,Positive
चित्रपटाने अजिबात निराश केले नाही; विनोदी प्रसंग विशेष प्रभावी आहे.,Positive
कथानकचा कथानक हृदयस्पर्शी असून संगीताने प्रसंगांची परिणामकारकता वाढवली.,Positive
या कलाकृतीमध्ये काहीही उत्कृष्ट वाटत नाही; दिग्दर्शन खूप अप्रभावी आहे.,Negative
सुरुवात थोडी कंटाळवाणी आणि संथ आहे; निराश केले नाही असे एकूण चित्रपटाबद्दल म्हणता येणार नाही. पण पुढे कथा इतकी सुंदर उलगडते. त्यामुळे चित्रपट पाहिल्याचा निर्णय योग्य वाटतो.,Positive
अपेक्षाभंग करणारा नाही असे अंतिम निष्कर्ष काढणे योग्य ठरणार नाही. सुरुवात थोडी कंटाळवाणी आणि संथ आहे; मात्र दुसऱ्या अर्ध्यात चित्रपट पूर्णपणे बदलतो. एकूण परिणाम सकारात्मक आणि समाधान देणारा आहे.,Positive
सुरुवात थोडी कंटाळवाणी आणि संथ आहे; फारसा वाईट नाही असे एकूण चित्रपटाबद्दल म्हणता येणार नाही. मात्र दुसऱ्या अर्ध्यात चित्रपट पूर्णपणे बदलतो. एकूण परिणाम सकारात्मक आणि समाधान देणारा आहे.,Positive
सिनेमा बघून मन अगदी प्रसन्न झालं. अॅक्शन सीन्स एकदम जबरदस्त आणि रिअलिस्टिक वाटतात. संगीत कानाला खूप गोड लागतं आणि गाणी सुद्धा सुरेख आहेत. सहकलाकारांचाही अभिनय तितकाच दमदार आहे.,Positive
कंटाळवाणा नाही असे अंतिम निष्कर्ष काढणे योग्य ठरणार नाही. सुरुवात थोडी कंटाळवाणी आणि संथ आहे; मात्र दुसऱ्या अर्ध्यात चित्रपट पूर्णपणे बदलतो. चित्रपटाने निराश केले नाही; उलट तो खूप आवडला.,Positive
"चित्रपटात मांडणी कमकुवत आहे, त्यामुळे भावनिक प्रसंगांचा परिणाम होत नाही.",Negative
दिग्दर्शन इतका कृत्रिम आहे की संवाद कृत्रिम वाटतात.,Negative
हा चित्रपट उत्तम वाटतो; चित्रपट पाहताना उत्सुकता कायम राहते.,Positive
चित्रपट अजिबात अप्रभावी नाही; उलट मुख्य कलाकाराचा अभिनय खूप मनमोहक आहे.,Positive
हा अनुभव कंटाळवाणा नसून खूप प्रभावी आहे; वेळ कसा गेला कळले नाही.,Positive
चित्रपटातील पटकथा पाहून चित्रपटाची लांबी त्रासदायक ठरते; एकूण अनुभव अंदाजे आहे.,Negative
कथेपासून अभिनयापर्यंत बरेच काही फिका वाटले; काही दृश्ये अजिबात गरजेची वाटत नाहीत.,Negative
"चित्रपटात भावनिक सादरीकरण उत्तम आहे, त्यामुळे प्रत्येक प्रसंग लक्षात राहतो.",Positive
चित्रपटाने चित्रपटाची लांबी त्रासदायक ठरते आणि मांडणी खरोखर अप्रभावी आहे.,Negative
चित्रपटाने शेवट निराश करतो आणि भावनिक सादरीकरण खरोखर अंदाजे आहे.,Negative
हा चित्रपट पुन्हा पाहावासा वाटतो कारण मुख्य कलाकाराचा अभिनय खूप कौतुकास्पद आहे.,Positive
कथानकमध्ये काहीही प्रभावी वाटत नाही; मुख्य कलाकाराचा अभिनय खूप फिका आहे.,Negative
हा चित्रपट अपेक्षेपेक्षा रंजक निघाला आणि शेवट समाधानकारक वाटतो.,Positive
हा चित्रपट पुन्हा पाहावासा वाटतो कारण मुख्य कलाकाराचा अभिनय खूप अप्रतिम आहे.,Positive
या चित्रपटाची छायाचित्रण मनाला भिडते आणि शेवट समाधानकारक वाटतो.,Positive
"उगाच हाईप केलेला सिनेमा, प्रत्यक्षात काही दम नाही. शेवट इतका घाईघाईत गुंडाळलेला आहे की निराशा होते. क्लायमॅक्स अगदीच अपेक्षित आणि सपक झाला आहे.",Negative
चित्रपटाची विनोदी प्रसंग खूप सुंदर आहे आणि कुटुंबासोबत पाहण्यासारखा अनुभव मिळतो.,Positive
"चित्रपट पाहताना पटकथा शेवटपर्यंत प्रभावी राहत नाही, कारण कथा खूप सुमार आहे.",Negative
सुरुवातीला कथा सुंदर आणि आकर्षक वाटते; उत्कृष्ट नाही असे एकूण चित्रपटाबद्दल म्हणता येणार नाही. पण पुढे पटकथा पूर्णपणे गोंधळते. त्यामुळे सुंदर क्षण असूनही चित्रपट आवडत नाही.,Negative
सुरुवातीला कथा सुंदर आणि आकर्षक वाटते; सुंदर नाही असे एकूण चित्रपटाबद्दल म्हणता येणार नाही. तरी दुसऱ्या अर्ध्यात दिग्दर्शन कमकुवत होते. एकूण चित्रपट सकारात्मक कारणांसाठी लक्षात राहत नाही.,Negative
"चित्रपटात भावनिक सादरीकरण उत्तम आहे, त्यामुळे भावनिक प्रसंग मनाला स्पर्श करतात.",Positive
चित्रपटाची मांडणी खूप उत्कृष्ट आहे आणि चित्रपट पाहून मन प्रसन्न झाले.,Positive
हा चित्रपट पुन्हा पाहावासा वाटत नाही कारण अभिनय खूप कंटाळवाणा आहे.,Negative
सुरुवातीला कथा सुंदर आणि आकर्षक वाटते; प्रभावी नाही असे एकूण चित्रपटाबद्दल म्हणता येणार नाही. मात्र नंतर कथा इतकी रटाळ होते. एकूण परिणाम वाईट आणि असमाधानकारक राहतो.,Negative
संगीत इतका हृदयस्पर्शी आहे की चित्रपट पाहून मन प्रसन्न झाले.,Positive
चित्रपट अजिबात फिका नाही; उलट पार्श्वसंगीत खूप रंजक आहे.,Positive
सुरुवातीला कथा सुंदर आणि आकर्षक वाटते; मनाला भिडणारा नाही असे एकूण चित्रपटाबद्दल म्हणता येणार नाही. पण पुढे पटकथा पूर्णपणे गोंधळते. त्यामुळे सुंदर क्षण असूनही चित्रपट आवडत नाही.,Negative
"दिग्दर्शन कमजोर नाही, उलट ते खूप प्रभावी आहे. हा अनुभव नक्कीच समाधानकारक वाटतो.",Positive
कथेपासून अभिनयापर्यंत बरेच काही कंटाळवाणा वाटले; वेळ वाया गेल्यासारखे वाटले.,Negative
अपेक्षाभंग करणारा नाही असे अंतिम निष्कर्ष काढणे योग्य ठरणार नाही. सुरुवात थोडी कंटाळवाणी आणि संथ आहे; तरी पुढे पात्रांचा प्रवास खूप प्रभावी होतो. उणिवा असूनही शेवटी चित्रपट मन जिंकून घेतो.,Positive
"चित्रपटात मांडणी कमकुवत आहे, त्यामुळे कथा पुढे सरकत नाही.",Negative
चित्रपट अजिबात उत्तम नाही; उलट पार्श्वसंगीत खूप अप्रभावी आहे.,Negative
चित्रपटाची पार्श्वसंगीत खूप कौतुकास्पद आहे आणि भावनिक प्रसंग मनाला स्पर्श करतात.,Positive
कथेपासून अभिनयापर्यंत सर्व काही हृदयस्पर्शी वाटले; भावनिक प्रसंग मनाला स्पर्श करतात.,Positive
विनोदी प्रसंग आणि दृश्यरचना दोन्ही सुमार आहेत; त्यामुळे कलाकारांच्या कामगिरीत उत्साह जाणवत नाही.,Negative
थिएटरमध्ये अर्ध्यातच झोप येत होती. अॅक्शन सीन्स अगदीच बनावट आणि कंटाळवाणे वाटतात.,Negative
टकाटक अपेक्षा होती पण सगळं फेल. क्लायमॅक्स अगदीच अपेक्षित आणि सपक झाला आहे.,Negative
पार्श्वसंगीत आणि संवाद दोन्ही कंटाळवाणा आहेत; त्यामुळे दिग्दर्शनाने विषयाला योग्य न्याय दिला नाही.,Negative
सुरुवात थोडी कंटाळवाणी आणि संथ आहे; फारसा वाईट नाही असे एकूण चित्रपटाबद्दल म्हणता येणार नाही. मात्र दुसऱ्या अर्ध्यात चित्रपट पूर्णपणे बदलतो. सुरुवातीच्या उणिवा असूनही हा चित्रपट लक्षात राहतो.,Positive
संगीत आणि कथा दोन्ही रंजक आहेत; त्यामुळे चित्रपट पाहताना उत्सुकता कायम राहते.,Positive
हा अनुभव प्रभावी नसून खूप कृत्रिम आहे; भावनिक प्रसंगांचा परिणाम होत नाही.,Negative
चित्रपट अजिबात निराशाजनक नाही; उलट अभिनय खूप अप्रतिम आहे.,Positive
"उगाच हाईप केलेला सिनेमा, प्रत्यक्षात काही दम नाही. काही कलाकारांची निवडच चुकीची वाटते. विनोदी प्रसंग हास्यास्पद वाटतात, हसू येण्याऐवजी वैताग येतो. अपेक्षा घेऊन गेलात तर नक्कीच निराश व्हाल.",Negative
सुरुवातीपासून शेवटपर्यंत चित्रपट दर्जेदार राहतो आणि कलाकारांनी भूमिका जिवंत केल्या आहेत.,Positive
"उगाच हाईप केलेला सिनेमा, प्रत्यक्षात काही दम नाही. विनोदी प्रसंग हास्यास्पद वाटतात, हसू येण्याऐवजी वैताग येतो. या चित्रपटाला दोन पैकी अर्धा स्टार सुद्धा जास्त आहे.",Negative
कथा अजिबात वाईट नाही आणि भावनिक प्रसंग मनाला स्पर्श करतात.,Positive
चित्रपटाची शेवट खूप सुंदर आहे आणि कलाकारांनी भूमिका जिवंत केल्या आहेत.,Positive
चित्रपटाने कथानकात नवीनपणा जाणवत नाही आणि दिग्दर्शन खरोखर अतिशय संथ आहे.,Negative
हा चित्रपट पुन्हा पाहावासा वाटतो कारण भावनिक सादरीकरण खूप सुंदर आहे.,Positive
दिग्दर्शन सामान्य नाही; अनेक दृश्ये प्रभावी आहेत. पुन्हा पाहायला देखील आवडेल.,Positive
मुख्य कलाकाराचा अभिनय आणि संवाद दोन्ही प्रभावी आहेत; त्यामुळे संगीताने प्रसंगांची परिणामकारकता वाढवली.,Positive
"चित्रपटात दिग्दर्शन उत्तम आहे, त्यामुळे भावनिक प्रसंग मनाला स्पर्श करतात.",Positive
हा चित्रपट पुन्हा पाहावासा वाटतो कारण कथा खूप प्रभावी आहे.,Positive
पार्श्वसंगीत इतका अप्रभावी आहे की कथानकात नवीनपणा जाणवत नाही.,Negative
वाईट नाही असे अंतिम निष्कर्ष काढणे योग्य ठरणार नाही. सुरुवात थोडी कंटाळवाणी आणि संथ आहे; तरी पुढे पात्रांचा प्रवास खूप प्रभावी होतो. अखेरीस हा अनुभव अजिबात असमाधानकारक राहत नाही.,Positive
"पूर्ण चित्रपटभर काहीच लॉजिक सापडलं नाही. भावनिक प्रसंगांमध्ये सुद्धा काहीच परिणाम जाणवत नाही. विनोदी प्रसंग हास्यास्पद वाटतात, हसू येण्याऐवजी वैताग येतो. गाणी उगाचच घुसवल्यासारखी वाटतात, कथेशी संबंधच नाही. मराठी सिनेमाच्या नावाला कमीपणा आणणारा चित्रपट आहे.",Negative
हा चित्रपट गोंधळलेला वाटतो; भावनिक प्रसंगांचा परिणाम होत नाही.,Negative
मांडणी आणि मुख्य कलाकाराचा अभिनय दोन्ही नैसर्गिक आहेत; त्यामुळे चित्रपट पाहताना उत्सुकता कायम राहते.,Positive
सिनेमा बघून मन अगदी प्रसन्न झालं. संवाद खूप प्रभावी असून थेट मनाला भिडतात. मुख्य कलाकारांनी आपापल्या भूमिका उत्कृष्टपणे साकारल्या आहेत.,Positive
पूर्ण कुटुंबासोबत बघण्यासारखा सुंदर चित्रपट आहे. संवाद खूप प्रभावी असून थेट मनाला भिडतात.,Positive
या चित्रपटाची दृश्यरचना मनाला भिडते आणि संगीताने प्रसंगांची परिणामकारकता वाढवली.,Positive
"पैसे वसूल चित्रपट, अजिबात निराश करत नाही. कथेची मांडणी अशी आहे की पुढे काय होणार याची उत्सुकता कायम राहते. गाण्यांचे शब्द आणि चाल दोन्ही मनाला भावतात.",Positive
"या वर्षीचा सर्वोत्तम मराठी चित्रपट असं म्हणता येईल. प्रत्येक कलाकाराने आपल्या भूमिकेला योग्य न्याय दिला आहे. छायाचित्रण अप्रतिम आहे, प्रत्येक फ्रेम एखाद्या चित्रासारखी वाटते. सहकलाकारांचाही अभिनय तितकाच दमदार आहे.",Positive
संवाद इतका अप्रभावी आहे की पटकथा शेवटपर्यंत प्रभावी राहत नाही.,Negative
"चित्रपटात भावनिक सादरीकरण उत्तम आहे, त्यामुळे दिग्दर्शकाने विषयाला योग्य न्याय दिला.",Positive
सुरुवातीपासून शेवटपर्यंत चित्रपट निराशाजनक राहतो आणि चित्रपटाची लांबी त्रासदायक ठरते.,Negative
चित्रपटाने अजिबात निराश केले नाही; पार्श्वसंगीत विशेष प्रभावी आहे.,Positive
"मनाला न पटणारा नाही असे अंतिम निष्कर्ष काढणे योग्य ठरणार नाही. सुरुवात थोडी कंटाळवाणी आणि संथ आहे; पण शेवटच्या भागात सुरुवातीच्या उणिवा मागे पडतात. शेवट अजिबात खराब नाही, उलट मनाला भिडतो.",Positive
चित्रपटाने पटकथा शेवटपर्यंत प्रभावी राहत नाही आणि विनोदी प्रसंग खरोखर निराशाजनक आहे.,Negative
"अपेक्षाभंग करणारा नाही असे अंतिम निष्कर्ष काढणे योग्य ठरणार नाही. सुरुवात थोडी कंटाळवाणी आणि संथ आहे; तरी पुढे पात्रांचा प्रवास खूप प्रभावी होतो. एकूण अनुभव वाईट नाही, उलट समाधानकारक आहे.",Positive
कथेपासून अभिनयापर्यंत बरेच काही अप्रभावी वाटले; पटकथा शेवटपर्यंत प्रभावी राहत नाही.,Negative
"चित्रपट पाहताना प्रत्येक प्रसंग लक्षात राहतो, कारण पटकथा खूप उत्तम आहे.",Positive
"कमकुवत नाही असे अंतिम निष्कर्ष काढणे योग्य ठरणार नाही. सुरुवात थोडी कंटाळवाणी आणि संथ आहे; पण शेवटच्या भागात सुरुवातीच्या उणिवा मागे पडतात. शेवट अजिबात खराब नाही, उलट मनाला भिडतो.",Positive
दिग्दर्शन आणि पार्श्वसंगीत दोन्ही सुंदर आहेत; त्यामुळे चित्रपट पाहून मन प्रसन्न झाले.,Positive
या चित्रपटाची शेवट निराश करते आणि कथानकात नवीनपणा जाणवत नाही.,Negative
कथेपासून अभिनयापर्यंत सर्व काही उत्कृष्ट वाटले; दिग्दर्शकाने विषयाला योग्य न्याय दिला.,Positive
कथेपासून अभिनयापर्यंत बरेच काही सुमार वाटले; शेवट निराश करतो.,Negative
हा चित्रपट पुन्हा पाहावासा वाटत नाही कारण पटकथा खूप निराशाजनक आहे.,Negative
कथा इतका रंजक आहे की कलाकारांनी भूमिका जिवंत केल्या आहेत.,Positive
संगीत इतका कंटाळवाणा आहे की कथा पुढे सरकत नाही.,Negative
शेवट इतका नैसर्गिक आहे की कथा शेवटपर्यंत पकडून ठेवते.,Positive
"पूर्ण कुटुंबासोबत बघण्यासारखा सुंदर चित्रपट आहे. व्हीएफएक्स दर्जेदार असून हॉलिवूडच्या तोडीचे वाटतात. अॅक्शन सीन्स एकदम जबरदस्त आणि रिअलिस्टिक वाटतात. छायाचित्रण अप्रतिम आहे, प्रत्येक फ्रेम एखाद्या चित्रासारखी वाटते. सर्वांना शिफारस करेन असा हा चित्रपट आहे.",Positive
चित्रपटाने पूर्णपणे निराश केले; भावनिक सादरीकरण विशेष अंदाजे आहे.,Negative
सुरुवात थोडी कंटाळवाणी आणि संथ आहे; निराश केले नाही असे एकूण चित्रपटाबद्दल म्हणता येणार नाही. पण पुढे कथा इतकी सुंदर उलगडते. उणिवा असूनही शेवटी चित्रपट मन जिंकून घेतो.,Positive
"उगाच हाईप केलेला सिनेमा, प्रत्यक्षात काही दम नाही. भावनिक प्रसंगांमध्ये सुद्धा काहीच परिणाम जाणवत नाही. पटकथा खूपच विस्कळीत असल्यामुळे कथा नीट समजतच नाही. अभिनेत्यांचा अभिनय अगदीच सुमार आणि कृत्रिम वाटला. वेळ असेल तरी बघू नका असा सल्ला देईन.",Negative
यशस्वी नाही असे अंतिम निष्कर्ष काढणे योग्य ठरणार नाही. सुरुवातीला कथा सुंदर आणि आकर्षक वाटते; मात्र नंतर कथा इतकी रटाळ होते. म्हणून चांगल्या सुरुवातीचा फारसा उपयोग होत नाही.,Negative
सुरुवातीला कथा सुंदर आणि आकर्षक वाटते; आशादायक नाही असे एकूण चित्रपटाबद्दल म्हणता येणार नाही. मात्र नंतर कथा इतकी रटाळ होते. शेवटामुळे आधीचे चांगले क्षणही फिके पडतात.,Negative
थिएटरमध्ये जाऊन बघण्यासारखा चित्रपट आहे हा. कथेची मांडणी अशी आहे की पुढे काय होणार याची उत्सुकता कायम राहते. भावनिक प्रसंगांमध्ये डोळ्यात पाणी आल्याशिवाय राहत नाही. पटकथा घट्ट बांधलेली असल्यामुळे कुठेही कंटाळा येत नाही. मराठी चित्रपटसृष्टीसाठी अभिमानास्पद कलाकृती आहे.,Positive
कथा अजिबात अप्रभावी नाही आणि वेळ कसा गेला कळले नाही.,Positive
"सुरुवात थोडी कंटाळवाणी आणि संथ आहे. तरी पुढे पात्रांचा प्रवास खूप प्रभावी होतो, पण म्हणून एकूण चित्रपट अपेक्षेपेक्षा सुंदर वाटतो.",Positive
चित्रपटाने पूर्णपणे निराश केले; अभिनय विशेष गोंधळलेला आहे.,Negative
संपूर्ण चित्रपट हृदयस्पर्शी आहे आणि विनोदी प्रसंग मुळे अनुभव आणखी सुंदर झाला.,Positive
"निराश केले नाही असे अंतिम निष्कर्ष काढणे योग्य ठरणार नाही. सुरुवात थोडी कंटाळवाणी आणि संथ आहे; तरी पुढे पात्रांचा प्रवास खूप प्रभावी होतो. एकूण अनुभव वाईट नाही, उलट समाधानकारक आहे.",Positive
चित्रपटाची शेवट खूप आकर्षक आहे आणि वेळ कसा गेला कळले नाही.,Positive
चित्रपटाने प्रत्येक फ्रेम विचारपूर्वक सादर केली आहे आणि मांडणी खरोखर दर्जेदार आहे.,Positive
कमकुवत नाही असे अंतिम निष्कर्ष काढणे योग्य ठरणार नाही. सुरुवात थोडी कंटाळवाणी आणि संथ आहे; मात्र दुसऱ्या अर्ध्यात चित्रपट पूर्णपणे बदलतो. त्यामुळे चित्रपट पाहिल्याचा निर्णय योग्य वाटतो.,Positive
चित्रपट अजिबात निराशाजनक नाही; उलट मुख्य कलाकाराचा अभिनय खूप दर्जेदार आहे.,Positive
सुरुवातीपासून शेवटपर्यंत चित्रपट मनमोहक राहतो आणि शेवट समाधानकारक वाटतो.,Positive
"सुरुवात थोडी कंटाळवाणी आणि संथ आहे; कमकुवत नाही असे एकूण चित्रपटाबद्दल म्हणता येणार नाही. तरी पुढे पात्रांचा प्रवास खूप प्रभावी होतो. शेवट अजिबात खराब नाही, उलट मनाला भिडतो.",Positive
"चित्रपटात संवाद उत्तम आहे, त्यामुळे वेळ कसा गेला कळले नाही.",Positive
चित्रपटाने पूर्णपणे निराश केले; संगीत विशेष निराशाजनक आहे.,Negative
कंटाळवाणा आणि रटाळ सिनेमा आहे.,Negative
चित्रपटाने अजिबात निराश केले नाही; मांडणी विशेष कौतुकास्पद आहे.,Positive
कथा अजिबात कंटाळवाणा नाही आणि प्रत्येक फ्रेम विचारपूर्वक सादर केली आहे.,Positive
चित्रपटाची संवाद खूप अतिशय संथ आहे आणि पटकथा शेवटपर्यंत प्रभावी राहत नाही.,Negative
"फारसा वाईट नाही असे अंतिम निष्कर्ष काढणे योग्य ठरणार नाही. सुरुवात थोडी कंटाळवाणी आणि संथ आहे; पण शेवटच्या भागात सुरुवातीच्या उणिवा मागे पडतात. शेवट अजिबात खराब नाही, उलट मनाला भिडतो.",Positive
संपूर्ण चित्रपट गोंधळलेला आहे आणि छायाचित्रण मुळे अनुभव खराब झाला.,Negative
हा चित्रपट अपेक्षेपेक्षा आकर्षक निघाला आणि चित्रपट पाहताना उत्सुकता कायम राहते.,Positive
दृश्यरचना आणि संगीत दोन्ही नैसर्गिक आहेत; त्यामुळे शेवट समाधानकारक वाटतो.,Positive
सुरुवातीपासून शेवटपर्यंत चित्रपट कंटाळवाणा राहतो आणि अनेक प्रसंग विनाकारण लांबवले आहेत.,Negative
यशस्वी नाही असे अंतिम निष्कर्ष काढणे योग्य ठरणार नाही. सुरुवातीला कथा सुंदर आणि आकर्षक वाटते; पण पुढे पटकथा पूर्णपणे गोंधळते. त्यामुळे सुंदर क्षण असूनही चित्रपट आवडत नाही.,Negative
मुख्य कलाकाराचा अभिनय इतका अप्रतिम आहे की कुटुंबासोबत पाहण्यासारखा अनुभव मिळतो.,Positive
"चित्रपट पाहताना संगीताने प्रसंगांची परिणामकारकता वाढवली, कारण शेवट खूप कौतुकास्पद आहे.",Positive
भावनिक सादरीकरण आणि अभिनय दोन्ही अस्ताव्यस्त आहेत; त्यामुळे भावनिक प्रसंगांचा परिणाम होत नाही.,Negative
कथानकचा अभिनय निरस असून कथा पुढे सरकत नाही.,Negative
एकदम टुकार सिनेमा आहे भाऊ. अभिनेत्यांचा अभिनय अगदीच सुमार आणि कृत्रिम वाटला.,Negative
संपूर्ण चित्रपट हृदयस्पर्शी आहे आणि कथानक मुळे अनुभव आणखी सुंदर झाला.,Positive
चित्रपट अजिबात निरर्थक नाही; त्यात चांगला संदेश आहे. त्यामुळे एकूण अनुभव खूप चांगला झाला.,Positive
चित्रपटचा अभिनय निरस असून पटकथा शेवटपर्यंत प्रभावी राहत नाही.,Negative
उत्कृष्ट नाही असे अंतिम निष्कर्ष काढणे योग्य ठरणार नाही. सुरुवातीला कथा सुंदर आणि आकर्षक वाटते; पण पुढे पटकथा पूर्णपणे गोंधळते. शेवटामुळे आधीचे चांगले क्षणही फिके पडतात.,Negative
संपूर्ण मांडणीचा संवाद नैसर्गिक असून प्रत्येक प्रसंग लक्षात राहतो.,Positive
या चित्रपटाची दिग्दर्शन निराश करते आणि पटकथा शेवटपर्यंत प्रभावी राहत नाही.,Negative
प्रभावी नाही असे अंतिम निष्कर्ष काढणे योग्य ठरणार नाही. सुरुवातीला कथा सुंदर आणि आकर्षक वाटते; मात्र नंतर कथा इतकी रटाळ होते. एकूण अनुभव मात्र निराशाजनक आहे.,Negative
दिग्दर्शन आणि कथा दोन्ही उत्तम आहेत; त्यामुळे वेळ कसा गेला कळले नाही.,Positive
"चित्रपट पाहताना चित्रपटाचा अनुभव मनाला आनंद देतो, कारण संवाद खूप कौतुकास्पद आहे.",Positive
काहीच खास नव्हतं या चित्रपटात. पटकथा खूपच विस्कळीत असल्यामुळे कथा नीट समजतच नाही. पुन्हा असा चित्रपट बघण्याची इच्छा नाही.,Negative
या कलाकृतीचा विनोदी प्रसंग दर्जेदार असून चित्रपट पाहून मन प्रसन्न झाले.,Positive
"चित्रपटात दिग्दर्शन कमकुवत आहे, त्यामुळे चित्रपट पाहताना वारंवार कंटाळा आला.",Negative
उत्कृष्ट नाही असे अंतिम निष्कर्ष काढणे योग्य ठरणार नाही. सुरुवातीला कथा सुंदर आणि आकर्षक वाटते; पण पुढे पटकथा पूर्णपणे गोंधळते. एकूण अनुभव मात्र निराशाजनक आहे.,Negative
भावनिक सादरीकरण इतका हृदयस्पर्शी आहे की कथा शेवटपर्यंत पकडून ठेवते.,Positive
हा अनुभव अप्रभावी नसून खूप प्रभावी आहे; संगीताने प्रसंगांची परिणामकारकता वाढवली.,Positive
"चित्रपट पाहताना दिग्दर्शनाने विषयाला योग्य न्याय दिला नाही, कारण पार्श्वसंगीत खूप कमकुवत आहे.",Negative
"अभिनय निराशाजनक नाही, कलाकारांनी भूमिका छान साकारल्या आहेत. चित्रपट पाहताना उत्सुकता कायम राहते.",Positive
कथा इतका उत्कृष्ट आहे की संगीताने प्रसंगांची परिणामकारकता वाढवली.,Positive
चित्रपट अजिबात निरर्थक नाही; त्यात चांगला संदेश आहे. कलाकारांचे कामही मनापासून आवडले.,Positive
"हा चित्रपट अजिबात बघण्यासारखा नाही. पार्श्वसंगीत उगाचच मोठ्या आवाजात आणि त्रासदायक वाटतं. गाणी उगाचच घुसवल्यासारखी वाटतात, कथेशी संबंधच नाही.",Negative
सिनेमा सुरुवातीपासून शेवटपर्यंत खिळवून ठेवतो. संवाद खूप प्रभावी असून थेट मनाला भिडतात. कथेची मांडणी अशी आहे की पुढे काय होणार याची उत्सुकता कायम राहते. पुन्हा एकदा बघायला नक्कीच आवडेल.,Positive
कथानकचा कथानक सुंदर असून चित्रपट पाहून मन प्रसन्न झाले.,Positive
हा चित्रपट पुन्हा पाहावासा वाटतो कारण कथानक खूप नैसर्गिक आहे.,Positive
हा चित्रपट निरस वाटतो; पटकथा शेवटपर्यंत प्रभावी राहत नाही.,Negative
चित्रपटाने भावनिक प्रसंगांचा परिणाम होत नाही आणि कथानक खरोखर अंदाजे आहे.,Negative
चित्रपटाने अजिबात निराश केले नाही; मांडणी विशेष उत्तम आहे.,Positive
हा अनुभव उत्कृष्ट नसून खूप कमकुवत आहे; कथानकात नवीनपणा जाणवत नाही.,Negative
"चित्रपट पाहताना प्रत्येक प्रसंग लक्षात राहतो, कारण विनोदी प्रसंग खूप नैसर्गिक आहे.",Positive
पटकथा आणि कथा दोन्ही रंजक आहेत; त्यामुळे चित्रपटाचा अनुभव मनाला आनंद देतो.,Positive
"सुरुवात थोडी कंटाळवाणी आणि संथ आहे. मात्र दुसऱ्या अर्ध्यात चित्रपट पूर्णपणे बदलतो, पण त्यामुळे सुरुवातीचे नकारात्मक संकेत दिशाभूल करणारे ठरतात.",Positive
हा अनुभव अप्रतिम नसून खूप गोंधळलेला आहे; कथा पुढे सरकत नाही.,Negative
संपूर्ण मांडणीचा मांडणी उत्तम असून दिग्दर्शकाने विषयाला योग्य न्याय दिला.,Positive
चित्रपटमध्ये काहीही प्रभावी वाटत नाही; कथानक खूप अंदाजे आहे.,Negative
"चित्रपटात शेवट कमकुवत आहे, त्यामुळे कलाकारांच्या कामगिरीत उत्साह जाणवत नाही.",Negative
हा चित्रपट अंदाजे वाटतो; कथानकात नवीनपणा जाणवत नाही.,Negative
कथा इतका हृदयस्पर्शी आहे की संगीताने प्रसंगांची परिणामकारकता वाढवली.,Positive
चित्रपटाने पूर्णपणे निराश केले; विनोदी प्रसंग विशेष अप्रभावी आहे.,Negative
शेवट इतका कमकुवत आहे की भावनिक प्रसंगांचा परिणाम होत नाही.,Negative
सुरुवातीपासून शेवटपर्यंत चित्रपट उत्कृष्ट राहतो आणि भावनिक प्रसंग मनाला स्पर्श करतात.,Positive
"हा सिनेमा अपेक्षेपेक्षा वाईट नाही, तो नक्कीच पाहण्यासारखा आहे. कलाकारांचे कामही मनापासून आवडले.",Positive
"चित्रपट पाहताना कथानकात नवीनपणा जाणवत नाही, कारण कथा खूप कंटाळवाणा आहे.",Negative
सुरुवातीपासून शेवटपर्यंत चित्रपट प्रभावी राहतो आणि वेळ कसा गेला कळले नाही.,Positive
चित्रपटाने संवाद कृत्रिम वाटतात आणि संगीत खरोखर निरस आहे.,Negative
सिनेमागृहातून बाहेर पडताना खूप वैताग आला. छायाचित्रण अगदीच सामान्य दर्जाचं आहे. पार्श्वसंगीत उगाचच मोठ्या आवाजात आणि त्रासदायक वाटतं. काही कलाकारांची निवडच चुकीची वाटते. या चित्रपटाला दोन पैकी अर्धा स्टार सुद्धा जास्त आहे.,Negative
सुरुवात थोडी कंटाळवाणी आणि संथ आहे; मनाला न पटणारा नाही असे एकूण चित्रपटाबद्दल म्हणता येणार नाही. पण पुढे कथा इतकी सुंदर उलगडते. उणिवा असूनही शेवटी चित्रपट मन जिंकून घेतो.,Positive
"चित्रपटात पार्श्वसंगीत कमकुवत आहे, त्यामुळे संवाद कृत्रिम वाटतात.",Negative
"सुरुवात थोडी कंटाळवाणी आणि संथ आहे. पण पुढे कथा इतकी सुंदर उलगडते, पण त्यामुळे चित्रपट पाहिल्याचा निर्णय योग्य वाटतो.",Positive
सुरुवातीला कथा सुंदर आणि आकर्षक वाटते; प्रभावी नाही असे एकूण चित्रपटाबद्दल म्हणता येणार नाही. मात्र नंतर कथा इतकी रटाळ होते. एकूण चित्रपट सकारात्मक कारणांसाठी लक्षात राहत नाही.,Negative
सुरुवात थोडी कंटाळवाणी आणि संथ आहे; वाईट नाही असे एकूण चित्रपटाबद्दल म्हणता येणार नाही. तरी पुढे पात्रांचा प्रवास खूप प्रभावी होतो. त्यामुळे सुरुवातीचे नकारात्मक संकेत दिशाभूल करणारे ठरतात.,Positive
या चित्रपटाची कथा निराश करते आणि कलाकारांच्या कामगिरीत उत्साह जाणवत नाही.,Negative
संपूर्ण चित्रपट फिका आहे आणि कथा मुळे अनुभव खराब झाला.,Negative
हा चित्रपट पुन्हा पाहावासा वाटतो कारण दृश्यरचना खूप अप्रतिम आहे.,Positive
हा अनुभव अप्रतिम नसून खूप अतिशय संथ आहे; संवाद कृत्रिम वाटतात.,Negative
सुरुवातीला कथा सुंदर आणि आकर्षक वाटते; चांगला नाही असे एकूण चित्रपटाबद्दल म्हणता येणार नाही. पण पुढील भाग इतका कंटाळवाणा आहे. एकूण अनुभव मात्र निराशाजनक आहे.,Negative
मित्रांसोबत बघितला आणि सगळ्यांनाच खूप आवडला. प्रत्येक कलाकाराने आपल्या भूमिकेला योग्य न्याय दिला आहे. विनोदी प्रसंग अगदी सहज आणि टाइमिंगसह मांडले आहेत.,Positive
"सिनेमागृहातून बाहेर पडताना खूप वैताग आला. पटकथा खूपच विस्कळीत असल्यामुळे कथा नीट समजतच नाही. गाणी उगाचच घुसवल्यासारखी वाटतात, कथेशी संबंधच नाही. OTT वर आला तरी बघावासा वाटत नाही.",Negative
या चित्रपटाची संवाद निराश करते आणि काही दृश्ये अजिबात गरजेची वाटत नाहीत.,Negative
कथा अजिबात सुंदर नाही आणि कथानकात नवीनपणा जाणवत नाही.,Negative
सुरुवातीला कथा सुंदर आणि आकर्षक वाटते; चांगला नाही असे एकूण चित्रपटाबद्दल म्हणता येणार नाही. पण पुढे पटकथा पूर्णपणे गोंधळते. त्यामुळे अंतिम अनुभव अपेक्षाभंग करणारा ठरतो.,Negative
कंटाळवाणा नाही असे अंतिम निष्कर्ष काढणे योग्य ठरणार नाही. सुरुवात थोडी कंटाळवाणी आणि संथ आहे; पण पुढे कथा इतकी सुंदर उलगडते. अखेरीस हा अनुभव अजिबात असमाधानकारक राहत नाही.,Positive
सुंदर नाही असे अंतिम निष्कर्ष काढणे योग्य ठरणार नाही. सुरुवातीला कथा सुंदर आणि आकर्षक वाटते; पण पुढील भाग इतका कंटाळवाणा आहे. शेवटी चित्रपट समाधान देत नाही.,Negative
संपूर्ण मांडणीमध्ये काहीही निराशाजनक वाटत नाही; मुख्य कलाकाराचा अभिनय खूप रंजक आहे.,Positive
संपूर्ण मांडणीमध्ये काहीही कंटाळवाणा वाटत नाही; अभिनय खूप उत्कृष्ट आहे.,Positive
संपूर्ण चित्रपट उत्तम आहे आणि संवाद मुळे अनुभव आणखी सुंदर झाला.,Positive
कथामध्ये काहीही कमकुवत वाटत नाही; भावनिक सादरीकरण खूप अप्रतिम आहे.,Positive
"चित्रपट पाहताना शेवट निराश करतो, कारण अभिनय खूप अस्ताव्यस्त आहे.",Negative
चित्रपटाने अपेक्षा पूर्ण केल्या नाहीत; अनुभव निराशाजनक होता. यामुळे चित्रपटाचा प्रभाव कमी होतो.,Negative
अशा चित्रपटांमुळे मराठी सिनेमाची बदनामी होते. अभिनेत्यांचा अभिनय अगदीच सुमार आणि कृत्रिम वाटला. पार्श्वसंगीत उगाचच मोठ्या आवाजात आणि त्रासदायक वाटतं. या चित्रपटाला दोन पैकी अर्धा स्टार सुद्धा जास्त आहे.,Negative
हा चित्रपट पुन्हा पाहावासा वाटत नाही कारण पार्श्वसंगीत खूप कृत्रिम आहे.,Negative
चांगला नाही असे अंतिम निष्कर्ष काढणे योग्य ठरणार नाही. सुरुवातीला कथा सुंदर आणि आकर्षक वाटते; मात्र नंतर कथा इतकी रटाळ होते. एकूण चित्रपट सकारात्मक कारणांसाठी लक्षात राहत नाही.,Negative
कथा साधी असली तरी अजिबात वाईट नाही. कलाकारांचे कामही मनापासून आवडले.,Positive
सुरुवातीला कथा सुंदर आणि आकर्षक वाटते; समाधानकारक नाही असे एकूण चित्रपटाबद्दल म्हणता येणार नाही. तरी दुसऱ्या अर्ध्यात दिग्दर्शन कमकुवत होते. त्यामुळे सुंदर क्षण असूनही चित्रपट आवडत नाही.,Negative
सुरुवातीला कथा सुंदर आणि आकर्षक वाटते; सुंदर नाही असे एकूण चित्रपटाबद्दल म्हणता येणार नाही. मात्र नंतर कथा इतकी रटाळ होते. त्यामुळे अंतिम अनुभव अपेक्षाभंग करणारा ठरतो.,Negative
सुरुवातीला कथा सुंदर आणि आकर्षक वाटते; समाधानकारक नाही असे एकूण चित्रपटाबद्दल म्हणता येणार नाही. पण पुढे पटकथा पूर्णपणे गोंधळते. एकूण अनुभव मात्र निराशाजनक आहे.,Negative
चित्रपटाने कलाकारांनी भूमिका जिवंत केल्या आहेत आणि संवाद खरोखर उत्कृष्ट आहे.,Positive
"सुरुवात थोडी कंटाळवाणी आणि संथ आहे. मात्र दुसऱ्या अर्ध्यात चित्रपट पूर्णपणे बदलतो, पण उणिवा असूनही शेवटी चित्रपट मन जिंकून घेतो.",Positive
"सुरुवातीपासूनच चित्रपट प्रेक्षकांना पकडून ठेवतो. छायाचित्रण अप्रतिम आहे, प्रत्येक फ्रेम एखाद्या चित्रासारखी वाटते. कथा अगदी वेगळी आणि विचार करायला लावणारी आहे. असे चित्रपट वारंवार यायला हवेत.",Positive
हा अनुभव निरस नसून खूप उत्तम आहे; सर्व कलाकारांची कामगिरी लक्षात राहते.,Positive
"चित्रपटात शेवट कमकुवत आहे, त्यामुळे दिग्दर्शनाने विषयाला योग्य न्याय दिला नाही.",Negative
समाधानकारक नाही असे अंतिम निष्कर्ष काढणे योग्य ठरणार नाही. सुरुवातीला कथा सुंदर आणि आकर्षक वाटते; तरी दुसऱ्या अर्ध्यात दिग्दर्शन कमकुवत होते. अखेरीस एकूण परिणाम कमकुवत ठरतो.,Negative
चित्रपटचा छायाचित्रण कौतुकास्पद असून कुटुंबासोबत पाहण्यासारखा अनुभव मिळतो.,Positive
"चित्रपटात मुख्य कलाकाराचा अभिनय कमकुवत आहे, त्यामुळे पटकथा शेवटपर्यंत प्रभावी राहत नाही.",Negative
आकर्षक नाही असे अंतिम निष्कर्ष काढणे योग्य ठरणार नाही. सुरुवातीला कथा सुंदर आणि आकर्षक वाटते; पण पुढे पटकथा पूर्णपणे गोंधळते. त्यामुळे सुंदर क्षण असूनही चित्रपट आवडत नाही.,Negative
अजिबात नका बघू हा सिनेमा.,Negative
हा अनुभव अप्रतिम नसून खूप अप्रभावी आहे; कलाकारांच्या कामगिरीत उत्साह जाणवत नाही.,Negative
कथेपासून अभिनयापर्यंत बरेच काही फिका वाटले; कथा पुढे सरकत नाही.,Negative
मित्रांच्या सांगण्यावरून गेलो पण खूप पश्चाताप झाला. काही कलाकारांची निवडच चुकीची वाटते. थिएटरमध्ये पैसे खर्च करण्याआधी नक्की विचार करा.,Negative
आकर्षक नाही असे अंतिम निष्कर्ष काढणे योग्य ठरणार नाही. सुरुवातीला कथा सुंदर आणि आकर्षक वाटते; तरी दुसऱ्या अर्ध्यात दिग्दर्शन कमकुवत होते. त्यामुळे सुंदर क्षण असूनही चित्रपट आवडत नाही.,Negative
"एवढा भिकार सिनेमा अलीकडे बघितला नव्हता. अभिनेत्यांचा अभिनय अगदीच सुमार आणि कृत्रिम वाटला. गाणी उगाचच घुसवल्यासारखी वाटतात, कथेशी संबंधच नाही. मराठी सिनेमाच्या नावाला कमीपणा आणणारा चित्रपट आहे.",Negative
हा अनुभव सुंदर नसून खूप निराशाजनक आहे; चित्रपट पाहिल्यानंतर विशेष काही लक्षात राहत नाही.,Negative
समाधानकारक नाही असे अंतिम निष्कर्ष काढणे योग्य ठरणार नाही. सुरुवातीला कथा सुंदर आणि आकर्षक वाटते; पण पुढील भाग इतका कंटाळवाणा आहे. एकूण अनुभव मात्र निराशाजनक आहे.,Negative
हा चित्रपट अपेक्षेपेक्षा अंदाजे निघाला आणि चित्रपट पाहताना वारंवार कंटाळा आला.,Negative
संपूर्ण चित्रपट कंटाळवाणा आहे आणि कथानक मुळे अनुभव खराब झाला.,Negative
संपूर्ण मांडणीमध्ये काहीही वाईट वाटत नाही; कथानक खूप उत्तम आहे.,Positive
सुरुवातीला कथा सुंदर आणि आकर्षक वाटते; आकर्षक नाही असे एकूण चित्रपटाबद्दल म्हणता येणार नाही. पण पुढे पटकथा पूर्णपणे गोंधळते. त्यामुळे अंतिम अनुभव अपेक्षाभंग करणारा ठरतो.,Negative
संपूर्ण चित्रपट अंदाजे आहे आणि मुख्य कलाकाराचा अभिनय मुळे अनुभव खराब झाला.,Negative
चित्रपटातील मुख्य कलाकाराचा अभिनय पाहून कथा शेवटपर्यंत पकडून ठेवते; एकूण अनुभव कौतुकास्पद आहे.,Positive
कथा अजिबात फिका नाही आणि कलाकारांनी भूमिका जिवंत केल्या आहेत.,Positive
चित्रपटमध्ये काहीही सुंदर वाटत नाही; संवाद खूप कंटाळवाणा आहे.,Negative
सुरुवातीला कथा सुंदर आणि आकर्षक वाटते; उत्तम नाही असे एकूण चित्रपटाबद्दल म्हणता येणार नाही. मात्र नंतर कथा इतकी रटाळ होते. त्यामुळे अंतिम अनुभव अपेक्षाभंग करणारा ठरतो.,Negative
हा चित्रपट अपेक्षेपेक्षा सुमार निघाला आणि शेवट निराश करतो.,Negative
प्रभावी नाही असे अंतिम निष्कर्ष काढणे योग्य ठरणार नाही. सुरुवातीला कथा सुंदर आणि आकर्षक वाटते; तरी दुसऱ्या अर्ध्यात दिग्दर्शन कमकुवत होते. शेवटी चित्रपट समाधान देत नाही.,Negative
पार्श्वसंगीत आणि दिग्दर्शन दोन्ही निराशाजनक आहेत; त्यामुळे कथा पुढे सरकत नाही.,Negative
कथाचा विनोदी प्रसंग कंटाळवाणा असून वेळ वाया गेल्यासारखे वाटले.,Negative
"चित्रपटात मुख्य कलाकाराचा अभिनय उत्तम आहे, त्यामुळे भावनिक प्रसंग मनाला स्पर्श करतात.",Positive
"चित्रपटात संगीत उत्तम आहे, त्यामुळे चित्रपटाचा अनुभव मनाला आनंद देतो.",Positive
पूर्ण कुटुंबासोबत बघण्यासारखा सुंदर चित्रपट आहे. क्लायमॅक्स इतका जबरदस्त आहे की अंगावर काटा येतो. संवाद खूप प्रभावी असून थेट मनाला भिडतात.,Positive
चित्रपटाने कलाकारांनी भूमिका जिवंत केल्या आहेत आणि मुख्य कलाकाराचा अभिनय खरोखर उत्कृष्ट आहे.,Positive
कथा आणि मांडणी दोन्ही रंजक आहेत; त्यामुळे प्रत्येक प्रसंग लक्षात राहतो.,Positive
हा चित्रपट कृत्रिम वाटतो; कथानकात नवीनपणा जाणवत नाही.,Negative
चित्रपटाने दिग्दर्शनाने विषयाला योग्य न्याय दिला नाही आणि पटकथा खरोखर निराशाजनक आहे.,Negative
चित्रपट अजिबात दर्जेदार नाही; उलट पटकथा खूप फिका आहे.,Negative
सुरुवातीला कथा सुंदर आणि आकर्षक वाटते; आशादायक नाही असे एकूण चित्रपटाबद्दल म्हणता येणार नाही. पण पुढे पटकथा पूर्णपणे गोंधळते. त्यामुळे अंतिम अनुभव अपेक्षाभंग करणारा ठरतो.,Negative
हा चित्रपट अपेक्षेपेक्षा सुमार निघाला आणि भावनिक प्रसंगांचा परिणाम होत नाही.,Negative
सिनेमागृहातून बाहेर पडताना चेहऱ्यावर हसू होतं. अॅक्शन सीन्स एकदम जबरदस्त आणि रिअलिस्टिक वाटतात. भावनिक प्रसंगांमध्ये डोळ्यात पाणी आल्याशिवाय राहत नाही. कथा अगदी वेगळी आणि विचार करायला लावणारी आहे. थिएटरमध्ये जाऊन नक्की एन्जॉय करा.,Positive
शेवट इतका अंदाजे आहे की संवाद कृत्रिम वाटतात.,Negative
सिनेमा सुरु झाल्यापासूनच कंटाळा येऊ लागला. कथेत इतके लॉजिकल गॅप्स आहेत की डोकं दुखायला लागतं. दिग्दर्शन अगदीच कमकुवत असून प्रसंगांची मांडणी विस्कळीत आहे. या चित्रपटाला दोन पैकी अर्धा स्टार सुद्धा जास्त आहे.,Negative
चित्रपटातील संवाद पाहून संवाद कृत्रिम वाटतात; एकूण अनुभव अप्रभावी आहे.,Negative
सुरुवात थोडी कंटाळवाणी आणि संथ आहे; मनाला न पटणारा नाही असे एकूण चित्रपटाबद्दल म्हणता येणार नाही. पण पुढे कथा इतकी सुंदर उलगडते. चित्रपटाने निराश केले नाही; उलट तो खूप आवडला.,Positive
फारसा वाईट नाही असे अंतिम निष्कर्ष काढणे योग्य ठरणार नाही. सुरुवात थोडी कंटाळवाणी आणि संथ आहे; मात्र दुसऱ्या अर्ध्यात चित्रपट पूर्णपणे बदलतो. एकूण परिणाम सकारात्मक आणि समाधान देणारा आहे.,Positive
"थिएटरमध्ये जाऊन बघण्यासारखा चित्रपट आहे हा. शेवट अगदी समाधानकारक आणि हृदयस्पर्शी झाला आहे. छायाचित्रण अप्रतिम आहे, प्रत्येक फ्रेम एखाद्या चित्रासारखी वाटते. दिग्दर्शनातली बारकाई प्रत्येक दृश्यात जाणवते. या चित्रपटाला पाच पैकी पाच स्टार्स.",Positive
हा अनुभव दर्जेदार नसून खूप सुमार आहे; संवाद कृत्रिम वाटतात.,Negative
"चित्रपटात शेवट उत्तम आहे, त्यामुळे भावनिक प्रसंग मनाला स्पर्श करतात.",Positive
खरंच अशा चित्रपटांची गरज आहे मराठी सृष्टीला. शेवट अगदी समाधानकारक आणि हृदयस्पर्शी झाला आहे. क्लायमॅक्स इतका जबरदस्त आहे की अंगावर काटा येतो. या चित्रपटाला पाच पैकी पाच स्टार्स.,Positive
सिनेमागृहातून बाहेर पडताना खूप वैताग आला. सहकलाकारांचा अभिनयही अगदीच सामान्य आहे. शेवट इतका घाईघाईत गुंडाळलेला आहे की निराशा होते.,Negative
विनोदी प्रसंग आणि पार्श्वसंगीत दोन्ही उत्तम आहेत; त्यामुळे चित्रपट पाहताना उत्सुकता कायम राहते.,Positive
कथेपासून अभिनयापर्यंत बरेच काही गोंधळलेला वाटले; चित्रपट पाहिल्यानंतर विशेष काही लक्षात राहत नाही.,Negative
या चित्रपटाची पार्श्वसंगीत निराश करते आणि वेळ वाया गेल्यासारखे वाटले.,Negative
या चित्रपटाची दिग्दर्शन मनाला भिडते आणि कथा शेवटपर्यंत पकडून ठेवते.,Positive
चित्रपटाने अजिबात निराश केले नाही; संगीत विशेष अप्रतिम आहे.,Positive
हा अनुभव प्रभावी नसून खूप अप्रभावी आहे; पटकथा शेवटपर्यंत प्रभावी राहत नाही.,Negative
"हा चित्रपट अजिबात बघण्यासारखा नाही. अॅक्शन सीन्स अगदीच बनावट आणि कंटाळवाणे वाटतात. गाणी उगाचच घुसवल्यासारखी वाटतात, कथेशी संबंधच नाही. अपेक्षा घेऊन गेलात तर नक्कीच निराश व्हाल.",Negative
संगीत आणि अभिनय दोन्ही अंदाजे आहेत; त्यामुळे संवाद कृत्रिम वाटतात.,Negative
चित्रपट अजिबात प्रभावी नाही; उलट शेवट खूप सुमार आहे.,Negative
चित्रपटाने अजिबात निराश केले नाही; पटकथा विशेष सुंदर आहे.,Positive
सुरुवातीला कथा सुंदर आणि आकर्षक वाटते; समाधानकारक नाही असे एकूण चित्रपटाबद्दल म्हणता येणार नाही. मात्र नंतर कथा इतकी रटाळ होते. शेवटी चित्रपट समाधान देत नाही.,Negative
मांडणी इतका उत्कृष्ट आहे की शेवट समाधानकारक वाटतो.,Positive
हा चित्रपट अंदाजे वाटतो; काही दृश्ये अजिबात गरजेची वाटत नाहीत.,Negative
हा चित्रपट अपेक्षेपेक्षा अतिशय संथ निघाला आणि वेळ वाया गेल्यासारखे वाटले.,Negative
"उगाच हाईप केलेला सिनेमा, प्रत्यक्षात काही दम नाही. पार्श्वसंगीत उगाचच मोठ्या आवाजात आणि त्रासदायक वाटतं. शेवट इतका घाईघाईत गुंडाळलेला आहे की निराशा होते.",Negative
पार्श्वसंगीत आणि अभिनय दोन्ही अस्ताव्यस्त आहेत; त्यामुळे कथानकात नवीनपणा जाणवत नाही.,Negative
चित्रपटाने चित्रपट पाहिल्यानंतर विशेष काही लक्षात राहत नाही आणि मुख्य कलाकाराचा अभिनय खरोखर कृत्रिम आहे.,Negative
हा चित्रपट पुन्हा पाहावासा वाटत नाही कारण पटकथा खूप फिका आहे.,Negative
चित्रपटाने दिग्दर्शनाने विषयाला योग्य न्याय दिला नाही आणि शेवट खरोखर अप्रभावी आहे.,Negative
"चित्रपट पाहताना संगीताने प्रसंगांची परिणामकारकता वाढवली, कारण कथानक खूप उत्कृष्ट आहे.",Positive
खराब नाही असे अंतिम निष्कर्ष काढणे योग्य ठरणार नाही. सुरुवात थोडी कंटाळवाणी आणि संथ आहे; मात्र दुसऱ्या अर्ध्यात चित्रपट पूर्णपणे बदलतो. चित्रपटाने निराश केले नाही; उलट तो खूप आवडला.,Positive
दृश्यरचना आणि अभिनय दोन्ही अस्ताव्यस्त आहेत; त्यामुळे भावनिक प्रसंगांचा परिणाम होत नाही.,Negative
पैसे वाया गेले असं वाटलं सिनेमा बघून. दिग्दर्शकाला नेमकं काय दाखवायचं आहे हेच कळत नाही. क्लायमॅक्स अगदीच अपेक्षित आणि सपक झाला आहे. सहकलाकारांचा अभिनयही अगदीच सामान्य आहे.,Negative
विनोदी प्रसंग इतका रंजक आहे की चित्रपट पाहून मन प्रसन्न झाले.,Positive
सुरुवातीपासून शेवटपर्यंत चित्रपट हृदयस्पर्शी राहतो आणि चित्रपट पाहताना उत्सुकता कायम राहते.,Positive
हा चित्रपट पुन्हा पाहावासा वाटत नाही कारण विनोदी प्रसंग खूप निराशाजनक आहे.,Negative
हा चित्रपट दर्जेदार वाटतो; कथा शेवटपर्यंत पकडून ठेवते.,Positive
यशस्वी नाही असे अंतिम निष्कर्ष काढणे योग्य ठरणार नाही. सुरुवातीला कथा सुंदर आणि आकर्षक वाटते; पण पुढे पटकथा पूर्णपणे गोंधळते. एकूण अनुभव मात्र निराशाजनक आहे.,Negative
हा चित्रपट अपेक्षेपेक्षा अंदाजे निघाला आणि चित्रपटाची लांबी त्रासदायक ठरते.,Negative
हा चित्रपट पुन्हा पाहावासा वाटत नाही कारण दिग्दर्शन खूप कंटाळवाणा आहे.,Negative
दिग्दर्शन इतका उत्तम आहे की चित्रपटाचा अनुभव मनाला आनंद देतो.,Positive
सुरुवातीपासून शेवटपर्यंत चित्रपट अस्ताव्यस्त राहतो आणि काही दृश्ये अजिबात गरजेची वाटत नाहीत.,Negative
हा अनुभव उत्तम नसून खूप फिका आहे; कलाकारांच्या कामगिरीत उत्साह जाणवत नाही.,Negative
सुरुवातीला कथा सुंदर आणि आकर्षक वाटते; समाधानकारक नाही असे एकूण चित्रपटाबद्दल म्हणता येणार नाही. पण पुढे पटकथा पूर्णपणे गोंधळते. एकूण चित्रपट सकारात्मक कारणांसाठी लक्षात राहत नाही.,Negative
या कलाकृतीमध्ये काहीही सुंदर वाटत नाही; संगीत खूप अप्रभावी आहे.,Negative
"सिनेमागृहातून बाहेर पडताना खूप वैताग आला. कथेत काहीच नावीन्य नाही, सगळं आधीच पाहिलेलं वाटतं. अॅक्शन सीन्स अगदीच बनावट आणि कंटाळवाणे वाटतात.",Negative
संपूर्ण चित्रपट सुंदर आहे आणि दिग्दर्शन मुळे अनुभव आणखी सुंदर झाला.,Positive
चित्रपट अजिबात कमकुवत नाही; उलट मुख्य कलाकाराचा अभिनय खूप हृदयस्पर्शी आहे.,Positive
समाधानकारक नाही असे अंतिम निष्कर्ष काढणे योग्य ठरणार नाही. सुरुवातीला कथा सुंदर आणि आकर्षक वाटते; तरी दुसऱ्या अर्ध्यात दिग्दर्शन कमकुवत होते. त्यामुळे हा चित्रपट समाधानकारक म्हणता येत नाही.,Negative
संपूर्ण चित्रपट नैसर्गिक आहे आणि विनोदी प्रसंग मुळे अनुभव आणखी सुंदर झाला.,Positive
सिनेमागृहातून बाहेर पडताना चेहऱ्यावर हसू होतं. प्रत्येक कलाकाराने आपल्या भूमिकेला योग्य न्याय दिला आहे. कुटुंबासोबत थिएटरमध्ये जाऊन बघण्यासारखा सिनेमा आहे.,Positive
हा चित्रपट प्रभावी वाटतो; कुटुंबासोबत पाहण्यासारखा अनुभव मिळतो.,Positive
"सुरुवातीला कथा सुंदर आणि आकर्षक वाटते. पण पुढील भाग इतका कंटाळवाणा आहे, पण एकूण अनुभव मात्र निराशाजनक आहे.",Negative
हा चित्रपट निरस वाटतो; चित्रपट पाहिल्यानंतर विशेष काही लक्षात राहत नाही.,Negative
मांडणी आणि दृश्यरचना दोन्ही निरस आहेत; त्यामुळे चित्रपट पाहताना वारंवार कंटाळा आला.,Negative
सुरुवातीला कथा सुंदर आणि आकर्षक वाटते; उत्कृष्ट नाही असे एकूण चित्रपटाबद्दल म्हणता येणार नाही. मात्र नंतर कथा इतकी रटाळ होते. एकूण अनुभव मात्र निराशाजनक आहे.,Negative
"पैसे वसूल चित्रपट, अजिबात निराश करत नाही. दिग्दर्शनातली बारकाई प्रत्येक दृश्यात जाणवते. थिएटरमध्ये जाऊन नक्की एन्जॉय करा.",Positive
चित्रपटातील पार्श्वसंगीत पाहून चित्रपट पाहताना वारंवार कंटाळा आला; एकूण अनुभव कमकुवत आहे.,Negative
अभिनय अजिबात खराब नाही आणि कलाकारांची केमिस्ट्री छान आहे. चित्रपट पाहताना उत्सुकता कायम राहते.,Positive
सुरुवातीला कथा सुंदर आणि आकर्षक वाटते; प्रभावी नाही असे एकूण चित्रपटाबद्दल म्हणता येणार नाही. पण पुढे पटकथा पूर्णपणे गोंधळते. शेवटी चित्रपट समाधान देत नाही.,Negative
"खूप दिवसांनी असा जबरदस्त चित्रपट पाहिला. सहकलाकारांचाही अभिनय तितकाच दमदार आहे. अॅक्शन सीन्स एकदम जबरदस्त आणि रिअलिस्टिक वाटतात. छायाचित्रण अप्रतिम आहे, प्रत्येक फ्रेम एखाद्या चित्रासारखी वाटते. थिएटरमध्ये जाऊन नक्की एन्जॉय करा.",Positive
चित्रपटाने संवाद कृत्रिम वाटतात आणि मांडणी खरोखर अप्रभावी आहे.,Negative
सुरुवात थोडी कंटाळवाणी आणि संथ आहे; असमाधानकारक नाही असे एकूण चित्रपटाबद्दल म्हणता येणार नाही. मात्र दुसऱ्या अर्ध्यात चित्रपट पूर्णपणे बदलतो. म्हणून एकूण चित्रपट अपेक्षेपेक्षा सुंदर वाटतो.,Positive
सिनेमा सुरु झाल्यापासूनच कंटाळा येऊ लागला. अॅक्शन सीन्स अगदीच बनावट आणि कंटाळवाणे वाटतात.,Negative
सुरुवातीला कथा सुंदर आणि आकर्षक वाटते; आकर्षक नाही असे एकूण चित्रपटाबद्दल म्हणता येणार नाही. मात्र नंतर कथा इतकी रटाळ होते. एकूण परिणाम वाईट आणि असमाधानकारक राहतो.,Negative
कथेपासून अभिनयापर्यंत बरेच काही गोंधळलेला वाटले; दिग्दर्शनाने विषयाला योग्य न्याय दिला नाही.,Negative
चित्रपट अजिबात प्रभावी नाही; उलट दिग्दर्शन खूप सुमार आहे.,Negative
"सुरुवात थोडी कंटाळवाणी आणि संथ आहे. तरी पुढे पात्रांचा प्रवास खूप प्रभावी होतो, पण सुरुवातीच्या उणिवा असूनही हा चित्रपट लक्षात राहतो.",Positive
चित्रपटातील शेवट पाहून वेळ कसा गेला कळले नाही; एकूण अनुभव उत्तम आहे.,Positive
"सुरुवात थोडी कंटाळवाणी आणि संथ आहे; निराशाजनक नाही असे एकूण चित्रपटाबद्दल म्हणता येणार नाही. तरी पुढे पात्रांचा प्रवास खूप प्रभावी होतो. एकूण अनुभव वाईट नाही, उलट समाधानकारक आहे.",Positive
या चित्रपटाची संगीत निराश करते आणि संवाद कृत्रिम वाटतात.,Negative
चित्रपट अजिबात मनमोहक नाही; उलट कथा खूप निराशाजनक आहे.,Negative
चित्रपटमध्ये काहीही वाईट वाटत नाही; छायाचित्रण खूप अप्रतिम आहे.,Positive
चित्रपटाची संवाद खूप प्रभावी आहे आणि सर्व कलाकारांची कामगिरी लक्षात राहते.,Positive
अभिनय इतका रंजक आहे की संगीताने प्रसंगांची परिणामकारकता वाढवली.,Positive
चित्रपट अजिबात मनोरंजक नाही आणि वेळ वाया गेल्यासारखे वाटले. त्यामुळे चित्रपट फारसा प्रभावी वाटत नाही.,Negative
थिएटरमध्ये जाऊन बघण्यासारखा चित्रपट आहे हा. दिग्दर्शकाने प्रत्येक प्रसंग अतिशय सुंदर पद्धतीने मांडला आहे.,Positive
"चित्रपटात दृश्यरचना कमकुवत आहे, त्यामुळे चित्रपटाची लांबी त्रासदायक ठरते.",Negative
कथेपासून अभिनयापर्यंत बरेच काही कंटाळवाणा वाटले; काही दृश्ये अजिबात गरजेची वाटत नाहीत.,Negative
हा चित्रपट अपेक्षेपेक्षा उत्तम निघाला आणि भावनिक प्रसंग मनाला स्पर्श करतात.,Positive
कथेपासून अभिनयापर्यंत बरेच काही अतिशय संथ वाटले; कथानकात नवीनपणा जाणवत नाही.,Negative
चित्रपट अजिबात प्रभावी नाही; उलट कथानक खूप फिका आहे.,Negative
चित्रपट अजिबात प्रभावी नाही; उलट दृश्यरचना खूप अस्ताव्यस्त आहे.,Negative
"चित्रपट पाहताना भावनिक प्रसंगांचा परिणाम होत नाही, कारण भावनिक सादरीकरण खूप निरस आहे.",Negative
"चित्रपटात पटकथा उत्तम आहे, त्यामुळे भावनिक प्रसंग मनाला स्पर्श करतात.",Positive
सुंदर दिग्दर्शन आणि तितकंच सुंदर संगीत.,Positive
प्रभावी नाही असे अंतिम निष्कर्ष काढणे योग्य ठरणार नाही. सुरुवातीला कथा सुंदर आणि आकर्षक वाटते; पण पुढे पटकथा पूर्णपणे गोंधळते. एकूण अनुभव मात्र निराशाजनक आहे.,Negative
हा चित्रपट अपेक्षेपेक्षा नैसर्गिक निघाला आणि शेवट समाधानकारक वाटतो.,Positive
चित्रपटाने पूर्णपणे निराश केले; छायाचित्रण विशेष अस्ताव्यस्त आहे.,Negative
चित्रपट अजिबात कंटाळवाणा नाही; उलट भावनिक सादरीकरण खूप प्रभावी आहे.,Positive
"चित्रपटात मुख्य कलाकाराचा अभिनय उत्तम आहे, त्यामुळे सर्व कलाकारांची कामगिरी लक्षात राहते.",Positive
"चित्रपट पाहताना संगीताने प्रसंगांची परिणामकारकता वाढवली, कारण दिग्दर्शन खूप अप्रतिम आहे.",Positive
या कलाकृतीचा संगीत अप्रभावी असून संवाद कृत्रिम वाटतात.,Negative
संपूर्ण चित्रपट अतिशय संथ आहे आणि विनोदी प्रसंग मुळे अनुभव खराब झाला.,Negative
अभिनय इतका मनमोहक आहे की चित्रपटाचा अनुभव मनाला आनंद देतो.,Positive
चित्रपटाने चित्रपट पाहताना वारंवार कंटाळा आला आणि पार्श्वसंगीत खरोखर सुमार आहे.,Negative
चित्रपटाने अजिबात निराश केले नाही; मुख्य कलाकाराचा अभिनय विशेष प्रभावी आहे.,Positive
भावनिक सादरीकरण इतका फिका आहे की कथा पुढे सरकत नाही.,Negative
"चित्रपटात दिग्दर्शन उत्तम आहे, त्यामुळे चित्रपट पाहून मन प्रसन्न झाले.",Positive
"चित्रपट पाहताना शेवट समाधानकारक वाटतो, कारण पार्श्वसंगीत खूप अप्रतिम आहे.",Positive
कथा अजिबात फिका नाही आणि प्रत्येक फ्रेम विचारपूर्वक सादर केली आहे.,Positive
या चित्रपटाची संवाद निराश करते आणि भावनिक प्रसंगांचा परिणाम होत नाही.,Negative
हा चित्रपट अपेक्षेपेक्षा अप्रतिम निघाला आणि चित्रपट पाहताना उत्सुकता कायम राहते.,Positive
चित्रपटाची संवाद खूप रंजक आहे आणि प्रत्येक प्रसंग लक्षात राहतो.,Positive
कथेपासून अभिनयापर्यंत सर्व काही उत्कृष्ट वाटले; चित्रपट पाहताना उत्सुकता कायम राहते.,Positive
मनाला न पटणारा नाही असे अंतिम निष्कर्ष काढणे योग्य ठरणार नाही. सुरुवात थोडी कंटाळवाणी आणि संथ आहे; पण पुढे कथा इतकी सुंदर उलगडते. चित्रपटाने निराश केले नाही; उलट तो खूप आवडला.,Positive
चित्रपटाची कथानक खूप कृत्रिम आहे आणि कथानकात नवीनपणा जाणवत नाही.,Negative
चित्रपटाने शेवट निराश करतो आणि मांडणी खरोखर गोंधळलेला आहे.,Negative
चित्रपटाने संगीताने प्रसंगांची परिणामकारकता वाढवली आणि कथानक खरोखर दर्जेदार आहे.,Positive
संपूर्ण मांडणीमध्ये काहीही मनमोहक वाटत नाही; पार्श्वसंगीत खूप गोंधळलेला आहे.,Negative
संपूर्ण चित्रपट कौतुकास्पद आहे आणि दृश्यरचना मुळे अनुभव आणखी सुंदर झाला.,Positive
कथेपासून अभिनयापर्यंत बरेच काही कृत्रिम वाटले; काही दृश्ये अजिबात गरजेची वाटत नाहीत.,Negative
"चित्रपटात दिग्दर्शन उत्तम आहे, त्यामुळे कथा शेवटपर्यंत पकडून ठेवते.",Positive
हा चित्रपट खरंच अप्रतिम होता. कथा अगदी वेगळी आणि विचार करायला लावणारी आहे. विनोदी प्रसंग अगदी सहज आणि टाइमिंगसह मांडले आहेत. पटकथा घट्ट बांधलेली असल्यामुळे कुठेही कंटाळा येत नाही. कुटुंबासोबत थिएटरमध्ये जाऊन बघण्यासारखा सिनेमा आहे.,Positive
सिनेमागृहातून बाहेर पडताना खूप वैताग आला. मुख्य कलाकारांच्या भूमिकेत जीव ओतलेला जाणवलाच नाही. थिएटरमध्ये पैसे खर्च करण्याआधी नक्की विचार करा.,Negative
"सुरुवातीला कथा सुंदर आणि आकर्षक वाटते. पण पुढे पटकथा पूर्णपणे गोंधळते, पण अखेरीस एकूण परिणाम कमकुवत ठरतो.",Negative
चित्रपटाची शेवट खूप अतिशय संथ आहे आणि चित्रपटाची लांबी त्रासदायक ठरते.,Negative
सुरुवातीपासून शेवटपर्यंत चित्रपट सुंदर राहतो आणि चित्रपटाचा अनुभव मनाला आनंद देतो.,Positive
आकर्षक नाही असे अंतिम निष्कर्ष काढणे योग्य ठरणार नाही. सुरुवातीला कथा सुंदर आणि आकर्षक वाटते; मात्र नंतर कथा इतकी रटाळ होते. एकूण चित्रपट सकारात्मक कारणांसाठी लक्षात राहत नाही.,Negative
"चित्रपट पाहताना दिग्दर्शनाने विषयाला योग्य न्याय दिला नाही, कारण मांडणी खूप अस्ताव्यस्त आहे.",Negative
मित्रांसोबत बघितला आणि सगळ्यांनाच खूप आवडला. व्हीएफएक्स दर्जेदार असून हॉलिवूडच्या तोडीचे वाटतात. संगीत कानाला खूप गोड लागतं आणि गाणी सुद्धा सुरेख आहेत.,Positive
चित्रपटाने पूर्णपणे निराश केले; शेवट विशेष अतिशय संथ आहे.,Negative
कथामध्ये काहीही कमकुवत वाटत नाही; विनोदी प्रसंग खूप सुंदर आहे.,Positive
चित्रपटाने वेळ वाया गेल्यासारखे वाटले आणि संवाद खरोखर निराशाजनक आहे.,Negative
"क्लासच आहे राव, बघाच एकदा. कथेची मांडणी अशी आहे की पुढे काय होणार याची उत्सुकता कायम राहते.",Positive
विनोदी प्रसंग आणि संवाद दोन्ही दर्जेदार आहेत; त्यामुळे चित्रपट पाहून मन प्रसन्न झाले.,Positive
चित्रपटातील संवाद पाहून सर्व कलाकारांची कामगिरी लक्षात राहते; एकूण अनुभव नैसर्गिक आहे.,Positive
सिनेमागृहातून बाहेर पडताना खूप वैताग आला. पार्श्वसंगीत उगाचच मोठ्या आवाजात आणि त्रासदायक वाटतं.,Negative
हा अनुभव रंजक नसून खूप कंटाळवाणा आहे; कलाकारांच्या कामगिरीत उत्साह जाणवत नाही.,Negative
पार्श्वसंगीत आणि अभिनय दोन्ही कमकुवत आहेत; त्यामुळे पटकथा शेवटपर्यंत प्रभावी राहत नाही.,Negative
चित्रपटातील संवाद पाहून चित्रपट पाहिल्यानंतर विशेष काही लक्षात राहत नाही; एकूण अनुभव निराशाजनक आहे.,Negative
हा चित्रपट खरंच अप्रतिम होता. दिग्दर्शनातली बारकाई प्रत्येक दृश्यात जाणवते. कथेची मांडणी अशी आहे की पुढे काय होणार याची उत्सुकता कायम राहते. असे चित्रपट वारंवार यायला हवेत.,Positive
"पूर्ण चित्रपटभर काहीच लॉजिक सापडलं नाही. कथेत काहीच नावीन्य नाही, सगळं आधीच पाहिलेलं वाटतं. क्लायमॅक्स अगदीच अपेक्षित आणि सपक झाला आहे. व्हीएफएक्स इतके स्वस्त वाटतात की हसू येतं. या चित्रपटाला दोन पैकी अर्धा स्टार सुद्धा जास्त आहे.",Negative
हा चित्रपट पुन्हा पाहावासा वाटतो कारण भावनिक सादरीकरण खूप कौतुकास्पद आहे.,Positive
चित्रपटाने भावनिक प्रसंग मनाला स्पर्श करतात आणि संवाद खरोखर मनमोहक आहे.,Positive
कथामध्ये काहीही निरस वाटत नाही; पटकथा खूप मनमोहक आहे.,Positive
हा चित्रपट खरंच अप्रतिम होता. क्लायमॅक्स इतका जबरदस्त आहे की अंगावर काटा येतो. कथेची मांडणी अशी आहे की पुढे काय होणार याची उत्सुकता कायम राहते. संगीत कानाला खूप गोड लागतं आणि गाणी सुद्धा सुरेख आहेत.,Positive
"चित्रपट पाहताना वेळ कसा गेला कळले नाही, कारण संगीत खूप उत्कृष्ट आहे.",Positive
छायाचित्रण इतका कौतुकास्पद आहे की शेवट समाधानकारक वाटतो.,Positive
मांडणी आणि कथा दोन्ही अस्ताव्यस्त आहेत; त्यामुळे शेवट निराश करतो.,Negative
चित्रपट अजिबात रंजक नाही; उलट संगीत खूप अप्रभावी आहे.,Negative
मांडणी आणि संगीत दोन्ही कंटाळवाणा आहेत; त्यामुळे कलाकारांच्या कामगिरीत उत्साह जाणवत नाही.,Negative
संपूर्ण चित्रपट सुमार आहे आणि पार्श्वसंगीत मुळे अनुभव खराब झाला.,Negative
चित्रपटाची संवाद खूप गोंधळलेला आहे आणि कथा पुढे सरकत नाही.,Negative
हा चित्रपट अपेक्षेपेक्षा कृत्रिम निघाला आणि काही दृश्ये अजिबात गरजेची वाटत नाहीत.,Negative
पैसे वाया गेले असं वाटलं सिनेमा बघून. अभिनेत्यांचा अभिनय अगदीच सुमार आणि कृत्रिम वाटला. पार्श्वसंगीत उगाचच मोठ्या आवाजात आणि त्रासदायक वाटतं.,Negative
चित्रपटातील अभिनय पाहून सर्व कलाकारांची कामगिरी लक्षात राहते; एकूण अनुभव प्रभावी आहे.,Positive
हा चित्रपट कमकुवत वाटतो; संवाद कृत्रिम वाटतात.,Negative
"एकदम भारी चित्रपट, अपेक्षेपेक्षा जास्त आवडला. कथा अगदी वेगळी आणि विचार करायला लावणारी आहे. एकदा तरी नक्की बघावा असा हा चित्रपट आहे.",Positive
अपेक्षाभंग करणारा नाही असे अंतिम निष्कर्ष काढणे योग्य ठरणार नाही. सुरुवात थोडी कंटाळवाणी आणि संथ आहे; पण पुढे कथा इतकी सुंदर उलगडते. सुरुवातीच्या उणिवा असूनही हा चित्रपट लक्षात राहतो.,Positive
हा अनुभव अप्रतिम नसून खूप अप्रभावी आहे; कथा पुढे सरकत नाही.,Negative
हा चित्रपट कौतुकास्पद वाटतो; कलाकारांनी भूमिका जिवंत केल्या आहेत.,Positive
पटकथा इतका अंदाजे आहे की चित्रपट पाहताना वारंवार कंटाळा आला.,Negative
निराशाजनक नाही असे अंतिम निष्कर्ष काढणे योग्य ठरणार नाही. सुरुवात थोडी कंटाळवाणी आणि संथ आहे; पण पुढे कथा इतकी सुंदर उलगडते. अखेरीस हा अनुभव अजिबात असमाधानकारक राहत नाही.,Positive
या कलाकृतीचा दृश्यरचना प्रभावी असून शेवट समाधानकारक वाटतो.,Positive
हा चित्रपट अपेक्षेपेक्षा अस्ताव्यस्त निघाला आणि चित्रपटाची लांबी त्रासदायक ठरते.,Negative
"इतका रटाळ चित्रपट खूप दिवसांनी पाहिला. कथेत काहीच नावीन्य नाही, सगळं आधीच पाहिलेलं वाटतं. थिएटरमध्ये पैसे खर्च करण्याआधी नक्की विचार करा.",Negative
"खूप दिवसांनी असा जबरदस्त चित्रपट पाहिला. छायाचित्रण अप्रतिम आहे, प्रत्येक फ्रेम एखाद्या चित्रासारखी वाटते. एकदा तरी नक्की बघावा असा हा चित्रपट आहे.",Positive
चित्रपट अजिबात मनमोहक नाही; उलट शेवट खूप अंदाजे आहे.,Negative
या कलाकृतीचा कथानक उत्कृष्ट असून दिग्दर्शकाने विषयाला योग्य न्याय दिला.,Positive
चित्रपटमध्ये काहीही सुंदर वाटत नाही; कथानक खूप कंटाळवाणा आहे.,Negative
कथेपासून अभिनयापर्यंत बरेच काही अस्ताव्यस्त वाटले; भावनिक प्रसंगांचा परिणाम होत नाही.,Negative
पार्श्वसंगीत इतका आकर्षक आहे की कलाकारांनी भूमिका जिवंत केल्या आहेत.,Positive
"सुरुवात थोडी कंटाळवाणी आणि संथ आहे; निराश केले नाही असे एकूण चित्रपटाबद्दल म्हणता येणार नाही. तरी पुढे पात्रांचा प्रवास खूप प्रभावी होतो. एकूण अनुभव वाईट नाही, उलट समाधानकारक आहे.",Positive
सुरुवातीपासून शेवटपर्यंत चित्रपट रंजक राहतो आणि कुटुंबासोबत पाहण्यासारखा अनुभव मिळतो.,Positive
चित्रपटाने पटकथा शेवटपर्यंत प्रभावी राहत नाही आणि शेवट खरोखर निराशाजनक आहे.,Negative
"उगाच हाईप केलेला सिनेमा, प्रत्यक्षात काही दम नाही. संवाद खूपच सुमार आणि ओढून ताणून लिहिलेले वाटतात. विनोदी प्रसंग हास्यास्पद वाटतात, हसू येण्याऐवजी वैताग येतो. क्लायमॅक्स अगदीच अपेक्षित आणि सपक झाला आहे. वेळ असेल तरी बघू नका असा सल्ला देईन.",Negative
चित्रपट अजिबात उत्कृष्ट नाही; उलट शेवट खूप अस्ताव्यस्त आहे.,Negative
सुरुवातीला कथा सुंदर आणि आकर्षक वाटते; उत्तम नाही असे एकूण चित्रपटाबद्दल म्हणता येणार नाही. पण पुढे पटकथा पूर्णपणे गोंधळते. एकूण परिणाम वाईट आणि असमाधानकारक राहतो.,Negative
दृश्यरचना आणि कथानक दोन्ही नैसर्गिक आहेत; त्यामुळे दिग्दर्शकाने विषयाला योग्य न्याय दिला.,Positive
सिनेमा सुरु झाल्यापासूनच कंटाळा येऊ लागला. कथेत इतके लॉजिकल गॅप्स आहेत की डोकं दुखायला लागतं. मराठी सिनेमाच्या नावाला कमीपणा आणणारा चित्रपट आहे.,Negative
"अभिनय उत्कृष्ट वाटला नाही, कलाकारांची कामगिरी निराशाजनक आहे. त्यामुळे चित्रपट फारसा प्रभावी वाटत नाही.",Negative
थिएटरमध्ये जाऊन बघण्यासारखा चित्रपट आहे हा. प्रत्येक कलाकाराने आपल्या भूमिकेला योग्य न्याय दिला आहे. सहकलाकारांचाही अभिनय तितकाच दमदार आहे. क्लायमॅक्स इतका जबरदस्त आहे की अंगावर काटा येतो. थिएटरमध्ये जाऊन नक्की एन्जॉय करा.,Positive
पूर्ण कुटुंबासोबत बघण्यासारखा सुंदर चित्रपट आहे. भावनिक प्रसंगांमध्ये डोळ्यात पाणी आल्याशिवाय राहत नाही. सहकलाकारांचाही अभिनय तितकाच दमदार आहे. थिएटरमध्ये जाऊन नक्की एन्जॉय करा.,Positive
खूप दिवसांनी असा जबरदस्त चित्रपट पाहिला. प्रत्येक कलाकाराने आपल्या भूमिकेला योग्य न्याय दिला आहे. गाण्यांचे शब्द आणि चाल दोन्ही मनाला भावतात. दिग्दर्शकाने प्रत्येक प्रसंग अतिशय सुंदर पद्धतीने मांडला आहे. या चित्रपटाला पाच पैकी पाच स्टार्स.,Positive
मित्रांसोबत बघितला आणि सगळ्यांनाच खूप आवडला. अभिनेत्यांचा अभिनय खूपच नैसर्गिक आणि प्रभावी वाटला. गाण्यांचे शब्द आणि चाल दोन्ही मनाला भावतात. शेवट अगदी समाधानकारक आणि हृदयस्पर्शी झाला आहे.,Positive
या चित्रपटाची संवाद निराश करते आणि पटकथा शेवटपर्यंत प्रभावी राहत नाही.,Negative
हा चित्रपट पुन्हा पाहावासा वाटतो कारण मुख्य कलाकाराचा अभिनय खूप प्रभावी आहे.,Positive
चित्रपटाने काही दृश्ये अजिबात गरजेची वाटत नाहीत आणि मांडणी खरोखर अप्रभावी आहे.,Negative
सुरुवातीपासून शेवटपर्यंत चित्रपट अप्रतिम राहतो आणि कथा शेवटपर्यंत पकडून ठेवते.,Positive
"चित्रपट पाहताना शेवट निराश करतो, कारण अभिनय खूप अप्रभावी आहे.",Negative
फारसा वाईट नाही असे अंतिम निष्कर्ष काढणे योग्य ठरणार नाही. सुरुवात थोडी कंटाळवाणी आणि संथ आहे; पण शेवटच्या भागात सुरुवातीच्या उणिवा मागे पडतात. चित्रपटाने निराश केले नाही; उलट तो खूप आवडला.,Positive
कथेपासून अभिनयापर्यंत सर्व काही सुंदर वाटले; भावनिक प्रसंग मनाला स्पर्श करतात.,Positive
कथानकचा पार्श्वसंगीत कंटाळवाणा असून चित्रपटाची लांबी त्रासदायक ठरते.,Negative
हा चित्रपट प्रभावी वाटतो; सर्व कलाकारांची कामगिरी लक्षात राहते.,Positive
चित्रपटमध्ये काहीही उत्कृष्ट वाटत नाही; मांडणी खूप सुमार आहे.,Negative
संपूर्ण मांडणीमध्ये काहीही निराशाजनक वाटत नाही; विनोदी प्रसंग खूप रंजक आहे.,Positive
सुरुवातीला कथा सुंदर आणि आकर्षक वाटते; मात्र नंतर कथा इतकी रटाळ होते. एकूण परिणाम वाईट आणि असमाधानकारक राहतो.,Negative
संपूर्ण मांडणीचा शेवट निरस असून वेळ वाया गेल्यासारखे वाटले.,Negative
यशस्वी नाही असे अंतिम निष्कर्ष काढणे योग्य ठरणार नाही. सुरुवातीला कथा सुंदर आणि आकर्षक वाटते; तरी दुसऱ्या अर्ध्यात दिग्दर्शन कमकुवत होते. अखेरीस एकूण परिणाम कमकुवत ठरतो.,Negative
"एकदम भारी चित्रपट, अपेक्षेपेक्षा जास्त आवडला. क्लायमॅक्स इतका जबरदस्त आहे की अंगावर काटा येतो. कथेची मांडणी अशी आहे की पुढे काय होणार याची उत्सुकता कायम राहते. संवाद खूप प्रभावी असून थेट मनाला भिडतात. एकदा तरी नक्की बघावा असा हा चित्रपट आहे.",Positive
हा चित्रपट सुमार वाटतो; चित्रपट पाहताना वारंवार कंटाळा आला.,Negative
हा चित्रपट पुन्हा पाहावासा वाटतो कारण मांडणी खूप अप्रतिम आहे.,Positive
सिनेमागृहातून बाहेर पडताना चेहऱ्यावर हसू होतं. शेवट अगदी समाधानकारक आणि हृदयस्पर्शी झाला आहे. थिएटरमध्ये जाऊन नक्की एन्जॉय करा.,Positive
सुरुवातीला कथा सुंदर आणि आकर्षक वाटते; पण पुढे पटकथा पूर्णपणे गोंधळते. शेवटी चित्रपट समाधान देत नाही.,Negative
कथेपासून अभिनयापर्यंत बरेच काही अंदाजे वाटले; काही दृश्ये अजिबात गरजेची वाटत नाहीत.,Negative
"सिनेमागृहातून बाहेर पडताना खूप वैताग आला. विनोदी प्रसंग हास्यास्पद वाटतात, हसू येण्याऐवजी वैताग येतो.",Negative
चित्रपट अजिबात निरस नाही; उलट शेवट खूप अप्रतिम आहे.,Positive
कथा अजिबात सुंदर नाही आणि संवाद कृत्रिम वाटतात.,Negative
"उगाच हाईप केलेला सिनेमा, प्रत्यक्षात काही दम नाही. कथेत इतके लॉजिकल गॅप्स आहेत की डोकं दुखायला लागतं. शेवट इतका घाईघाईत गुंडाळलेला आहे की निराशा होते.",Negative
चित्रपटातील मांडणी पाहून भावनिक प्रसंगांचा परिणाम होत नाही; एकूण अनुभव कमकुवत आहे.,Negative
"मित्रांच्या सांगण्यावरून गेलो पण खूप पश्चाताप झाला. अभिनेत्यांचा अभिनय अगदीच सुमार आणि कृत्रिम वाटला. गाणी उगाचच घुसवल्यासारखी वाटतात, कथेशी संबंधच नाही. वेळ असेल तरी बघू नका असा सल्ला देईन.",Negative
संपूर्ण चित्रपट नैसर्गिक आहे आणि पटकथा मुळे अनुभव आणखी सुंदर झाला.,Positive
"चित्रपटात शेवट कमकुवत आहे, त्यामुळे संवाद कृत्रिम वाटतात.",Negative
कथा अजिबात निरस नाही आणि चित्रपट पाहून मन प्रसन्न झाले.,Positive
फुकट गेला वेळ यार पूर्ण. अभिनेत्यांचा अभिनय अगदीच सुमार आणि कृत्रिम वाटला.,Negative
सुरुवातीला कथा सुंदर आणि आकर्षक वाटते; चांगला नाही असे एकूण चित्रपटाबद्दल म्हणता येणार नाही. तरी दुसऱ्या अर्ध्यात दिग्दर्शन कमकुवत होते. अखेरीस एकूण परिणाम कमकुवत ठरतो.,Negative
कथानकमध्ये काहीही अप्रभावी वाटत नाही; कथानक खूप कौतुकास्पद आहे.,Positive
पूर्ण चित्रपटभर काहीच लॉजिक सापडलं नाही. अॅक्शन सीन्स अगदीच बनावट आणि कंटाळवाणे वाटतात.,Negative
मुख्य कलाकाराचा अभिनय इतका कंटाळवाणा आहे की कलाकारांच्या कामगिरीत उत्साह जाणवत नाही.,Negative
हा चित्रपट अपेक्षेपेक्षा रंजक निघाला आणि प्रत्येक प्रसंग लक्षात राहतो.,Positive
सुरुवातीपासून शेवटपर्यंत चित्रपट मनमोहक राहतो आणि चित्रपट पाहून मन प्रसन्न झाले.,Positive
कथा अजिबात कंटाळवाणा नाही आणि चित्रपटाचा अनुभव मनाला आनंद देतो.,Positive
कथा अजिबात रंजक नाही आणि चित्रपटाची लांबी त्रासदायक ठरते.,Negative
चित्रपटाने पूर्णपणे निराश केले; दिग्दर्शन विशेष अंदाजे आहे.,Negative
अपेक्षा खूप होत्या पण चित्रपटाने साफ निराश केलं. संवाद खूपच सुमार आणि ओढून ताणून लिहिलेले वाटतात. पार्श्वसंगीत उगाचच मोठ्या आवाजात आणि त्रासदायक वाटतं. थिएटरमध्ये पैसे खर्च करण्याआधी नक्की विचार करा.,Negative
चित्रपटाने भावनिक प्रसंगांचा परिणाम होत नाही आणि दिग्दर्शन खरोखर कृत्रिम आहे.,Negative
हा चित्रपट अपेक्षेपेक्षा फिका निघाला आणि अनेक प्रसंग विनाकारण लांबवले आहेत.,Negative
"चित्रपट पाहताना कथा शेवटपर्यंत पकडून ठेवते, कारण संगीत खूप रंजक आहे.",Positive
"चित्रपटात पटकथा कमकुवत आहे, त्यामुळे शेवट निराश करतो.",Negative
सुरुवात थोडी कंटाळवाणी आणि संथ आहे; निराश केले नाही असे एकूण चित्रपटाबद्दल म्हणता येणार नाही. तरी पुढे पात्रांचा प्रवास खूप प्रभावी होतो. म्हणून एकूण चित्रपट अपेक्षेपेक्षा सुंदर वाटतो.,Positive
हा चित्रपट सुमार वाटतो; कथा पुढे सरकत नाही.,Negative
सुरुवातीपासून शेवटपर्यंत चित्रपट मनमोहक राहतो आणि संगीताने प्रसंगांची परिणामकारकता वाढवली.,Positive
थिएटरमध्ये जाऊन बघण्यासारखा चित्रपट आहे हा. व्हीएफएक्स दर्जेदार असून हॉलिवूडच्या तोडीचे वाटतात. भावनिक प्रसंगांमध्ये डोळ्यात पाणी आल्याशिवाय राहत नाही. कुटुंबासोबत थिएटरमध्ये जाऊन बघण्यासारखा सिनेमा आहे.,Positive
मित्रांच्या सांगण्यावरून गेलो पण खूप पश्चाताप झाला. दिग्दर्शन अगदीच कमकुवत असून प्रसंगांची मांडणी विस्कळीत आहे. काही कलाकारांची निवडच चुकीची वाटते. दिग्दर्शकाला नेमकं काय दाखवायचं आहे हेच कळत नाही.,Negative
छायाचित्रण इतका अस्ताव्यस्त आहे की अनेक प्रसंग विनाकारण लांबवले आहेत.,Negative
"चित्रपट पाहताना पटकथा शेवटपर्यंत प्रभावी राहत नाही, कारण कथा खूप फिका आहे.",Negative
चित्रपटाची संगीत खूप निराशाजनक आहे आणि भावनिक प्रसंगांचा परिणाम होत नाही.,Negative
अभिनय अजिबात खराब नाही आणि कलाकारांची केमिस्ट्री छान आहे. हा अनुभव नक्कीच समाधानकारक वाटतो.,Positive
संपूर्ण चित्रपट आकर्षक आहे आणि पटकथा मुळे अनुभव आणखी सुंदर झाला.,Positive
"मस्त सिनेमा आहे, नक्की बघा. संवाद खूप प्रभावी असून थेट मनाला भिडतात. संगीत कानाला खूप गोड लागतं आणि गाणी सुद्धा सुरेख आहेत. पटकथा घट्ट बांधलेली असल्यामुळे कुठेही कंटाळा येत नाही.",Positive
कथाचा शेवट अप्रतिम असून प्रत्येक फ्रेम विचारपूर्वक सादर केली आहे.,Positive
मुख्य कलाकाराचा अभिनय आणि संगीत दोन्ही आकर्षक आहेत; त्यामुळे शेवट समाधानकारक वाटतो.,Positive
चित्रपटचा छायाचित्रण रंजक असून कलाकारांनी भूमिका जिवंत केल्या आहेत.,Positive
संपूर्ण चित्रपट आकर्षक आहे आणि शेवट मुळे अनुभव आणखी सुंदर झाला.,Positive
या वर्षीचा सर्वोत्तम मराठी चित्रपट असं म्हणता येईल. व्हीएफएक्स दर्जेदार असून हॉलिवूडच्या तोडीचे वाटतात.,Positive
चित्रपटाने पूर्णपणे निराश केले; छायाचित्रण विशेष फिका आहे.,Negative
दिग्दर्शन इतका गोंधळलेला आहे की कथानकात नवीनपणा जाणवत नाही.,Negative
हा चित्रपट सुंदर वाटतो; कलाकारांनी भूमिका जिवंत केल्या आहेत.,Positive
सिनेमा सुरुवातीपासून शेवटपर्यंत खिळवून ठेवतो. विनोदी प्रसंग अगदी सहज आणि टाइमिंगसह मांडले आहेत. शेवट अगदी समाधानकारक आणि हृदयस्पर्शी झाला आहे.,Positive
चित्रपटचा कथा आकर्षक असून कथा शेवटपर्यंत पकडून ठेवते.,Positive
चित्रपटातील पटकथा पाहून कथा शेवटपर्यंत पकडून ठेवते; एकूण अनुभव दर्जेदार आहे.,Positive
चित्रपटाची पार्श्वसंगीत खूप नैसर्गिक आहे आणि प्रत्येक फ्रेम विचारपूर्वक सादर केली आहे.,Positive
सिनेमा बघून मन अगदी प्रसन्न झालं. विनोदी प्रसंग अगदी सहज आणि टाइमिंगसह मांडले आहेत. शेवट अगदी समाधानकारक आणि हृदयस्पर्शी झाला आहे. गाण्यांचे शब्द आणि चाल दोन्ही मनाला भावतात. कुटुंबासोबत थिएटरमध्ये जाऊन बघण्यासारखा सिनेमा आहे.,Positive
कथा अजिबात निराशाजनक नाही आणि संगीताने प्रसंगांची परिणामकारकता वाढवली.,Positive
संपूर्ण चित्रपट अप्रभावी आहे आणि दिग्दर्शन मुळे अनुभव खराब झाला.,Negative
चित्रपटाने पूर्णपणे निराश केले; मांडणी विशेष अप्रभावी आहे.,Negative
पार्श्वसंगीत आणि मुख्य कलाकाराचा अभिनय दोन्ही अंदाजे आहेत; त्यामुळे दिग्दर्शनाने विषयाला योग्य न्याय दिला नाही.,Negative
सुरुवातीपासून शेवटपर्यंत चित्रपट गोंधळलेला राहतो आणि कथा पुढे सरकत नाही.,Negative
या चित्रपटाची छायाचित्रण मनाला भिडते आणि प्रत्येक फ्रेम विचारपूर्वक सादर केली आहे.,Positive
चित्रपटाची संगीत खूप रंजक आहे आणि कुटुंबासोबत पाहण्यासारखा अनुभव मिळतो.,Positive
सुरुवात थोडी कंटाळवाणी आणि संथ आहे; कंटाळवाणा नाही असे एकूण चित्रपटाबद्दल म्हणता येणार नाही. मात्र दुसऱ्या अर्ध्यात चित्रपट पूर्णपणे बदलतो. त्यामुळे सुरुवातीचे नकारात्मक संकेत दिशाभूल करणारे ठरतात.,Positive
कथा अजिबात दर्जेदार नाही आणि कथा पुढे सरकत नाही.,Negative
"कथा अजिबात वाईट नाही असे सुरुवातीला वाटले, पण शेवट खूप निराशाजनक आहे. त्यामुळे चित्रपट फारसा प्रभावी वाटत नाही.",Negative
"वाईट नाही असे अंतिम निष्कर्ष काढणे योग्य ठरणार नाही. सुरुवात थोडी कंटाळवाणी आणि संथ आहे; तरी पुढे पात्रांचा प्रवास खूप प्रभावी होतो. एकूण अनुभव वाईट नाही, उलट समाधानकारक आहे.",Positive
कथा अजिबात अप्रतिम नाही आणि संवाद कृत्रिम वाटतात.,Negative
कथेपासून अभिनयापर्यंत बरेच काही गोंधळलेला वाटले; चित्रपटाची लांबी त्रासदायक ठरते.,Negative
हा चित्रपट अप्रतिम वाटतो; चित्रपट पाहताना उत्सुकता कायम राहते.,Positive
सुरुवात थोडी कंटाळवाणी आणि संथ आहे; तरी पुढे पात्रांचा प्रवास खूप प्रभावी होतो. म्हणून एकूण चित्रपट अपेक्षेपेक्षा सुंदर वाटतो.,Positive
संपूर्ण चित्रपट अतिशय संथ आहे आणि संवाद मुळे अनुभव खराब झाला.,Negative
हा चित्रपट पुन्हा पाहावासा वाटत नाही कारण संगीत खूप अस्ताव्यस्त आहे.,Negative
चित्रपटाने पूर्णपणे निराश केले; छायाचित्रण विशेष सुमार आहे.,Negative
सुरुवातीपासून शेवटपर्यंत चित्रपट मनमोहक राहतो आणि भावनिक प्रसंग मनाला स्पर्श करतात.,Positive
चित्रपटाने अजिबात निराश केले नाही; मांडणी विशेष सुंदर आहे.,Positive
"सुरुवातीला कथा सुंदर आणि आकर्षक वाटते. पण पुढे पटकथा पूर्णपणे गोंधळते, पण म्हणून चांगल्या सुरुवातीचा फारसा उपयोग होत नाही.",Negative
अपेक्षा खूप होत्या पण चित्रपटाने साफ निराश केलं. छायाचित्रण अगदीच सामान्य दर्जाचं आहे. क्लायमॅक्स अगदीच अपेक्षित आणि सपक झाला आहे.,Negative
संपूर्ण मांडणीमध्ये काहीही अप्रतिम वाटत नाही; छायाचित्रण खूप निरस आहे.,Negative
"उगाच हाईप केलेला सिनेमा, प्रत्यक्षात काही दम नाही. पटकथा खूपच विस्कळीत असल्यामुळे कथा नीट समजतच नाही.",Negative
अशा चित्रपटांमुळे मराठी सिनेमाची बदनामी होते. छायाचित्रण अगदीच सामान्य दर्जाचं आहे.,Negative
हा चित्रपट अपेक्षेपेक्षा अस्ताव्यस्त निघाला आणि शेवट निराश करतो.,Negative
सुरुवातीपासून शेवटपर्यंत चित्रपट हृदयस्पर्शी राहतो आणि संगीताने प्रसंगांची परिणामकारकता वाढवली.,Positive
या कलाकृतीमध्ये काहीही रंजक वाटत नाही; छायाचित्रण खूप निराशाजनक आहे.,Negative
"सुरुवात थोडी कंटाळवाणी आणि संथ आहे; फारसा वाईट नाही असे एकूण चित्रपटाबद्दल म्हणता येणार नाही. तरी पुढे पात्रांचा प्रवास खूप प्रभावी होतो. शेवट अजिबात खराब नाही, उलट मनाला भिडतो.",Positive
चित्रपटाने पूर्णपणे निराश केले; विनोदी प्रसंग विशेष अतिशय संथ आहे.,Negative
एवढा भिकार सिनेमा अलीकडे बघितला नव्हता. दिग्दर्शकाला नेमकं काय दाखवायचं आहे हेच कळत नाही. पार्श्वसंगीत उगाचच मोठ्या आवाजात आणि त्रासदायक वाटतं. कथेत इतके लॉजिकल गॅप्स आहेत की डोकं दुखायला लागतं.,Negative
संपूर्ण चित्रपट निरस आहे आणि भावनिक सादरीकरण मुळे अनुभव खराब झाला.,Negative
"सिनेमा सुरु झाल्यापासूनच कंटाळा येऊ लागला. छायाचित्रण अगदीच सामान्य दर्जाचं आहे. सहकलाकारांचा अभिनयही अगदीच सामान्य आहे. कथेत काहीच नावीन्य नाही, सगळं आधीच पाहिलेलं वाटतं.",Negative
हा चित्रपट पुन्हा पाहावासा वाटतो कारण पटकथा खूप सुंदर आहे.,Positive
हा अनुभव कमकुवत नसून खूप कौतुकास्पद आहे; चित्रपटाचा अनुभव मनाला आनंद देतो.,Positive
सुरुवातीपासून शेवटपर्यंत चित्रपट फिका राहतो आणि दिग्दर्शनाने विषयाला योग्य न्याय दिला नाही.,Negative
चित्रपटातील कथानक पाहून संगीताने प्रसंगांची परिणामकारकता वाढवली; एकूण अनुभव आकर्षक आहे.,Positive
सुंदर नाही असे अंतिम निष्कर्ष काढणे योग्य ठरणार नाही. सुरुवातीला कथा सुंदर आणि आकर्षक वाटते; मात्र नंतर कथा इतकी रटाळ होते. एकूण परिणाम वाईट आणि असमाधानकारक राहतो.,Negative
कथेपासून अभिनयापर्यंत सर्व काही रंजक वाटले; कलाकारांनी भूमिका जिवंत केल्या आहेत.,Positive
संपूर्ण मांडणीमध्ये काहीही निरस वाटत नाही; मुख्य कलाकाराचा अभिनय खूप सुंदर आहे.,Positive
छायाचित्रण इतका नैसर्गिक आहे की कथा शेवटपर्यंत पकडून ठेवते.,Positive
अशा चित्रपटांमुळे मराठी सिनेमाची बदनामी होते. क्लायमॅक्स अगदीच अपेक्षित आणि सपक झाला आहे. छायाचित्रण अगदीच सामान्य दर्जाचं आहे. वेळ असेल तरी बघू नका असा सल्ला देईन.,Negative
"सुरुवातीला कथा सुंदर आणि आकर्षक वाटते. मात्र नंतर कथा इतकी रटाळ होते, पण शेवटी चित्रपट समाधान देत नाही.",Negative
सुंदर नाही असे अंतिम निष्कर्ष काढणे योग्य ठरणार नाही. सुरुवातीला कथा सुंदर आणि आकर्षक वाटते; पण पुढील भाग इतका कंटाळवाणा आहे. एकूण अनुभव मात्र निराशाजनक आहे.,Negative
काहीच खास नव्हतं या चित्रपटात. काही कलाकारांची निवडच चुकीची वाटते. संगीत काहीच लक्षात राहण्यासारखं नाही. पार्श्वसंगीत उगाचच मोठ्या आवाजात आणि त्रासदायक वाटतं. पूर्णपणे टाइमपास वाया गेला असं वाटलं.,Negative
चित्रपट अजिबात निरस नाही; उलट दिग्दर्शन खूप मनमोहक आहे.,Positive
चित्रपटाची दृश्यरचना खूप मनमोहक आहे आणि शेवट समाधानकारक वाटतो.,Positive
फुकट गेला वेळ यार पूर्ण. व्हीएफएक्स इतके स्वस्त वाटतात की हसू येतं.,Negative
चित्रपटाची विनोदी प्रसंग खूप अंदाजे आहे आणि चित्रपट पाहिल्यानंतर विशेष काही लक्षात राहत नाही.,Negative
चित्रपटाने शेवट निराश करतो आणि संगीत खरोखर अंदाजे आहे.,Negative
इतका रटाळ चित्रपट खूप दिवसांनी पाहिला. कथेत इतके लॉजिकल गॅप्स आहेत की डोकं दुखायला लागतं. या चित्रपटाला दोन पैकी अर्धा स्टार सुद्धा जास्त आहे.,Negative
"चित्रपट पाहताना शेवट समाधानकारक वाटतो, कारण छायाचित्रण खूप दर्जेदार आहे.",Positive
फारसा वाईट नाही असे अंतिम निष्कर्ष काढणे योग्य ठरणार नाही. सुरुवात थोडी कंटाळवाणी आणि संथ आहे; मात्र दुसऱ्या अर्ध्यात चित्रपट पूर्णपणे बदलतो. उणिवा असूनही शेवटी चित्रपट मन जिंकून घेतो.,Positive
चित्रपट अजिबात प्रभावी नाही; उलट मांडणी खूप अतिशय संथ आहे.,Negative
फुकट गेला वेळ यार पूर्ण. पटकथा खूपच विस्कळीत असल्यामुळे कथा नीट समजतच नाही.,Negative
हा चित्रपट कृत्रिम वाटतो; चित्रपट पाहिल्यानंतर विशेष काही लक्षात राहत नाही.,Negative
हा चित्रपट अपेक्षेपेक्षा कृत्रिम निघाला आणि भावनिक प्रसंगांचा परिणाम होत नाही.,Negative
चित्रपटातील मुख्य कलाकाराचा अभिनय पाहून चित्रपट पाहून मन प्रसन्न झाले; एकूण अनुभव सुंदर आहे.,Positive
संपूर्ण मांडणीचा विनोदी प्रसंग फिका असून कथा पुढे सरकत नाही.,Negative
चित्रपट अजिबात रंजक नाही; उलट पार्श्वसंगीत खूप अप्रभावी आहे.,Negative
सिनेमा सुरु झाल्यापासूनच कंटाळा येऊ लागला. सहकलाकारांचा अभिनयही अगदीच सामान्य आहे. कथेत इतके लॉजिकल गॅप्स आहेत की डोकं दुखायला लागतं. वेळ असेल तरी बघू नका असा सल्ला देईन.,Negative
कथेपासून अभिनयापर्यंत बरेच काही अतिशय संथ वाटले; संवाद कृत्रिम वाटतात.,Negative
हा चित्रपट पुन्हा पाहावासा वाटतो कारण शेवट खूप आकर्षक आहे.,Positive
समाधानकारक नाही असे अंतिम निष्कर्ष काढणे योग्य ठरणार नाही. सुरुवातीला कथा सुंदर आणि आकर्षक वाटते; पण पुढे पटकथा पूर्णपणे गोंधळते. शेवटामुळे आधीचे चांगले क्षणही फिके पडतात.,Negative
खूप दिवसांनी असा जबरदस्त चित्रपट पाहिला. गाण्यांचे शब्द आणि चाल दोन्ही मनाला भावतात. मराठी चित्रपटसृष्टीसाठी अभिमानास्पद कलाकृती आहे.,Positive
हा चित्रपट अपेक्षेपेक्षा दर्जेदार निघाला आणि शेवट समाधानकारक वाटतो.,Positive
चित्रपट अजिबात अप्रतिम नाही; उलट छायाचित्रण खूप अस्ताव्यस्त आहे.,Negative
चित्रपटचा अभिनय मनमोहक असून प्रत्येक प्रसंग लक्षात राहतो.,Positive
सुरुवात थोडी कंटाळवाणी आणि संथ आहे; फारसा वाईट नाही असे एकूण चित्रपटाबद्दल म्हणता येणार नाही. पण पुढे कथा इतकी सुंदर उलगडते. उणिवा असूनही शेवटी चित्रपट मन जिंकून घेतो.,Positive
चित्रपटाने प्रत्येक प्रसंग लक्षात राहतो आणि कथानक खरोखर उत्कृष्ट आहे.,Positive
हा चित्रपट अपेक्षेपेक्षा सुमार निघाला आणि चित्रपट पाहताना वारंवार कंटाळा आला.,Negative
सुरुवातीपासूनच चित्रपट प्रेक्षकांना पकडून ठेवतो. मुख्य कलाकारांनी आपापल्या भूमिका उत्कृष्टपणे साकारल्या आहेत. पार्श्वसंगीत प्रसंगांची तीव्रता अजून वाढवतं. असे चित्रपट वारंवार यायला हवेत.,Positive
निराश केले नाही असे अंतिम निष्कर्ष काढणे योग्य ठरणार नाही. सुरुवात थोडी कंटाळवाणी आणि संथ आहे; मात्र दुसऱ्या अर्ध्यात चित्रपट पूर्णपणे बदलतो. उणिवा असूनही शेवटी चित्रपट मन जिंकून घेतो.,Positive
"चित्रपट पाहताना कथा पुढे सरकत नाही, कारण भावनिक सादरीकरण खूप फिका आहे.",Negative
चित्रपटाची मांडणी खूप हृदयस्पर्शी आहे आणि चित्रपटाचा अनुभव मनाला आनंद देतो.,Positive
सुरुवातीपासून शेवटपर्यंत चित्रपट कमकुवत राहतो आणि चित्रपट पाहताना वारंवार कंटाळा आला.,Negative
या चित्रपटाची भावनिक सादरीकरण मनाला भिडते आणि कलाकारांनी भूमिका जिवंत केल्या आहेत.,Positive
मित्रांसोबत बघितला आणि सगळ्यांनाच खूप आवडला. सहकलाकारांचाही अभिनय तितकाच दमदार आहे.,Positive
सुरुवात थोडी कंटाळवाणी आणि संथ आहे; खराब नाही असे एकूण चित्रपटाबद्दल म्हणता येणार नाही. पण पुढे कथा इतकी सुंदर उलगडते. चित्रपटाने निराश केले नाही; उलट तो खूप आवडला.,Positive
संपूर्ण चित्रपट गोंधळलेला आहे आणि मुख्य कलाकाराचा अभिनय मुळे अनुभव खराब झाला.,Negative
"चित्रपट पाहताना सर्व कलाकारांची कामगिरी लक्षात राहते, कारण विनोदी प्रसंग खूप उत्तम आहे.",Positive
संपूर्ण चित्रपट सुमार आहे आणि भावनिक सादरीकरण मुळे अनुभव खराब झाला.,Negative
संपूर्ण चित्रपट अप्रभावी आहे आणि विनोदी प्रसंग मुळे अनुभव खराब झाला.,Negative
"मस्त सिनेमा आहे, नक्की बघा. क्लायमॅक्स इतका जबरदस्त आहे की अंगावर काटा येतो.",Positive
संगीत इतका अस्ताव्यस्त आहे की दिग्दर्शनाने विषयाला योग्य न्याय दिला नाही.,Negative
सुरुवातीला कथा सुंदर आणि आकर्षक वाटते; आकर्षक नाही असे एकूण चित्रपटाबद्दल म्हणता येणार नाही. मात्र नंतर कथा इतकी रटाळ होते. त्यामुळे अंतिम अनुभव अपेक्षाभंग करणारा ठरतो.,Negative
चित्रपटाने पूर्णपणे निराश केले; विनोदी प्रसंग विशेष कंटाळवाणा आहे.,Negative
या चित्रपटाची मांडणी मनाला भिडते आणि कथा शेवटपर्यंत पकडून ठेवते.,Positive
सुरुवातीपासून शेवटपर्यंत चित्रपट सुंदर राहतो आणि कलाकारांनी भूमिका जिवंत केल्या आहेत.,Positive
हा चित्रपट पुन्हा पाहावासा वाटतो कारण कथा खूप दर्जेदार आहे.,Positive
"चित्रपटात कथा उत्तम आहे, त्यामुळे सर्व कलाकारांची कामगिरी लक्षात राहते.",Positive
सुरुवात थोडी कंटाळवाणी आणि संथ आहे; निराश केले नाही असे एकूण चित्रपटाबद्दल म्हणता येणार नाही. तरी पुढे पात्रांचा प्रवास खूप प्रभावी होतो. एकूण परिणाम सकारात्मक आणि समाधान देणारा आहे.,Positive
समाधानकारक नाही असे अंतिम निष्कर्ष काढणे योग्य ठरणार नाही. सुरुवातीला कथा सुंदर आणि आकर्षक वाटते; मात्र नंतर कथा इतकी रटाळ होते. एकूण चित्रपट सकारात्मक कारणांसाठी लक्षात राहत नाही.,Negative
"सुरुवात थोडी कंटाळवाणी आणि संथ आहे. पण पुढे कथा इतकी सुंदर उलगडते, पण उणिवा असूनही शेवटी चित्रपट मन जिंकून घेतो.",Positive
इतका रटाळ चित्रपट खूप दिवसांनी पाहिला. काही कलाकारांची निवडच चुकीची वाटते. कथेत इतके लॉजिकल गॅप्स आहेत की डोकं दुखायला लागतं. शेवट इतका घाईघाईत गुंडाळलेला आहे की निराशा होते.,Negative
सुरुवात थोडी कंटाळवाणी आणि संथ आहे; मात्र दुसऱ्या अर्ध्यात चित्रपट पूर्णपणे बदलतो. अखेरीस हा अनुभव अजिबात असमाधानकारक राहत नाही.,Positive
हा चित्रपट अपेक्षेपेक्षा प्रभावी निघाला आणि कलाकारांनी भूमिका जिवंत केल्या आहेत.,Positive
मांडणी इतका उत्तम आहे की सर्व कलाकारांची कामगिरी लक्षात राहते.,Positive
पूर्ण कुटुंबासोबत बघण्यासारखा सुंदर चित्रपट आहे. विनोदी प्रसंग अगदी सहज आणि टाइमिंगसह मांडले आहेत. कथेची मांडणी अशी आहे की पुढे काय होणार याची उत्सुकता कायम राहते.,Positive
शेवट इतका नैसर्गिक आहे की प्रत्येक फ्रेम विचारपूर्वक सादर केली आहे.,Positive
मित्रांच्या सांगण्यावरून गेलो पण खूप पश्चाताप झाला. भावनिक प्रसंगांमध्ये सुद्धा काहीच परिणाम जाणवत नाही. दिग्दर्शकाला नेमकं काय दाखवायचं आहे हेच कळत नाही.,Negative
संगीत इतका निरस आहे की पटकथा शेवटपर्यंत प्रभावी राहत नाही.,Negative
चित्रपटाने पूर्णपणे निराश केले; भावनिक सादरीकरण विशेष फिका आहे.,Negative
संपूर्ण मांडणीचा मांडणी रंजक असून वेळ कसा गेला कळले नाही.,Positive
टकाटक अपेक्षा होती पण सगळं फेल. संवाद खूपच सुमार आणि ओढून ताणून लिहिलेले वाटतात.,Negative
चित्रपटाची संगीत खूप उत्कृष्ट आहे आणि चित्रपट पाहताना उत्सुकता कायम राहते.,Positive
चित्रपटाची मांडणी खूप अतिशय संथ आहे आणि शेवट निराश करतो.,Negative
कथेपासून अभिनयापर्यंत बरेच काही अतिशय संथ वाटले; चित्रपटाची लांबी त्रासदायक ठरते.,Negative
संगीत आणि छायाचित्रण दोन्ही हृदयस्पर्शी आहेत; त्यामुळे संगीताने प्रसंगांची परिणामकारकता वाढवली.,Positive
इतका रटाळ चित्रपट खूप दिवसांनी पाहिला. पार्श्वसंगीत उगाचच मोठ्या आवाजात आणि त्रासदायक वाटतं.,Negative
सुरुवातीपासून शेवटपर्यंत चित्रपट कृत्रिम राहतो आणि कथा पुढे सरकत नाही.,Negative
"खूप दिवसांनी असा जबरदस्त चित्रपट पाहिला. कथा अगदी वेगळी आणि विचार करायला लावणारी आहे. प्रत्येक कलाकाराने आपल्या भूमिकेला योग्य न्याय दिला आहे. छायाचित्रण अप्रतिम आहे, प्रत्येक फ्रेम एखाद्या चित्रासारखी वाटते.",Positive
चित्रपटाने पूर्णपणे निराश केले; दिग्दर्शन विशेष कृत्रिम आहे.,Negative
"उगाच हाईप केलेला सिनेमा, प्रत्यक्षात काही दम नाही. पार्श्वसंगीत उगाचच मोठ्या आवाजात आणि त्रासदायक वाटतं.",Negative
चित्रपटाने पूर्णपणे निराश केले; पटकथा विशेष कंटाळवाणा आहे.,Negative
कथानकमध्ये काहीही दर्जेदार वाटत नाही; विनोदी प्रसंग खूप कंटाळवाणा आहे.,Negative
संपूर्ण चित्रपट अस्ताव्यस्त आहे आणि विनोदी प्रसंग मुळे अनुभव खराब झाला.,Negative
हा चित्रपट अपेक्षेपेक्षा गोंधळलेला निघाला आणि दिग्दर्शनाने विषयाला योग्य न्याय दिला नाही.,Negative
हा चित्रपट अजिबात बघण्यासारखा नाही. शेवट इतका घाईघाईत गुंडाळलेला आहे की निराशा होते. अभिनेत्यांचा अभिनय अगदीच सुमार आणि कृत्रिम वाटला.,Negative
या चित्रपटाची संगीत मनाला भिडते आणि दिग्दर्शकाने विषयाला योग्य न्याय दिला.,Positive
सुरुवातीला कथा सुंदर आणि आकर्षक वाटते; आकर्षक नाही असे एकूण चित्रपटाबद्दल म्हणता येणार नाही. पण पुढील भाग इतका कंटाळवाणा आहे. एकूण अनुभव मात्र निराशाजनक आहे.,Negative
हा चित्रपट पुन्हा पाहावासा वाटत नाही कारण पटकथा खूप अप्रभावी आहे.,Negative
या चित्रपटाची शेवट निराश करते आणि कथा पुढे सरकत नाही.,Negative
हा चित्रपट उत्तम वाटतो; प्रत्येक फ्रेम विचारपूर्वक सादर केली आहे.,Positive
"अपेक्षाभंग करणारा नाही असे अंतिम निष्कर्ष काढणे योग्य ठरणार नाही. सुरुवात थोडी कंटाळवाणी आणि संथ आहे; मात्र दुसऱ्या अर्ध्यात चित्रपट पूर्णपणे बदलतो. एकूण अनुभव वाईट नाही, उलट समाधानकारक आहे.",Positive
सुरुवात थोडी कंटाळवाणी आणि संथ आहे; असमाधानकारक नाही असे एकूण चित्रपटाबद्दल म्हणता येणार नाही. मात्र दुसऱ्या अर्ध्यात चित्रपट पूर्णपणे बदलतो. त्यामुळे चित्रपट पाहिल्याचा निर्णय योग्य वाटतो.,Positive
चित्रपट अजिबात निराशाजनक नाही; उलट अभिनय खूप उत्कृष्ट आहे.,Positive
चित्रपटाने अजिबात निराश केले नाही; संगीत विशेष प्रभावी आहे.,Positive
मनाला भिडणारा नाही असे अंतिम निष्कर्ष काढणे योग्य ठरणार नाही. सुरुवातीला कथा सुंदर आणि आकर्षक वाटते; मात्र नंतर कथा इतकी रटाळ होते. म्हणून चांगल्या सुरुवातीचा फारसा उपयोग होत नाही.,Negative
हा चित्रपट पुन्हा पाहावासा वाटतो कारण मांडणी खूप हृदयस्पर्शी आहे.,Positive
संपूर्ण चित्रपट आकर्षक आहे आणि मुख्य कलाकाराचा अभिनय मुळे अनुभव आणखी सुंदर झाला.,Positive
कथा अजिबात वाईट नाही आणि चित्रपट पाहताना उत्सुकता कायम राहते.,Positive
दिग्दर्शन इतका मनमोहक आहे की चित्रपट पाहून मन प्रसन्न झाले.,Positive
आकर्षक नाही असे अंतिम निष्कर्ष काढणे योग्य ठरणार नाही. सुरुवातीला कथा सुंदर आणि आकर्षक वाटते; पण पुढे पटकथा पूर्णपणे गोंधळते. एकूण अनुभव मात्र निराशाजनक आहे.,Negative
थिएटरमध्ये अर्ध्यातच झोप येत होती. दिग्दर्शन अगदीच कमकुवत असून प्रसंगांची मांडणी विस्कळीत आहे. अपेक्षा घेऊन गेलात तर नक्कीच निराश व्हाल.,Negative
चांगला नाही असे अंतिम निष्कर्ष काढणे योग्य ठरणार नाही. सुरुवातीला कथा सुंदर आणि आकर्षक वाटते; तरी दुसऱ्या अर्ध्यात दिग्दर्शन कमकुवत होते. त्यामुळे अंतिम अनुभव अपेक्षाभंग करणारा ठरतो.,Negative
सुरुवातीला कथा सुंदर आणि आकर्षक वाटते; प्रभावी नाही असे एकूण चित्रपटाबद्दल म्हणता येणार नाही. पण पुढे पटकथा पूर्णपणे गोंधळते. अखेरीस एकूण परिणाम कमकुवत ठरतो.,Negative
चित्रपटाने पूर्णपणे निराश केले; मुख्य कलाकाराचा अभिनय विशेष अंदाजे आहे.,Negative
कमकुवत नाही असे अंतिम निष्कर्ष काढणे योग्य ठरणार नाही. सुरुवात थोडी कंटाळवाणी आणि संथ आहे; मात्र दुसऱ्या अर्ध्यात चित्रपट पूर्णपणे बदलतो. चित्रपटाने निराश केले नाही; उलट तो खूप आवडला.,Positive
मनाला न पटणारा नाही असे अंतिम निष्कर्ष काढणे योग्य ठरणार नाही. सुरुवात थोडी कंटाळवाणी आणि संथ आहे; तरी पुढे पात्रांचा प्रवास खूप प्रभावी होतो. सुरुवातीच्या उणिवा असूनही हा चित्रपट लक्षात राहतो.,Positive
या कलाकृतीचा छायाचित्रण कंटाळवाणा असून भावनिक प्रसंगांचा परिणाम होत नाही.,Negative
"चित्रपट पाहताना कथा पुढे सरकत नाही, कारण पार्श्वसंगीत खूप कृत्रिम आहे.",Negative
सिनेमा सुरु झाल्यापासूनच कंटाळा येऊ लागला. काही कलाकारांची निवडच चुकीची वाटते. OTT वर आला तरी बघावासा वाटत नाही.,Negative
या कलाकृतीमध्ये काहीही रंजक वाटत नाही; पार्श्वसंगीत खूप अस्ताव्यस्त आहे.,Negative
हा चित्रपट पुन्हा पाहावासा वाटत नाही कारण भावनिक सादरीकरण खूप गोंधळलेला आहे.,Negative
चित्रपटाने अजिबात निराश केले नाही; दिग्दर्शन विशेष नैसर्गिक आहे.,Positive
चित्रपटाने वेळ वाया गेल्यासारखे वाटले आणि दृश्यरचना खरोखर गोंधळलेला आहे.,Negative
हा चित्रपट सुंदर वाटतो; कथा शेवटपर्यंत पकडून ठेवते.,Positive
हा चित्रपट सुंदर वाटतो; प्रत्येक प्रसंग लक्षात राहतो.,Positive
चित्रपट अजिबात मनमोहक नाही; उलट संगीत खूप कृत्रिम आहे.,Negative
छायाचित्रण आणि मांडणी दोन्ही सुंदर आहेत; त्यामुळे सर्व कलाकारांची कामगिरी लक्षात राहते.,Positive
या चित्रपटाची छायाचित्रण निराश करते आणि चित्रपट पाहताना वारंवार कंटाळा आला.,Negative
पूर्ण कुटुंबासोबत बघण्यासारखा सुंदर चित्रपट आहे. अॅक्शन सीन्स एकदम जबरदस्त आणि रिअलिस्टिक वाटतात. दिग्दर्शकाने प्रत्येक प्रसंग अतिशय सुंदर पद्धतीने मांडला आहे. प्रत्येक कलाकाराने आपल्या भूमिकेला योग्य न्याय दिला आहे.,Positive
चित्रपटमध्ये काहीही मनमोहक वाटत नाही; दृश्यरचना खूप अतिशय संथ आहे.,Negative
हा चित्रपट अपेक्षेपेक्षा आकर्षक निघाला आणि शेवट समाधानकारक वाटतो.,Positive
"सुरुवात थोडी कंटाळवाणी आणि संथ आहे; फारसा वाईट नाही असे एकूण चित्रपटाबद्दल म्हणता येणार नाही. मात्र दुसऱ्या अर्ध्यात चित्रपट पूर्णपणे बदलतो. शेवट अजिबात खराब नाही, उलट मनाला भिडतो.",Positive
"चित्रपट पाहताना पटकथा शेवटपर्यंत प्रभावी राहत नाही, कारण कथानक खूप कंटाळवाणा आहे.",Negative
"मराठी प्रेक्षकांची निराशा करणारा चित्रपट आहे हा. कथेत काहीच नावीन्य नाही, सगळं आधीच पाहिलेलं वाटतं. अभिनेत्यांचा अभिनय अगदीच सुमार आणि कृत्रिम वाटला. सहकलाकारांचा अभिनयही अगदीच सामान्य आहे. पुन्हा असा चित्रपट बघण्याची इच्छा नाही.",Negative
हा अनुभव प्रभावी नसून खूप अंदाजे आहे; भावनिक प्रसंगांचा परिणाम होत नाही.,Negative
चित्रपटाने अजिबात निराश केले नाही; विनोदी प्रसंग विशेष उत्तम आहे.,Positive
अभिनय इतका अप्रभावी आहे की कथानकात नवीनपणा जाणवत नाही.,Negative
सुरुवातीपासून शेवटपर्यंत चित्रपट प्रभावी राहतो आणि दिग्दर्शकाने विषयाला योग्य न्याय दिला.,Positive
सुरुवात थोडी कंटाळवाणी आणि संथ आहे; मनाला न पटणारा नाही असे एकूण चित्रपटाबद्दल म्हणता येणार नाही. मात्र दुसऱ्या अर्ध्यात चित्रपट पूर्णपणे बदलतो. अखेरीस हा अनुभव अजिबात असमाधानकारक राहत नाही.,Positive
"चित्रपटात शेवट उत्तम आहे, त्यामुळे चित्रपट पाहून मन प्रसन्न झाले.",Positive
"सिनेमागृहातून बाहेर पडताना चेहऱ्यावर हसू होतं. छायाचित्रण अप्रतिम आहे, प्रत्येक फ्रेम एखाद्या चित्रासारखी वाटते. मुख्य कलाकारांनी आपापल्या भूमिका उत्कृष्टपणे साकारल्या आहेत.",Positive
हा चित्रपट पुन्हा पाहावासा वाटत नाही कारण संगीत खूप निराशाजनक आहे.,Negative
सुरुवातीपासून शेवटपर्यंत चित्रपट फिका राहतो आणि संवाद कृत्रिम वाटतात.,Negative
हा चित्रपट पुन्हा पाहावासा वाटत नाही कारण शेवट खूप अतिशय संथ आहे.,Negative
संपूर्ण चित्रपट कौतुकास्पद आहे आणि विनोदी प्रसंग मुळे अनुभव आणखी सुंदर झाला.,Positive
हा अनुभव फिका नसून खूप नैसर्गिक आहे; प्रत्येक फ्रेम विचारपूर्वक सादर केली आहे.,Positive
हा चित्रपट पुन्हा पाहावासा वाटत नाही कारण कथा खूप कंटाळवाणा आहे.,Negative
अगदीच वाईट्ट आहे गड्या हा सिनेमा. पटकथा खूपच विस्कळीत असल्यामुळे कथा नीट समजतच नाही.,Negative
हा चित्रपट नैसर्गिक वाटतो; सर्व कलाकारांची कामगिरी लक्षात राहते.,Positive
हा चित्रपट अस्ताव्यस्त वाटतो; कलाकारांच्या कामगिरीत उत्साह जाणवत नाही.,Negative
कथा इतका उत्तम आहे की भावनिक प्रसंग मनाला स्पर्श करतात.,Positive
कथेपासून अभिनयापर्यंत बरेच काही गोंधळलेला वाटले; संवाद कृत्रिम वाटतात.,Negative
कथाचा अभिनय हृदयस्पर्शी असून शेवट समाधानकारक वाटतो.,Positive
सुरुवात थोडी कंटाळवाणी आणि संथ आहे; कंटाळवाणा नाही असे एकूण चित्रपटाबद्दल म्हणता येणार नाही. मात्र दुसऱ्या अर्ध्यात चित्रपट पूर्णपणे बदलतो. एकूण परिणाम सकारात्मक आणि समाधान देणारा आहे.,Positive
"पैसे वसूल चित्रपट, अजिबात निराश करत नाही. सहकलाकारांचाही अभिनय तितकाच दमदार आहे. मुख्य कलाकारांनी आपापल्या भूमिका उत्कृष्टपणे साकारल्या आहेत. संवाद खूप प्रभावी असून थेट मनाला भिडतात. सर्वांना शिफारस करेन असा हा चित्रपट आहे.",Positive
कथा अजिबात निरस नाही आणि कलाकारांनी भूमिका जिवंत केल्या आहेत.,Positive
कमकुवत नाही असे अंतिम निष्कर्ष काढणे योग्य ठरणार नाही. सुरुवात थोडी कंटाळवाणी आणि संथ आहे; पण पुढे कथा इतकी सुंदर उलगडते. त्यामुळे चित्रपट पाहिल्याचा निर्णय योग्य वाटतो.,Positive
हा चित्रपट पुन्हा पाहावासा वाटत नाही कारण शेवट खूप कंटाळवाणा आहे.,Negative
सिनेमा सुरु झाल्यापासूनच कंटाळा येऊ लागला. अभिनेत्यांचा अभिनय अगदीच सुमार आणि कृत्रिम वाटला. मुख्य कलाकारांच्या भूमिकेत जीव ओतलेला जाणवलाच नाही. वेळ असेल तरी बघू नका असा सल्ला देईन.,Negative
चित्रपटाने पूर्णपणे निराश केले; संगीत विशेष कमकुवत आहे.,Negative
"चित्रपट पाहताना अनेक प्रसंग विनाकारण लांबवले आहेत, कारण छायाचित्रण खूप अंदाजे आहे.",Negative
कथा अजिबात अप्रतिम नाही आणि दिग्दर्शनाने विषयाला योग्य न्याय दिला नाही.,Negative
सुरुवातीपासूनच चित्रपट प्रेक्षकांना पकडून ठेवतो. पटकथा घट्ट बांधलेली असल्यामुळे कुठेही कंटाळा येत नाही. क्लायमॅक्स इतका जबरदस्त आहे की अंगावर काटा येतो. पुन्हा एकदा बघायला नक्कीच आवडेल.,Positive
चित्रपटचा दृश्यरचना गोंधळलेला असून दिग्दर्शनाने विषयाला योग्य न्याय दिला नाही.,Negative
सुरुवात थोडी कंटाळवाणी आणि संथ आहे; फारसा वाईट नाही असे एकूण चित्रपटाबद्दल म्हणता येणार नाही. मात्र दुसऱ्या अर्ध्यात चित्रपट पूर्णपणे बदलतो. त्यामुळे सुरुवातीचे नकारात्मक संकेत दिशाभूल करणारे ठरतात.,Positive
संपूर्ण चित्रपट मनमोहक आहे आणि कथा मुळे अनुभव आणखी सुंदर झाला.,Positive
कथानकचा मांडणी आकर्षक असून कलाकारांनी भूमिका जिवंत केल्या आहेत.,Positive
कथेपासून अभिनयापर्यंत बरेच काही अतिशय संथ वाटले; चित्रपट पाहिल्यानंतर विशेष काही लक्षात राहत नाही.,Negative
मित्रांच्या सांगण्यावरून गेलो पण खूप पश्चाताप झाला. काही कलाकारांची निवडच चुकीची वाटते. संवाद खूपच सुमार आणि ओढून ताणून लिहिलेले वाटतात. या चित्रपटाला दोन पैकी अर्धा स्टार सुद्धा जास्त आहे.,Negative
"पूर्ण कुटुंबासोबत बघण्यासारखा सुंदर चित्रपट आहे. संवाद खूप प्रभावी असून थेट मनाला भिडतात. पार्श्वसंगीत प्रसंगांची तीव्रता अजून वाढवतं. छायाचित्रण अप्रतिम आहे, प्रत्येक फ्रेम एखाद्या चित्रासारखी वाटते. कुटुंबासोबत थिएटरमध्ये जाऊन बघण्यासारखा सिनेमा आहे.",Positive
"अभिनय निराशाजनक नाही, कलाकारांनी भूमिका छान साकारल्या आहेत. हा अनुभव नक्कीच समाधानकारक वाटतो.",Positive
चित्रपटाने शेवट समाधानकारक वाटतो आणि संवाद खरोखर हृदयस्पर्शी आहे.,Positive
कथा अजिबात सुंदर नाही आणि दिग्दर्शनाने विषयाला योग्य न्याय दिला नाही.,Negative
या चित्रपटाची भावनिक सादरीकरण मनाला भिडते आणि प्रत्येक प्रसंग लक्षात राहतो.,Positive
चित्रपटाने कलाकारांच्या कामगिरीत उत्साह जाणवत नाही आणि दिग्दर्शन खरोखर सुमार आहे.,Negative
मुख्य कलाकाराचा अभिनय इतका आकर्षक आहे की शेवट समाधानकारक वाटतो.,Positive
कथेपासून अभिनयापर्यंत सर्व काही कौतुकास्पद वाटले; प्रत्येक फ्रेम विचारपूर्वक सादर केली आहे.,Positive
आशादायक नाही असे अंतिम निष्कर्ष काढणे योग्य ठरणार नाही. सुरुवातीला कथा सुंदर आणि आकर्षक वाटते; पण पुढे पटकथा पूर्णपणे गोंधळते. म्हणून चांगल्या सुरुवातीचा फारसा उपयोग होत नाही.,Negative
उत्कृष्ट नाही असे अंतिम निष्कर्ष काढणे योग्य ठरणार नाही. सुरुवातीला कथा सुंदर आणि आकर्षक वाटते; पण पुढे पटकथा पूर्णपणे गोंधळते. त्यामुळे सुंदर क्षण असूनही चित्रपट आवडत नाही.,Negative
सुरुवातीला कथा सुंदर आणि आकर्षक वाटते; आशादायक नाही असे एकूण चित्रपटाबद्दल म्हणता येणार नाही. पण पुढे पटकथा पूर्णपणे गोंधळते. अखेरीस एकूण परिणाम कमकुवत ठरतो.,Negative
कथामध्ये काहीही सुंदर वाटत नाही; मांडणी खूप गोंधळलेला आहे.,Negative
"चित्रपट पाहताना चित्रपट पाहताना उत्सुकता कायम राहते, कारण दिग्दर्शन खूप प्रभावी आहे.",Positive
अगदीच वाईट्ट आहे गड्या हा सिनेमा. दिग्दर्शकाला नेमकं काय दाखवायचं आहे हेच कळत नाही.,Negative
थिएटरमध्ये अर्ध्यातच झोप येत होती. कथेत इतके लॉजिकल गॅप्स आहेत की डोकं दुखायला लागतं. या चित्रपटाला दोन पैकी अर्धा स्टार सुद्धा जास्त आहे.,Negative
चित्रपटाने भावनिक प्रसंगांचा परिणाम होत नाही आणि दृश्यरचना खरोखर गोंधळलेला आहे.,Negative
"हा चित्रपट वाईट नाही, उलट खूपच मनोरंजक आहे. हा अनुभव नक्कीच समाधानकारक वाटतो.",Positive
आशादायक नाही असे अंतिम निष्कर्ष काढणे योग्य ठरणार नाही. सुरुवातीला कथा सुंदर आणि आकर्षक वाटते; मात्र नंतर कथा इतकी रटाळ होते. त्यामुळे अंतिम अनुभव अपेक्षाभंग करणारा ठरतो.,Negative
एकदम झकास सिनेमा आहे भाऊ! प्रत्येक कलाकाराने आपल्या भूमिकेला योग्य न्याय दिला आहे.,Positive
सुरुवातीपासून शेवटपर्यंत चित्रपट उत्तम राहतो आणि भावनिक प्रसंग मनाला स्पर्श करतात.,Positive
सुरुवातीला कथा सुंदर आणि आकर्षक वाटते; यशस्वी नाही असे एकूण चित्रपटाबद्दल म्हणता येणार नाही. मात्र नंतर कथा इतकी रटाळ होते. एकूण अनुभव मात्र निराशाजनक आहे.,Negative
हा चित्रपट अपेक्षेपेक्षा सुंदर निघाला आणि कथा शेवटपर्यंत पकडून ठेवते.,Positive
शेवट इतका कमकुवत आहे की चित्रपट पाहताना वारंवार कंटाळा आला.,Negative
"चित्रपट पाहताना प्रत्येक फ्रेम विचारपूर्वक सादर केली आहे, कारण दिग्दर्शन खूप मनमोहक आहे.",Positive
निराशाजनक नाही असे अंतिम निष्कर्ष काढणे योग्य ठरणार नाही. सुरुवात थोडी कंटाळवाणी आणि संथ आहे; पण पुढे कथा इतकी सुंदर उलगडते. त्यामुळे चित्रपट पाहिल्याचा निर्णय योग्य वाटतो.,Positive
समाधानकारक नाही असे अंतिम निष्कर्ष काढणे योग्य ठरणार नाही. सुरुवातीला कथा सुंदर आणि आकर्षक वाटते; तरी दुसऱ्या अर्ध्यात दिग्दर्शन कमकुवत होते. एकूण अनुभव मात्र निराशाजनक आहे.,Negative
कथेपासून अभिनयापर्यंत बरेच काही अतिशय संथ वाटले; कलाकारांच्या कामगिरीत उत्साह जाणवत नाही.,Negative
हा अनुभव उत्तम नसून खूप सुमार आहे; चित्रपट पाहताना वारंवार कंटाळा आला.,Negative
चित्रपट अजिबात फिका नाही; उलट कथा खूप रंजक आहे.,Positive
"सिनेमा सुरुवातीपासून शेवटपर्यंत खिळवून ठेवतो. क्लायमॅक्स इतका जबरदस्त आहे की अंगावर काटा येतो. छायाचित्रण अप्रतिम आहे, प्रत्येक फ्रेम एखाद्या चित्रासारखी वाटते. दिग्दर्शकाने प्रत्येक प्रसंग अतिशय सुंदर पद्धतीने मांडला आहे. थिएटरमध्ये जाऊन नक्की एन्जॉय करा.",Positive
मराठी प्रेक्षकांची निराशा करणारा चित्रपट आहे हा. पटकथा खूपच विस्कळीत असल्यामुळे कथा नीट समजतच नाही. संगीत काहीच लक्षात राहण्यासारखं नाही.,Negative
"सिनेमागृहातून बाहेर पडताना चेहऱ्यावर हसू होतं. छायाचित्रण अप्रतिम आहे, प्रत्येक फ्रेम एखाद्या चित्रासारखी वाटते. पुन्हा एकदा बघायला नक्कीच आवडेल.",Positive
खूप दिवसांनी असा जबरदस्त चित्रपट पाहिला. व्हीएफएक्स दर्जेदार असून हॉलिवूडच्या तोडीचे वाटतात. सर्वांना शिफारस करेन असा हा चित्रपट आहे.,Positive
चित्रपटाने निराश केले नाही; अनुभव खूप आनंददायी होता. त्यामुळे एकूण अनुभव खूप चांगला झाला.,Positive
चित्रपटातील पार्श्वसंगीत पाहून चित्रपट पाहताना वारंवार कंटाळा आला; एकूण अनुभव कंटाळवाणा आहे.,Negative
चित्रपटाची पार्श्वसंगीत खूप उत्तम आहे आणि चित्रपट पाहताना उत्सुकता कायम राहते.,Positive
संवाद इतका प्रभावी आहे की प्रत्येक फ्रेम विचारपूर्वक सादर केली आहे.,Positive
"चित्रपट पाहताना चित्रपटाची लांबी त्रासदायक ठरते, कारण दृश्यरचना खूप सुमार आहे.",Negative
चित्रपटाची कथा खूप अप्रतिम आहे आणि भावनिक प्रसंग मनाला स्पर्श करतात.,Positive
छायाचित्रण इतका कौतुकास्पद आहे की संगीताने प्रसंगांची परिणामकारकता वाढवली.,Positive
चित्रपटाने अजिबात निराश केले नाही; दिग्दर्शन विशेष सुंदर आहे.,Positive
हा अनुभव वाईट नसून खूप उत्तम आहे; चित्रपटाचा अनुभव मनाला आनंद देतो.,Positive
एवढा भिकार सिनेमा अलीकडे बघितला नव्हता. अभिनेत्यांचा अभिनय अगदीच सुमार आणि कृत्रिम वाटला. कथेत इतके लॉजिकल गॅप्स आहेत की डोकं दुखायला लागतं. पार्श्वसंगीत उगाचच मोठ्या आवाजात आणि त्रासदायक वाटतं. पुन्हा असा चित्रपट बघण्याची इच्छा नाही.,Negative
थिएटरमध्ये जाऊन बघण्यासारखा चित्रपट आहे हा. संवाद खूप प्रभावी असून थेट मनाला भिडतात. विनोदी प्रसंग अगदी सहज आणि टाइमिंगसह मांडले आहेत.,Positive
कथामध्ये काहीही वाईट वाटत नाही; कथानक खूप दर्जेदार आहे.,Positive
चित्रपटाने कथानकात नवीनपणा जाणवत नाही आणि शेवट खरोखर अतिशय संथ आहे.,Negative
प्रभावी नाही असे अंतिम निष्कर्ष काढणे योग्य ठरणार नाही. सुरुवातीला कथा सुंदर आणि आकर्षक वाटते; मात्र नंतर कथा इतकी रटाळ होते. म्हणून चांगल्या सुरुवातीचा फारसा उपयोग होत नाही.,Negative
चित्रपटातील छायाचित्रण पाहून प्रत्येक फ्रेम विचारपूर्वक सादर केली आहे; एकूण अनुभव अप्रतिम आहे.,Positive
चित्रपटाने शेवट समाधानकारक वाटतो आणि संगीत खरोखर मनमोहक आहे.,Positive
या चित्रपटाची संवाद निराश करते आणि कलाकारांच्या कामगिरीत उत्साह जाणवत नाही.,Negative
या चित्रपटाची संवाद निराश करते आणि वेळ वाया गेल्यासारखे वाटले.,Negative
"चित्रपट पाहताना दिग्दर्शकाने विषयाला योग्य न्याय दिला, कारण कथानक खूप अप्रतिम आहे.",Positive
चित्रपटातील मुख्य कलाकाराचा अभिनय पाहून वेळ वाया गेल्यासारखे वाटले; एकूण अनुभव कमकुवत आहे.,Negative
चित्रपटाची कथानक खूप कौतुकास्पद आहे आणि चित्रपट पाहून मन प्रसन्न झाले.,Positive
हा अनुभव उत्तम नसून खूप फिका आहे; अनेक प्रसंग विनाकारण लांबवले आहेत.,Negative
हा चित्रपट पुन्हा पाहावासा वाटतो कारण मांडणी खूप रंजक आहे.,Positive
हा चित्रपट अजिबात बघण्यासारखा नाही. शेवट इतका घाईघाईत गुंडाळलेला आहे की निराशा होते.,Negative
या चित्रपटाची शेवट मनाला भिडते आणि भावनिक प्रसंग मनाला स्पर्श करतात.,Positive
खराब नाही असे अंतिम निष्कर्ष काढणे योग्य ठरणार नाही. सुरुवात थोडी कंटाळवाणी आणि संथ आहे; तरी पुढे पात्रांचा प्रवास खूप प्रभावी होतो. त्यामुळे चित्रपट पाहिल्याचा निर्णय योग्य वाटतो.,Positive
"खराब नाही असे अंतिम निष्कर्ष काढणे योग्य ठरणार नाही. सुरुवात थोडी कंटाळवाणी आणि संथ आहे; पण पुढे कथा इतकी सुंदर उलगडते. शेवट अजिबात खराब नाही, उलट मनाला भिडतो.",Positive
सुरुवातीला कथा सुंदर आणि आकर्षक वाटते; समाधानकारक नाही असे एकूण चित्रपटाबद्दल म्हणता येणार नाही. तरी दुसऱ्या अर्ध्यात दिग्दर्शन कमकुवत होते. अखेरीस एकूण परिणाम कमकुवत ठरतो.,Negative
संपूर्ण मांडणीमध्ये काहीही निरस वाटत नाही; कथा खूप आकर्षक आहे.,Positive
चित्रपटाची संगीत खूप गोंधळलेला आहे आणि संवाद कृत्रिम वाटतात.,Negative
"हा चित्रपट वाईट नाही, उलट खूपच मनोरंजक आहे. चित्रपट पाहताना उत्सुकता कायम राहते.",Positive
सुरुवातीला कथा सुंदर आणि आकर्षक वाटते; समाधानकारक नाही असे एकूण चित्रपटाबद्दल म्हणता येणार नाही. तरी दुसऱ्या अर्ध्यात दिग्दर्शन कमकुवत होते. त्यामुळे अंतिम अनुभव अपेक्षाभंग करणारा ठरतो.,Negative
उत्तम नाही असे अंतिम निष्कर्ष काढणे योग्य ठरणार नाही. सुरुवातीला कथा सुंदर आणि आकर्षक वाटते; तरी दुसऱ्या अर्ध्यात दिग्दर्शन कमकुवत होते. एकूण अनुभव मात्र निराशाजनक आहे.,Negative
चित्रपट अजिबात मनमोहक नाही; उलट भावनिक सादरीकरण खूप गोंधळलेला आहे.,Negative
"सुरुवात थोडी कंटाळवाणी आणि संथ आहे; असमाधानकारक नाही असे एकूण चित्रपटाबद्दल म्हणता येणार नाही. तरी पुढे पात्रांचा प्रवास खूप प्रभावी होतो. एकूण अनुभव वाईट नाही, उलट समाधानकारक आहे.",Positive
"शेवट गोंधळात टाकणारा नाही, तो व्यवस्थित मांडलेला आहे. चित्रपट पाहताना उत्सुकता कायम राहते.",Positive
चित्रपटचा पार्श्वसंगीत अप्रभावी असून शेवट निराश करतो.,Negative
चित्रपटातील दृश्यरचना पाहून कलाकारांनी भूमिका जिवंत केल्या आहेत; एकूण अनुभव नैसर्गिक आहे.,Positive
मराठी प्रेक्षकांची निराशा करणारा चित्रपट आहे हा. संगीत काहीच लक्षात राहण्यासारखं नाही.,Negative
कथेपासून अभिनयापर्यंत सर्व काही उत्कृष्ट वाटले; प्रत्येक फ्रेम विचारपूर्वक सादर केली आहे.,Positive
संगीत विशेष आवडले नाही आणि गाणी कथेत बसत नाहीत. त्यामुळे चित्रपट फारसा प्रभावी वाटत नाही.,Negative
चित्रपटाने अजिबात निराश केले नाही; संवाद विशेष सुंदर आहे.,Positive
शेवट आणि पार्श्वसंगीत दोन्ही कृत्रिम आहेत; त्यामुळे चित्रपटाची लांबी त्रासदायक ठरते.,Negative
सुरुवातीपासून शेवटपर्यंत चित्रपट अस्ताव्यस्त राहतो आणि भावनिक प्रसंगांचा परिणाम होत नाही.,Negative
संपूर्ण मांडणीमध्ये काहीही उत्कृष्ट वाटत नाही; पार्श्वसंगीत खूप गोंधळलेला आहे.,Negative
कथानकचा अभिनय अंदाजे असून भावनिक प्रसंगांचा परिणाम होत नाही.,Negative
फारसा वाईट नाही असे अंतिम निष्कर्ष काढणे योग्य ठरणार नाही. सुरुवात थोडी कंटाळवाणी आणि संथ आहे; मात्र दुसऱ्या अर्ध्यात चित्रपट पूर्णपणे बदलतो. म्हणून एकूण चित्रपट अपेक्षेपेक्षा सुंदर वाटतो.,Positive
संपूर्ण चित्रपट प्रभावी आहे आणि पटकथा मुळे अनुभव आणखी सुंदर झाला.,Positive
सिनेमा बघून मन अगदी प्रसन्न झालं. पार्श्वसंगीत प्रसंगांची तीव्रता अजून वाढवतं. व्हीएफएक्स दर्जेदार असून हॉलिवूडच्या तोडीचे वाटतात. प्रत्येक कलाकाराने आपल्या भूमिकेला योग्य न्याय दिला आहे. असे चित्रपट वारंवार यायला हवेत.,Positive
सुरुवातीला कथा सुंदर आणि आकर्षक वाटते; यशस्वी नाही असे एकूण चित्रपटाबद्दल म्हणता येणार नाही. पण पुढे पटकथा पूर्णपणे गोंधळते. त्यामुळे सुंदर क्षण असूनही चित्रपट आवडत नाही.,Negative
काहीच दम नाही राव यात. सहकलाकारांचा अभिनयही अगदीच सामान्य आहे.,Negative
कथानक आणि शेवट दोन्ही कौतुकास्पद आहेत; त्यामुळे चित्रपट पाहताना उत्सुकता कायम राहते.,Positive
"एवढा भिकार सिनेमा अलीकडे बघितला नव्हता. क्लायमॅक्स अगदीच अपेक्षित आणि सपक झाला आहे. गाणी उगाचच घुसवल्यासारखी वाटतात, कथेशी संबंधच नाही. अॅक्शन सीन्स अगदीच बनावट आणि कंटाळवाणे वाटतात.",Negative
चित्रपटाची अभिनय खूप सुंदर आहे आणि भावनिक प्रसंग मनाला स्पर्श करतात.,Positive
हा चित्रपट पुन्हा पाहावासा वाटतो कारण अभिनय खूप प्रभावी आहे.,Positive
अभिनय आणि विनोदी प्रसंग दोन्ही फिका आहेत; त्यामुळे कथा पुढे सरकत नाही.,Negative
चित्रपट अजिबात रंजक नाही; उलट कथानक खूप अस्ताव्यस्त आहे.,Negative
खूप दिवसांनी असा जबरदस्त चित्रपट पाहिला. दिग्दर्शकाने प्रत्येक प्रसंग अतिशय सुंदर पद्धतीने मांडला आहे. अभिनेत्यांचा अभिनय खूपच नैसर्गिक आणि प्रभावी वाटला.,Positive
पटकथा कमकुवत नाही आणि प्रसंगांची मांडणी चांगली आहे. हा अनुभव नक्कीच समाधानकारक वाटतो.,Positive
विनोदी प्रसंग आणि शेवट दोन्ही दर्जेदार आहेत; त्यामुळे दिग्दर्शकाने विषयाला योग्य न्याय दिला.,Positive
चित्रपटाने अजिबात निराश केले नाही; भावनिक सादरीकरण विशेष आकर्षक आहे.,Positive
चित्रपट अजिबात निराशाजनक नाही; उलट संवाद खूप कौतुकास्पद आहे.,Positive
हा अनुभव निराशाजनक नसून खूप उत्तम आहे; सर्व कलाकारांची कामगिरी लक्षात राहते.,Positive
चित्रपटमध्ये काहीही फिका वाटत नाही; विनोदी प्रसंग खूप उत्कृष्ट आहे.,Positive
हा चित्रपट सुमार वाटतो; वेळ वाया गेल्यासारखे वाटले.,Negative
आकर्षक नाही असे अंतिम निष्कर्ष काढणे योग्य ठरणार नाही. सुरुवातीला कथा सुंदर आणि आकर्षक वाटते; मात्र नंतर कथा इतकी रटाळ होते. एकूण परिणाम वाईट आणि असमाधानकारक राहतो.,Negative
सिनेमा बघून मन अगदी प्रसन्न झालं. विनोदी प्रसंग अगदी सहज आणि टाइमिंगसह मांडले आहेत.,Positive
या कलाकृतीचा संगीत कौतुकास्पद असून शेवट समाधानकारक वाटतो.,Positive
अपेक्षाभंग करणारा नाही असे अंतिम निष्कर्ष काढणे योग्य ठरणार नाही. सुरुवात थोडी कंटाळवाणी आणि संथ आहे; पण पुढे कथा इतकी सुंदर उलगडते. उणिवा असूनही शेवटी चित्रपट मन जिंकून घेतो.,Positive
"चित्रपटात छायाचित्रण कमकुवत आहे, त्यामुळे काही दृश्ये अजिबात गरजेची वाटत नाहीत.",Negative
चित्रपटाने चित्रपट पाहिल्यानंतर विशेष काही लक्षात राहत नाही आणि संगीत खरोखर अप्रभावी आहे.,Negative
हा चित्रपट अपेक्षेपेक्षा कमकुवत निघाला आणि कथा पुढे सरकत नाही.,Negative
हा चित्रपट अपेक्षेपेक्षा कौतुकास्पद निघाला आणि संगीताने प्रसंगांची परिणामकारकता वाढवली.,Positive
हा चित्रपट अप्रतिम वाटतो; कुटुंबासोबत पाहण्यासारखा अनुभव मिळतो.,Positive
चित्रपटाने अजिबात निराश केले नाही; पार्श्वसंगीत विशेष नैसर्गिक आहे.,Positive
सुरुवातीपासून शेवटपर्यंत चित्रपट अप्रतिम राहतो आणि चित्रपट पाहताना उत्सुकता कायम राहते.,Positive
सुरुवात थोडी कंटाळवाणी आणि संथ आहे; कमकुवत नाही असे एकूण चित्रपटाबद्दल म्हणता येणार नाही. पण पुढे कथा इतकी सुंदर उलगडते. म्हणून एकूण चित्रपट अपेक्षेपेक्षा सुंदर वाटतो.,Positive
"असमाधानकारक नाही असे अंतिम निष्कर्ष काढणे योग्य ठरणार नाही. सुरुवात थोडी कंटाळवाणी आणि संथ आहे; मात्र दुसऱ्या अर्ध्यात चित्रपट पूर्णपणे बदलतो. एकूण अनुभव वाईट नाही, उलट समाधानकारक आहे.",Positive
कथेपासून अभिनयापर्यंत सर्व काही नैसर्गिक वाटले; वेळ कसा गेला कळले नाही.,Positive
चित्रपटातील संवाद पाहून अनेक प्रसंग विनाकारण लांबवले आहेत; एकूण अनुभव निराशाजनक आहे.,Negative
सुरुवात थोडी कंटाळवाणी आणि संथ आहे; खराब नाही असे एकूण चित्रपटाबद्दल म्हणता येणार नाही. तरी पुढे पात्रांचा प्रवास खूप प्रभावी होतो. त्यामुळे चित्रपट पाहिल्याचा निर्णय योग्य वाटतो.,Positive
चित्रपटाची संवाद खूप नैसर्गिक आहे आणि प्रत्येक प्रसंग लक्षात राहतो.,Positive
"उगाच हाईप केलेला सिनेमा, प्रत्यक्षात काही दम नाही. अभिनेत्यांचा अभिनय अगदीच सुमार आणि कृत्रिम वाटला. व्हीएफएक्स इतके स्वस्त वाटतात की हसू येतं.",Negative
सुरुवातीपासून शेवटपर्यंत चित्रपट सुंदर राहतो आणि चित्रपट पाहून मन प्रसन्न झाले.,Positive
"सुरुवात थोडी कंटाळवाणी आणि संथ आहे; असमाधानकारक नाही असे एकूण चित्रपटाबद्दल म्हणता येणार नाही. पण पुढे कथा इतकी सुंदर उलगडते. एकूण अनुभव वाईट नाही, उलट समाधानकारक आहे.",Positive
सुरुवातीला कथा सुंदर आणि आकर्षक वाटते; आशादायक नाही असे एकूण चित्रपटाबद्दल म्हणता येणार नाही. तरी दुसऱ्या अर्ध्यात दिग्दर्शन कमकुवत होते. त्यामुळे हा चित्रपट समाधानकारक म्हणता येत नाही.,Negative
"चित्रपटात शेवट कमकुवत आहे, त्यामुळे कथानकात नवीनपणा जाणवत नाही.",Negative
चित्रपटाची छायाचित्रण खूप अप्रभावी आहे आणि कथानकात नवीनपणा जाणवत नाही.,Negative
कथानकचा अभिनय कंटाळवाणा असून चित्रपट पाहताना वारंवार कंटाळा आला.,Negative
सुरुवात थोडी कंटाळवाणी आणि संथ आहे; फारसा वाईट नाही असे एकूण चित्रपटाबद्दल म्हणता येणार नाही. तरी पुढे पात्रांचा प्रवास खूप प्रभावी होतो. म्हणून एकूण चित्रपट अपेक्षेपेक्षा सुंदर वाटतो.,Positive
"सुरुवात थोडी कंटाळवाणी आणि संथ आहे; कमकुवत नाही असे एकूण चित्रपटाबद्दल म्हणता येणार नाही. पण शेवटच्या भागात सुरुवातीच्या उणिवा मागे पडतात. शेवट अजिबात खराब नाही, उलट मनाला भिडतो.",Positive
"चित्रपटात दिग्दर्शन कमकुवत आहे, त्यामुळे शेवट निराश करतो.",Negative
सिनेमागृहातून बाहेर पडताना खूप वैताग आला. छायाचित्रण अगदीच सामान्य दर्जाचं आहे. कथेत इतके लॉजिकल गॅप्स आहेत की डोकं दुखायला लागतं.,Negative
चित्रपटातील संगीत पाहून अनेक प्रसंग विनाकारण लांबवले आहेत; एकूण अनुभव अतिशय संथ आहे.,Negative
"चित्रपट पाहताना कथा शेवटपर्यंत पकडून ठेवते, कारण संगीत खूप हृदयस्पर्शी आहे.",Positive
हा चित्रपट अस्ताव्यस्त वाटतो; चित्रपट पाहिल्यानंतर विशेष काही लक्षात राहत नाही.,Negative
"पैसे वसूल चित्रपट, अजिबात निराश करत नाही. क्लायमॅक्स इतका जबरदस्त आहे की अंगावर काटा येतो. मुख्य कलाकारांनी आपापल्या भूमिका उत्कृष्टपणे साकारल्या आहेत.",Positive
हा चित्रपट निराश करत नाही असे म्हणणे कठीण आहे; अनेक गोष्टी खटकतात. त्यामुळे एकूण अनुभव निराशाजनक झाला.,Negative
हा चित्रपट अपेक्षेपेक्षा प्रभावी निघाला आणि प्रत्येक प्रसंग लक्षात राहतो.,Positive
संपूर्ण चित्रपट कौतुकास्पद आहे आणि छायाचित्रण मुळे अनुभव आणखी सुंदर झाला.,Positive
चित्रपटाने कथानकात नवीनपणा जाणवत नाही आणि विनोदी प्रसंग खरोखर कंटाळवाणा आहे.,Negative
सिनेमागृहातून बाहेर पडताना खूप वैताग आला. भावनिक प्रसंगांमध्ये सुद्धा काहीच परिणाम जाणवत नाही. अॅक्शन सीन्स अगदीच बनावट आणि कंटाळवाणे वाटतात. शेवट इतका घाईघाईत गुंडाळलेला आहे की निराशा होते. पुन्हा असा चित्रपट बघण्याची इच्छा नाही.,Negative
चित्रपटाने पूर्णपणे निराश केले; अभिनय विशेष फिका आहे.,Negative
सिनेमा सुरु झाल्यापासूनच कंटाळा येऊ लागला. शेवट इतका घाईघाईत गुंडाळलेला आहे की निराशा होते.,Negative
कंटाळवाणा नाही असे अंतिम निष्कर्ष काढणे योग्य ठरणार नाही. सुरुवात थोडी कंटाळवाणी आणि संथ आहे; पण पुढे कथा इतकी सुंदर उलगडते. एकूण परिणाम सकारात्मक आणि समाधान देणारा आहे.,Positive
चित्रपटाने अजिबात निराश केले नाही; शेवट विशेष दर्जेदार आहे.,Positive
असमाधानकारक नाही असे अंतिम निष्कर्ष काढणे योग्य ठरणार नाही. सुरुवात थोडी कंटाळवाणी आणि संथ आहे; पण पुढे कथा इतकी सुंदर उलगडते. चित्रपटाने निराश केले नाही; उलट तो खूप आवडला.,Positive
चित्रपट अजिबात मनमोहक नाही; उलट छायाचित्रण खूप गोंधळलेला आहे.,Negative
संपूर्ण मांडणीमध्ये काहीही रंजक वाटत नाही; छायाचित्रण खूप निराशाजनक आहे.,Negative
चित्रपटाची अभिनय खूप कमकुवत आहे आणि दिग्दर्शनाने विषयाला योग्य न्याय दिला नाही.,Negative
हा चित्रपट अपेक्षेपेक्षा नैसर्गिक निघाला आणि चित्रपट पाहताना उत्सुकता कायम राहते.,Positive
"धमाल आहे एकदम, मजा आली. गाण्यांचे शब्द आणि चाल दोन्ही मनाला भावतात.",Positive
"चित्रपटात संवाद उत्तम आहे, त्यामुळे कलाकारांनी भूमिका जिवंत केल्या आहेत.",Positive
संपूर्ण मांडणीमध्ये काहीही उत्कृष्ट वाटत नाही; संगीत खूप गोंधळलेला आहे.,Negative
"चित्रपटात विनोदी प्रसंग कमकुवत आहे, त्यामुळे चित्रपटाची लांबी त्रासदायक ठरते.",Negative
इतका रटाळ चित्रपट खूप दिवसांनी पाहिला. मुख्य कलाकारांच्या भूमिकेत जीव ओतलेला जाणवलाच नाही. पटकथा खूपच विस्कळीत असल्यामुळे कथा नीट समजतच नाही. दिग्दर्शन अगदीच कमकुवत असून प्रसंगांची मांडणी विस्कळीत आहे.,Negative
सुरुवातीपासून शेवटपर्यंत चित्रपट सुंदर राहतो आणि भावनिक प्रसंग मनाला स्पर्श करतात.,Positive
अशा चित्रपटांमुळे मराठी सिनेमाची बदनामी होते. अभिनेत्यांचा अभिनय अगदीच सुमार आणि कृत्रिम वाटला. या चित्रपटाला दोन पैकी अर्धा स्टार सुद्धा जास्त आहे.,Negative
हा चित्रपट पुन्हा पाहावासा वाटत नाही कारण कथानक खूप कंटाळवाणा आहे.,Negative
"चित्रपट पाहताना चित्रपट पाहताना उत्सुकता कायम राहते, कारण संगीत खूप आकर्षक आहे.",Positive
अशा चित्रपटांमुळे मराठी सिनेमाची बदनामी होते. मुख्य कलाकारांच्या भूमिकेत जीव ओतलेला जाणवलाच नाही.,Negative
अभिनय नैसर्गिक वाटला नाही आणि संवादही प्रभावी नाहीत. त्यामुळे चित्रपट फारसा प्रभावी वाटत नाही.,Negative
कमकुवत नाही असे अंतिम निष्कर्ष काढणे योग्य ठरणार नाही. सुरुवात थोडी कंटाळवाणी आणि संथ आहे; पण पुढे कथा इतकी सुंदर उलगडते. म्हणून एकूण चित्रपट अपेक्षेपेक्षा सुंदर वाटतो.,Positive
छायाचित्रण इतका सुंदर आहे की कुटुंबासोबत पाहण्यासारखा अनुभव मिळतो.,Positive
चित्रपटाची अभिनय खूप अप्रतिम आहे आणि संगीताने प्रसंगांची परिणामकारकता वाढवली.,Positive
"एकदम भारी चित्रपट, अपेक्षेपेक्षा जास्त आवडला. कथा अगदी वेगळी आणि विचार करायला लावणारी आहे. दिग्दर्शकाने प्रत्येक प्रसंग अतिशय सुंदर पद्धतीने मांडला आहे. मराठी चित्रपटसृष्टीसाठी अभिमानास्पद कलाकृती आहे.",Positive
सुरुवातीला कथा सुंदर आणि आकर्षक वाटते; चांगला नाही असे एकूण चित्रपटाबद्दल म्हणता येणार नाही. पण पुढे पटकथा पूर्णपणे गोंधळते. शेवटी चित्रपट समाधान देत नाही.,Negative
हा अनुभव रंजक नसून खूप निरस आहे; दिग्दर्शनाने विषयाला योग्य न्याय दिला नाही.,Negative
चित्रपटमध्ये काहीही फिका वाटत नाही; छायाचित्रण खूप रंजक आहे.,Positive
उत्कृष्ट नाही असे अंतिम निष्कर्ष काढणे योग्य ठरणार नाही. सुरुवातीला कथा सुंदर आणि आकर्षक वाटते; तरी दुसऱ्या अर्ध्यात दिग्दर्शन कमकुवत होते. शेवटी चित्रपट समाधान देत नाही.,Negative
सुंदर नाही असे अंतिम निष्कर्ष काढणे योग्य ठरणार नाही. सुरुवातीला कथा सुंदर आणि आकर्षक वाटते; मात्र नंतर कथा इतकी रटाळ होते. अखेरीस एकूण परिणाम कमकुवत ठरतो.,Negative
कथानकमध्ये काहीही अप्रभावी वाटत नाही; भावनिक सादरीकरण खूप उत्कृष्ट आहे.,Positive
"चित्रपट संथ नाही असे सुरुवातीला वाटले, पण नंतर वेग पूर्णपणे कमी झाला. एकूण अनुभव समाधानकारक वाटत नाही.",Negative
"सुरुवात थोडी कंटाळवाणी आणि संथ आहे. तरी पुढे पात्रांचा प्रवास खूप प्रभावी होतो, पण शेवट अजिबात खराब नाही, उलट मनाला भिडतो.",Positive
चित्रपटाची अभिनय खूप निराशाजनक आहे आणि चित्रपट पाहिल्यानंतर विशेष काही लक्षात राहत नाही.,Negative
अभिनय आणि कथा दोन्ही अंदाजे आहेत; त्यामुळे शेवट निराश करतो.,Negative
कथेपासून अभिनयापर्यंत सर्व काही कौतुकास्पद वाटले; दिग्दर्शकाने विषयाला योग्य न्याय दिला.,Positive
चित्रपटमध्ये काहीही अप्रतिम वाटत नाही; संवाद खूप कमकुवत आहे.,Negative
हा चित्रपट उत्कृष्ट वाटतो; चित्रपटाचा अनुभव मनाला आनंद देतो.,Positive
चित्रपट फारसा सामान्य नाही; त्यात वेगळेपणा जाणवतो. चित्रपट पाहताना उत्सुकता कायम राहते.,Positive
पटकथा मजबूत नाही आणि कथानक सतत भरकटते. त्यामुळे एकूण अनुभव निराशाजनक झाला.,Negative
सुंदर नाही असे अंतिम निष्कर्ष काढणे योग्य ठरणार नाही. सुरुवातीला कथा सुंदर आणि आकर्षक वाटते; तरी दुसऱ्या अर्ध्यात दिग्दर्शन कमकुवत होते. त्यामुळे हा चित्रपट समाधानकारक म्हणता येत नाही.,Negative
हा अनुभव निरस नसून खूप मनमोहक आहे; चित्रपट पाहून मन प्रसन्न झाले.,Positive
"चित्रपट पाहताना कथानकात नवीनपणा जाणवत नाही, कारण संगीत खूप कंटाळवाणा आहे.",Negative
सुरुवातीपासून शेवटपर्यंत चित्रपट हृदयस्पर्शी राहतो आणि चित्रपटाचा अनुभव मनाला आनंद देतो.,Positive
"चित्रपट पाहताना अनेक प्रसंग विनाकारण लांबवले आहेत, कारण दिग्दर्शन खूप अस्ताव्यस्त आहे.",Negative
"चित्रपट पाहताना पटकथा शेवटपर्यंत प्रभावी राहत नाही, कारण भावनिक सादरीकरण खूप गोंधळलेला आहे.",Negative
चित्रपटाने कलाकारांच्या कामगिरीत उत्साह जाणवत नाही आणि दिग्दर्शन खरोखर कमकुवत आहे.,Negative
चित्रपट अजिबात अप्रभावी नाही; उलट विनोदी प्रसंग खूप प्रभावी आहे.,Positive
"चित्रपटात संगीत उत्तम आहे, त्यामुळे कुटुंबासोबत पाहण्यासारखा अनुभव मिळतो.",Positive
हा चित्रपट पुन्हा पाहावासा वाटत नाही कारण अभिनय खूप अतिशय संथ आहे.,Negative
हा अनुभव मनमोहक नसून खूप अंदाजे आहे; चित्रपट पाहताना वारंवार कंटाळा आला.,Negative
या चित्रपटाची विनोदी प्रसंग निराश करते आणि कथानकात नवीनपणा जाणवत नाही.,Negative
सुरुवातीपासून शेवटपर्यंत चित्रपट सुमार राहतो आणि चित्रपट पाहिल्यानंतर विशेष काही लक्षात राहत नाही.,Negative
दृश्यरचना इतका हृदयस्पर्शी आहे की सर्व कलाकारांची कामगिरी लक्षात राहते.,Positive
संपूर्ण चित्रपट अतिशय संथ आहे आणि पार्श्वसंगीत मुळे अनुभव खराब झाला.,Negative
पटकथा इतका कौतुकास्पद आहे की चित्रपट पाहून मन प्रसन्न झाले.,Positive
कथा अजिबात कंटाळवाणी नाही आणि अभिनयही सुंदर आहे. त्यामुळे एकूण अनुभव खूप चांगला झाला.,Positive
सुरुवातीला कथा सुंदर आणि आकर्षक वाटते; चांगला नाही असे एकूण चित्रपटाबद्दल म्हणता येणार नाही. पण पुढे पटकथा पूर्णपणे गोंधळते. एकूण चित्रपट सकारात्मक कारणांसाठी लक्षात राहत नाही.,Negative
चित्रपटातील दृश्यरचना पाहून कथा पुढे सरकत नाही; एकूण अनुभव फिका आहे.,Negative
"पैसे वसूल चित्रपट, अजिबात निराश करत नाही. विनोदी प्रसंग अगदी सहज आणि टाइमिंगसह मांडले आहेत. असे चित्रपट वारंवार यायला हवेत.",Positive
"सिनेमागृहातून बाहेर पडताना खूप वैताग आला. कथेत काहीच नावीन्य नाही, सगळं आधीच पाहिलेलं वाटतं. थिएटरमध्ये पैसे खर्च करण्याआधी नक्की विचार करा.",Negative
चित्रपटातील विनोदी प्रसंग पाहून अनेक प्रसंग विनाकारण लांबवले आहेत; एकूण अनुभव अस्ताव्यस्त आहे.,Negative
सुरुवातीपासून शेवटपर्यंत चित्रपट उत्तम राहतो आणि प्रत्येक प्रसंग लक्षात राहतो.,Positive
संवाद आणि पटकथा दोन्ही सुमार आहेत; त्यामुळे कलाकारांच्या कामगिरीत उत्साह जाणवत नाही.,Negative
"अपेक्षा खूप होत्या पण चित्रपटाने साफ निराश केलं. विनोदी प्रसंग हास्यास्पद वाटतात, हसू येण्याऐवजी वैताग येतो. दिग्दर्शकाला नेमकं काय दाखवायचं आहे हेच कळत नाही. छायाचित्रण अगदीच सामान्य दर्जाचं आहे. मराठी सिनेमाच्या नावाला कमीपणा आणणारा चित्रपट आहे.",Negative
सुरुवात थोडी कंटाळवाणी आणि संथ आहे; खराब नाही असे एकूण चित्रपटाबद्दल म्हणता येणार नाही. तरी पुढे पात्रांचा प्रवास खूप प्रभावी होतो. एकूण परिणाम सकारात्मक आणि समाधान देणारा आहे.,Positive
"मित्रांच्या सांगण्यावरून गेलो पण खूप पश्चाताप झाला. अभिनेत्यांचा अभिनय अगदीच सुमार आणि कृत्रिम वाटला. विनोदी प्रसंग हास्यास्पद वाटतात, हसू येण्याऐवजी वैताग येतो. पार्श्वसंगीत उगाचच मोठ्या आवाजात आणि त्रासदायक वाटतं. वेळ असेल तरी बघू नका असा सल्ला देईन.",Negative
चित्रपटातील पटकथा पाहून प्रत्येक फ्रेम विचारपूर्वक सादर केली आहे; एकूण अनुभव सुंदर आहे.,Positive
हा चित्रपट पुन्हा पाहावासा वाटत नाही कारण शेवट खूप सुमार आहे.,Negative
चित्रपटाने शेवट निराश करतो आणि भावनिक सादरीकरण खरोखर कृत्रिम आहे.,Negative
चित्रपटातील भावनिक सादरीकरण पाहून चित्रपट पाहताना उत्सुकता कायम राहते; एकूण अनुभव नैसर्गिक आहे.,Positive
"चित्रपटात संवाद उत्तम आहे, त्यामुळे चित्रपट पाहताना उत्सुकता कायम राहते.",Positive
"सुरुवात थोडी कंटाळवाणी आणि संथ आहे; मनाला न पटणारा नाही असे एकूण चित्रपटाबद्दल म्हणता येणार नाही. पण पुढे कथा इतकी सुंदर उलगडते. शेवट अजिबात खराब नाही, उलट मनाला भिडतो.",Positive
सुरुवातीपासून शेवटपर्यंत चित्रपट सुंदर राहतो आणि कथा शेवटपर्यंत पकडून ठेवते.,Positive
संपूर्ण चित्रपट कृत्रिम आहे आणि मुख्य कलाकाराचा अभिनय मुळे अनुभव खराब झाला.,Negative
"एकदम भारी चित्रपट, अपेक्षेपेक्षा जास्त आवडला. विनोदी प्रसंग अगदी सहज आणि टाइमिंगसह मांडले आहेत. कथेची मांडणी अशी आहे की पुढे काय होणार याची उत्सुकता कायम राहते. अभिनेत्यांचा अभिनय खूपच नैसर्गिक आणि प्रभावी वाटला. असे चित्रपट वारंवार यायला हवेत.",Positive
चित्रपटाने चित्रपट पाहताना वारंवार कंटाळा आला आणि कथा खरोखर सुमार आहे.,Negative
हा चित्रपट पुन्हा पाहावासा वाटत नाही कारण मांडणी खूप फिका आहे.,Negative
या कलाकृतीचा कथा उत्तम असून कथा शेवटपर्यंत पकडून ठेवते.,Positive
चित्रपटाने पूर्णपणे निराश केले; मुख्य कलाकाराचा अभिनय विशेष अप्रभावी आहे.,Negative
संवाद आणि पार्श्वसंगीत दोन्ही गोंधळलेला आहेत; त्यामुळे पटकथा शेवटपर्यंत प्रभावी राहत नाही.,Negative
चित्रपटातील मुख्य कलाकाराचा अभिनय पाहून अनेक प्रसंग विनाकारण लांबवले आहेत; एकूण अनुभव गोंधळलेला आहे.,Negative
कथाचा छायाचित्रण निराशाजनक असून चित्रपट पाहताना वारंवार कंटाळा आला.,Negative
चित्रपटाने अजिबात निराश केले नाही; भावनिक सादरीकरण विशेष अप्रतिम आहे.,Positive
संपूर्ण चित्रपट मनमोहक आहे आणि अभिनय मुळे अनुभव आणखी सुंदर झाला.,Positive
हा चित्रपट अपेक्षेपेक्षा दर्जेदार निघाला आणि चित्रपटाचा अनुभव मनाला आनंद देतो.,Positive
या वर्षीचा सर्वोत्तम मराठी चित्रपट असं म्हणता येईल. कथेची मांडणी अशी आहे की पुढे काय होणार याची उत्सुकता कायम राहते.,Positive
पटकथा आणि भावनिक सादरीकरण दोन्ही अस्ताव्यस्त आहेत; त्यामुळे काही दृश्ये अजिबात गरजेची वाटत नाहीत.,Negative
"फारसा वाईट नाही असे अंतिम निष्कर्ष काढणे योग्य ठरणार नाही. सुरुवात थोडी कंटाळवाणी आणि संथ आहे; पण पुढे कथा इतकी सुंदर उलगडते. शेवट अजिबात खराब नाही, उलट मनाला भिडतो.",Positive
सिनेमागृहातून बाहेर पडताना चेहऱ्यावर हसू होतं. पार्श्वसंगीत प्रसंगांची तीव्रता अजून वाढवतं. असे चित्रपट वारंवार यायला हवेत.,Positive
"मस्त एंटरटेनमेंट, फॅमिलीसोबत नक्की बघा.",Positive
चित्रपटातील छायाचित्रण पाहून चित्रपट पाहून मन प्रसन्न झाले; एकूण अनुभव हृदयस्पर्शी आहे.,Positive
दिग्दर्शन प्रभावी नाही आणि कलाकारांना योग्य वाव मिळाला नाही. त्यामुळे एकूण अनुभव निराशाजनक झाला.,Negative
चित्रपट अजिबात रंजक नाही; उलट संगीत खूप सुमार आहे.,Negative
या चित्रपटाची विनोदी प्रसंग निराश करते आणि चित्रपट पाहताना वारंवार कंटाळा आला.,Negative
हा चित्रपट अपेक्षेपेक्षा सुमार निघाला आणि संवाद कृत्रिम वाटतात.,Negative
अपेक्षाभंग करणारा नाही असे अंतिम निष्कर्ष काढणे योग्य ठरणार नाही. सुरुवात थोडी कंटाळवाणी आणि संथ आहे; पण पुढे कथा इतकी सुंदर उलगडते. एकूण परिणाम सकारात्मक आणि समाधान देणारा आहे.,Positive
आकर्षक नाही असे अंतिम निष्कर्ष काढणे योग्य ठरणार नाही. सुरुवातीला कथा सुंदर आणि आकर्षक वाटते; मात्र नंतर कथा इतकी रटाळ होते. त्यामुळे अंतिम अनुभव अपेक्षाभंग करणारा ठरतो.,Negative
थिएटरमध्ये अर्ध्यातच झोप येत होती. क्लायमॅक्स अगदीच अपेक्षित आणि सपक झाला आहे.,Negative
"चित्रपटात पार्श्वसंगीत कमकुवत आहे, त्यामुळे दिग्दर्शनाने विषयाला योग्य न्याय दिला नाही.",Negative
या चित्रपटाची कथा निराश करते आणि चित्रपटाची लांबी त्रासदायक ठरते.,Negative
हा चित्रपट पुन्हा पाहावासा वाटत नाही कारण संगीत खूप अतिशय संथ आहे.,Negative
"चित्रपटात कथा कमकुवत आहे, त्यामुळे कथा पुढे सरकत नाही.",Negative
या चित्रपटाची दिग्दर्शन मनाला भिडते आणि प्रत्येक प्रसंग लक्षात राहतो.,Positive
हा अनुभव मनमोहक नसून खूप अतिशय संथ आहे; कथानकात नवीनपणा जाणवत नाही.,Negative
संपूर्ण चित्रपट अंदाजे आहे आणि पार्श्वसंगीत मुळे अनुभव खराब झाला.,Negative
हा चित्रपट अजिबात बघण्यासारखा नाही. काही कलाकारांची निवडच चुकीची वाटते. मराठी सिनेमाच्या नावाला कमीपणा आणणारा चित्रपट आहे.,Negative
चित्रपटाने संवाद कृत्रिम वाटतात आणि कथानक खरोखर निरस आहे.,Negative
हा अनुभव अप्रभावी नसून खूप उत्कृष्ट आहे; चित्रपट पाहताना उत्सुकता कायम राहते.,Positive
सुरुवात थोडी कंटाळवाणी आणि संथ आहे; कंटाळवाणा नाही असे एकूण चित्रपटाबद्दल म्हणता येणार नाही. पण पुढे कथा इतकी सुंदर उलगडते. उणिवा असूनही शेवटी चित्रपट मन जिंकून घेतो.,Positive
"पैसे वसूल चित्रपट, अजिबात निराश करत नाही. गाण्यांचे शब्द आणि चाल दोन्ही मनाला भावतात.",Positive
सिनेमा सुरुवातीपासून शेवटपर्यंत खिळवून ठेवतो. अॅक्शन सीन्स एकदम जबरदस्त आणि रिअलिस्टिक वाटतात. एकदा तरी नक्की बघावा असा हा चित्रपट आहे.,Positive
सुरुवात थोडी कंटाळवाणी आणि संथ आहे; फारसा वाईट नाही असे एकूण चित्रपटाबद्दल म्हणता येणार नाही. तरी पुढे पात्रांचा प्रवास खूप प्रभावी होतो. उणिवा असूनही शेवटी चित्रपट मन जिंकून घेतो.,Positive
सुरुवातीला कथा सुंदर आणि आकर्षक वाटते; उत्तम नाही असे एकूण चित्रपटाबद्दल म्हणता येणार नाही. पण पुढे पटकथा पूर्णपणे गोंधळते. अखेरीस एकूण परिणाम कमकुवत ठरतो.,Negative
"मस्त सिनेमा आहे, नक्की बघा. संगीत कानाला खूप गोड लागतं आणि गाणी सुद्धा सुरेख आहेत.",Positive
"चित्रपटात मांडणी उत्तम आहे, त्यामुळे संगीताने प्रसंगांची परिणामकारकता वाढवली.",Positive
चित्रपट अजिबात फिका नाही; उलट पटकथा खूप हृदयस्पर्शी आहे.,Positive
"चित्रपटात कथानक कमकुवत आहे, त्यामुळे चित्रपटाची लांबी त्रासदायक ठरते.",Negative
हा चित्रपट पुन्हा पाहावासा वाटत नाही कारण कथा खूप गोंधळलेला आहे.,Negative
चित्रपटातील मुख्य कलाकाराचा अभिनय पाहून कथा शेवटपर्यंत पकडून ठेवते; एकूण अनुभव रंजक आहे.,Positive
"चित्रपट पाहताना वेळ कसा गेला कळले नाही, कारण पार्श्वसंगीत खूप नैसर्गिक आहे.",Positive
चित्रपटाची विनोदी प्रसंग खूप नैसर्गिक आहे आणि कथा शेवटपर्यंत पकडून ठेवते.,Positive
फुकट गेला वेळ यार पूर्ण. संवाद खूपच सुमार आणि ओढून ताणून लिहिलेले वाटतात.,Negative
चित्रपटाने कुटुंबासोबत पाहण्यासारखा अनुभव मिळतो आणि दृश्यरचना खरोखर अप्रतिम आहे.,Positive
हा चित्रपट अपेक्षेपेक्षा अतिशय संथ निघाला आणि पटकथा शेवटपर्यंत प्रभावी राहत नाही.,Negative
एवढा भिकार सिनेमा अलीकडे बघितला नव्हता. मुख्य कलाकारांच्या भूमिकेत जीव ओतलेला जाणवलाच नाही. दिग्दर्शन अगदीच कमकुवत असून प्रसंगांची मांडणी विस्कळीत आहे. सहकलाकारांचा अभिनयही अगदीच सामान्य आहे. मराठी सिनेमाच्या नावाला कमीपणा आणणारा चित्रपट आहे.,Negative
"चित्रपट पाहताना काही दृश्ये अजिबात गरजेची वाटत नाहीत, कारण पार्श्वसंगीत खूप अतिशय संथ आहे.",Negative
या चित्रपटाची दिग्दर्शन निराश करते आणि चित्रपट पाहताना वारंवार कंटाळा आला.,Negative
अपेक्षाभंग करणारा नाही असे अंतिम निष्कर्ष काढणे योग्य ठरणार नाही. सुरुवात थोडी कंटाळवाणी आणि संथ आहे; मात्र दुसऱ्या अर्ध्यात चित्रपट पूर्णपणे बदलतो. त्यामुळे सुरुवातीचे नकारात्मक संकेत दिशाभूल करणारे ठरतात.,Positive
हा चित्रपट अपेक्षेपेक्षा अंदाजे निघाला आणि भावनिक प्रसंगांचा परिणाम होत नाही.,Negative
सुरुवातीपासून शेवटपर्यंत चित्रपट मनमोहक राहतो आणि प्रत्येक फ्रेम विचारपूर्वक सादर केली आहे.,Positive
संपूर्ण चित्रपट दर्जेदार आहे आणि कथा मुळे अनुभव आणखी सुंदर झाला.,Positive
अभिनय आणि दिग्दर्शन दोन्ही कौतुकास्पद आहेत; त्यामुळे वेळ कसा गेला कळले नाही.,Positive
चित्रपटचा मांडणी आकर्षक असून कलाकारांनी भूमिका जिवंत केल्या आहेत.,Positive
चित्रपटाने चित्रपट पाहताना उत्सुकता कायम राहते आणि अभिनय खरोखर नैसर्गिक आहे.,Positive
हा अनुभव वाईट नसून खूप दर्जेदार आहे; चित्रपट पाहून मन प्रसन्न झाले.,Positive
"शेवट खराब वाटला नाही, उलट तो समाधानकारक होता. चित्रपट पाहताना उत्सुकता कायम राहते.",Positive
कथाचा शेवट रंजक असून चित्रपट पाहून मन प्रसन्न झाले.,Positive
हा अनुभव उत्कृष्ट नसून खूप अस्ताव्यस्त आहे; कथा पुढे सरकत नाही.,Negative
चित्रपटाची पटकथा खूप सुमार आहे आणि अनेक प्रसंग विनाकारण लांबवले आहेत.,Negative
चित्रपट अजिबात मनमोहक नाही; उलट अभिनय खूप अंदाजे आहे.,Negative
सुरुवात थोडी कंटाळवाणी आणि संथ आहे; अपेक्षाभंग करणारा नाही असे एकूण चित्रपटाबद्दल म्हणता येणार नाही. मात्र दुसऱ्या अर्ध्यात चित्रपट पूर्णपणे बदलतो. एकूण परिणाम सकारात्मक आणि समाधान देणारा आहे.,Positive
कथा वेगळी असली तरी तिची मांडणी चांगली नाही. त्यामुळे चित्रपट फारसा प्रभावी वाटत नाही.,Negative
या कलाकृतीचा छायाचित्रण गोंधळलेला असून वेळ वाया गेल्यासारखे वाटले.,Negative
"पूर्ण चित्रपटभर काहीच लॉजिक सापडलं नाही. गाणी उगाचच घुसवल्यासारखी वाटतात, कथेशी संबंधच नाही. कथेत काहीच नावीन्य नाही, सगळं आधीच पाहिलेलं वाटतं. मराठी सिनेमाच्या नावाला कमीपणा आणणारा चित्रपट आहे.",Negative
सिनेमा बघून मन अगदी प्रसन्न झालं. संवाद खूप प्रभावी असून थेट मनाला भिडतात. गाण्यांचे शब्द आणि चाल दोन्ही मनाला भावतात. विनोदी प्रसंग अगदी सहज आणि टाइमिंगसह मांडले आहेत.,Positive
चित्रपटातील कथानक पाहून चित्रपट पाहताना उत्सुकता कायम राहते; एकूण अनुभव आकर्षक आहे.,Positive
चित्रपटाची पटकथा खूप सुंदर आहे आणि चित्रपट पाहून मन प्रसन्न झाले.,Positive
चित्रपटमध्ये काहीही निरस वाटत नाही; दिग्दर्शन खूप अप्रतिम आहे.,Positive
सुरुवातीला कथा सुंदर आणि आकर्षक वाटते; उत्कृष्ट नाही असे एकूण चित्रपटाबद्दल म्हणता येणार नाही. तरी दुसऱ्या अर्ध्यात दिग्दर्शन कमकुवत होते. शेवटामुळे आधीचे चांगले क्षणही फिके पडतात.,Negative
सुरुवात थोडी कंटाळवाणी आणि संथ आहे; वाईट नाही असे एकूण चित्रपटाबद्दल म्हणता येणार नाही. पण पुढे कथा इतकी सुंदर उलगडते. म्हणून एकूण चित्रपट अपेक्षेपेक्षा सुंदर वाटतो.,Positive
हा चित्रपट अजिबात बघण्यासारखा नाही. छायाचित्रण अगदीच सामान्य दर्जाचं आहे. अभिनेत्यांचा अभिनय अगदीच सुमार आणि कृत्रिम वाटला. अॅक्शन सीन्स अगदीच बनावट आणि कंटाळवाणे वाटतात. वेळ असेल तरी बघू नका असा सल्ला देईन.,Negative
सुरुवात थोडी कंटाळवाणी आणि संथ आहे; कमकुवत नाही असे एकूण चित्रपटाबद्दल म्हणता येणार नाही. तरी पुढे पात्रांचा प्रवास खूप प्रभावी होतो. अखेरीस हा अनुभव अजिबात असमाधानकारक राहत नाही.,Positive
चित्रपटाची अभिनय खूप कमकुवत आहे आणि भावनिक प्रसंगांचा परिणाम होत नाही.,Negative
चित्रपटातील मांडणी पाहून संगीताने प्रसंगांची परिणामकारकता वाढवली; एकूण अनुभव मनमोहक आहे.,Positive
एवढा भिकार सिनेमा अलीकडे बघितला नव्हता. अॅक्शन सीन्स अगदीच बनावट आणि कंटाळवाणे वाटतात. पटकथा खूपच विस्कळीत असल्यामुळे कथा नीट समजतच नाही.,Negative
चित्रपटाने अजिबात निराश केले नाही; कथा विशेष प्रभावी आहे.,Positive
मराठी प्रेक्षकांची निराशा करणारा चित्रपट आहे हा. क्लायमॅक्स अगदीच अपेक्षित आणि सपक झाला आहे. कथेत इतके लॉजिकल गॅप्स आहेत की डोकं दुखायला लागतं.,Negative
टकाटक अपेक्षा होती पण सगळं फेल. शेवट इतका घाईघाईत गुंडाळलेला आहे की निराशा होते.,Negative
कथानकचा कथा हृदयस्पर्शी असून कथा शेवटपर्यंत पकडून ठेवते.,Positive
संपूर्ण चित्रपट अप्रभावी आहे आणि मुख्य कलाकाराचा अभिनय मुळे अनुभव खराब झाला.,Negative
"सिनेमा सुरु झाल्यापासूनच कंटाळा येऊ लागला. गाणी उगाचच घुसवल्यासारखी वाटतात, कथेशी संबंधच नाही. अभिनेत्यांचा अभिनय अगदीच सुमार आणि कृत्रिम वाटला.",Negative
हा चित्रपट पुन्हा पाहावासा वाटत नाही कारण संवाद खूप अतिशय संथ आहे.,Negative
कथा आणि मुख्य कलाकाराचा अभिनय दोन्ही कौतुकास्पद आहेत; त्यामुळे प्रत्येक फ्रेम विचारपूर्वक सादर केली आहे.,Positive
चित्रपटातील भावनिक सादरीकरण पाहून भावनिक प्रसंगांचा परिणाम होत नाही; एकूण अनुभव गोंधळलेला आहे.,Negative
निराश केले नाही असे अंतिम निष्कर्ष काढणे योग्य ठरणार नाही. सुरुवात थोडी कंटाळवाणी आणि संथ आहे; मात्र दुसऱ्या अर्ध्यात चित्रपट पूर्णपणे बदलतो. म्हणून एकूण चित्रपट अपेक्षेपेक्षा सुंदर वाटतो.,Positive
कथानकमध्ये काहीही निराशाजनक वाटत नाही; दिग्दर्शन खूप आकर्षक आहे.,Positive
चित्रपटाने सर्व कलाकारांची कामगिरी लक्षात राहते आणि दृश्यरचना खरोखर मनमोहक आहे.,Positive
आकर्षक नाही असे अंतिम निष्कर्ष काढणे योग्य ठरणार नाही. सुरुवातीला कथा सुंदर आणि आकर्षक वाटते; मात्र नंतर कथा इतकी रटाळ होते. एकूण अनुभव मात्र निराशाजनक आहे.,Negative
"धमाल आहे एकदम, मजा आली. पार्श्वसंगीत प्रसंगांची तीव्रता अजून वाढवतं.",Positive
हा चित्रपट अंदाजे वाटतो; अनेक प्रसंग विनाकारण लांबवले आहेत.,Negative
"चित्रपटात कथा उत्तम आहे, त्यामुळे भावनिक प्रसंग मनाला स्पर्श करतात.",Positive
सुरुवातीला कथा सुंदर आणि आकर्षक वाटते; प्रभावी नाही असे एकूण चित्रपटाबद्दल म्हणता येणार नाही. पण पुढील भाग इतका कंटाळवाणा आहे. शेवटी चित्रपट समाधान देत नाही.,Negative
हा अनुभव कमकुवत नसून खूप अप्रतिम आहे; संगीताने प्रसंगांची परिणामकारकता वाढवली.,Positive
या चित्रपटाची शेवट निराश करते आणि चित्रपट पाहताना वारंवार कंटाळा आला.,Negative
चित्रपटाने भावनिक प्रसंगांचा परिणाम होत नाही आणि मुख्य कलाकाराचा अभिनय खरोखर कमकुवत आहे.,Negative
इतका रटाळ चित्रपट खूप दिवसांनी पाहिला. मुख्य कलाकारांच्या भूमिकेत जीव ओतलेला जाणवलाच नाही. मराठी सिनेमाच्या नावाला कमीपणा आणणारा चित्रपट आहे.,Negative
"चित्रपट पाहताना चित्रपटाचा अनुभव मनाला आनंद देतो, कारण पार्श्वसंगीत खूप दर्जेदार आहे.",Positive
कथा अजिबात उत्कृष्ट नाही आणि अनेक प्रसंग विनाकारण लांबवले आहेत.,Negative
मनाला न पटणारा नाही असे अंतिम निष्कर्ष काढणे योग्य ठरणार नाही. सुरुवात थोडी कंटाळवाणी आणि संथ आहे; तरी पुढे पात्रांचा प्रवास खूप प्रभावी होतो. त्यामुळे सुरुवातीचे नकारात्मक संकेत दिशाभूल करणारे ठरतात.,Positive
या कलाकृतीचा शेवट कंटाळवाणा असून भावनिक प्रसंगांचा परिणाम होत नाही.,Negative
या चित्रपटाची संगीत मनाला भिडते आणि वेळ कसा गेला कळले नाही.,Positive
मांडणी इतका उत्तम आहे की कुटुंबासोबत पाहण्यासारखा अनुभव मिळतो.,Positive
पैसे वाया गेले असं वाटलं सिनेमा बघून. दिग्दर्शन अगदीच कमकुवत असून प्रसंगांची मांडणी विस्कळीत आहे. संगीत काहीच लक्षात राहण्यासारखं नाही. या चित्रपटाला दोन पैकी अर्धा स्टार सुद्धा जास्त आहे.,Negative
कथानकचा कथा फिका असून चित्रपटाची लांबी त्रासदायक ठरते.,Negative
चित्रपटमध्ये काहीही रंजक वाटत नाही; छायाचित्रण खूप अस्ताव्यस्त आहे.,Negative
कथाचा भावनिक सादरीकरण अस्ताव्यस्त असून दिग्दर्शनाने विषयाला योग्य न्याय दिला नाही.,Negative
अगदीच वाईट्ट आहे गड्या हा सिनेमा. अॅक्शन सीन्स अगदीच बनावट आणि कंटाळवाणे वाटतात.,Negative
समाधानकारक नाही असे अंतिम निष्कर्ष काढणे योग्य ठरणार नाही. सुरुवातीला कथा सुंदर आणि आकर्षक वाटते; तरी दुसऱ्या अर्ध्यात दिग्दर्शन कमकुवत होते. एकूण परिणाम वाईट आणि असमाधानकारक राहतो.,Negative
सुरुवातीला कथा सुंदर आणि आकर्षक वाटते; तरी दुसऱ्या अर्ध्यात दिग्दर्शन कमकुवत होते. शेवटी चित्रपट समाधान देत नाही.,Negative
या चित्रपटाची दिग्दर्शन निराश करते आणि भावनिक प्रसंगांचा परिणाम होत नाही.,Negative
सुरुवातीपासूनच चित्रपट प्रेक्षकांना पकडून ठेवतो. संवाद खूप प्रभावी असून थेट मनाला भिडतात. मराठी चित्रपटसृष्टीसाठी अभिमानास्पद कलाकृती आहे.,Positive
उत्तम नाही असे अंतिम निष्कर्ष काढणे योग्य ठरणार नाही. सुरुवातीला कथा सुंदर आणि आकर्षक वाटते; पण पुढे पटकथा पूर्णपणे गोंधळते. एकूण अनुभव मात्र निराशाजनक आहे.,Negative
"चित्रपट पाहताना चित्रपट पाहताना वारंवार कंटाळा आला, कारण छायाचित्रण खूप अप्रभावी आहे.",Negative
मराठी प्रेक्षकांची निराशा करणारा चित्रपट आहे हा. शेवट इतका घाईघाईत गुंडाळलेला आहे की निराशा होते. क्लायमॅक्स अगदीच अपेक्षित आणि सपक झाला आहे. भावनिक प्रसंगांमध्ये सुद्धा काहीच परिणाम जाणवत नाही.,Negative
कथेपासून अभिनयापर्यंत बरेच काही सुमार वाटले; दिग्दर्शनाने विषयाला योग्य न्याय दिला नाही.,Negative
समाधानकारक नाही असे अंतिम निष्कर्ष काढणे योग्य ठरणार नाही. सुरुवातीला कथा सुंदर आणि आकर्षक वाटते; तरी दुसऱ्या अर्ध्यात दिग्दर्शन कमकुवत होते. त्यामुळे अंतिम अनुभव अपेक्षाभंग करणारा ठरतो.,Negative
संपूर्ण चित्रपट सुमार आहे आणि कथानक मुळे अनुभव खराब झाला.,Negative
"चित्रपटात भावनिक सादरीकरण कमकुवत आहे, त्यामुळे वेळ वाया गेल्यासारखे वाटले.",Negative
चित्रपटातील दृश्यरचना पाहून शेवट समाधानकारक वाटतो; एकूण अनुभव हृदयस्पर्शी आहे.,Positive
"वाईट नाही असे अंतिम निष्कर्ष काढणे योग्य ठरणार नाही. सुरुवात थोडी कंटाळवाणी आणि संथ आहे; तरी पुढे पात्रांचा प्रवास खूप प्रभावी होतो. शेवट अजिबात खराब नाही, उलट मनाला भिडतो.",Positive
हा चित्रपट पुन्हा पाहावासा वाटतो कारण मांडणी खूप दर्जेदार आहे.,Positive
सुरुवात थोडी कंटाळवाणी आणि संथ आहे; वाईट नाही असे एकूण चित्रपटाबद्दल म्हणता येणार नाही. तरी पुढे पात्रांचा प्रवास खूप प्रभावी होतो. सुरुवातीच्या उणिवा असूनही हा चित्रपट लक्षात राहतो.,Positive
चित्रपटाची विनोदी प्रसंग खूप गोंधळलेला आहे आणि अनेक प्रसंग विनाकारण लांबवले आहेत.,Negative
"निराश केले नाही असे अंतिम निष्कर्ष काढणे योग्य ठरणार नाही. सुरुवात थोडी कंटाळवाणी आणि संथ आहे; मात्र दुसऱ्या अर्ध्यात चित्रपट पूर्णपणे बदलतो. शेवट अजिबात खराब नाही, उलट मनाला भिडतो.",Positive
शेवट इतका निरस आहे की चित्रपटाची लांबी त्रासदायक ठरते.,Negative
सुरुवात थोडी कंटाळवाणी आणि संथ आहे; मनाला न पटणारा नाही असे एकूण चित्रपटाबद्दल म्हणता येणार नाही. पण पुढे कथा इतकी सुंदर उलगडते. त्यामुळे सुरुवातीचे नकारात्मक संकेत दिशाभूल करणारे ठरतात.,Positive
या चित्रपटाची दिग्दर्शन मनाला भिडते आणि वेळ कसा गेला कळले नाही.,Positive
मित्रांच्या सांगण्यावरून गेलो पण खूप पश्चाताप झाला. पार्श्वसंगीत उगाचच मोठ्या आवाजात आणि त्रासदायक वाटतं. या चित्रपटाला दोन पैकी अर्धा स्टार सुद्धा जास्त आहे.,Negative
एकदम झकास सिनेमा आहे भाऊ! संवाद खूप प्रभावी असून थेट मनाला भिडतात.,Positive
अपेक्षा खूप होत्या पण चित्रपटाने साफ निराश केलं. पटकथा खूपच विस्कळीत असल्यामुळे कथा नीट समजतच नाही. शेवट इतका घाईघाईत गुंडाळलेला आहे की निराशा होते. पुन्हा असा चित्रपट बघण्याची इच्छा नाही.,Negative
"चित्रपटात दिग्दर्शन कमकुवत आहे, त्यामुळे काही दृश्ये अजिबात गरजेची वाटत नाहीत.",Negative
सुरुवातीला कथा सुंदर आणि आकर्षक वाटते; मनाला भिडणारा नाही असे एकूण चित्रपटाबद्दल म्हणता येणार नाही. तरी दुसऱ्या अर्ध्यात दिग्दर्शन कमकुवत होते. एकूण अनुभव मात्र निराशाजनक आहे.,Negative
चित्रपटाने कथा पुढे सरकत नाही आणि मांडणी खरोखर कृत्रिम आहे.,Negative
सुरुवात थोडी कंटाळवाणी आणि संथ आहे; असमाधानकारक नाही असे एकूण चित्रपटाबद्दल म्हणता येणार नाही. पण पुढे कथा इतकी सुंदर उलगडते. एकूण परिणाम सकारात्मक आणि समाधान देणारा आहे.,Positive
चित्रपटातील भावनिक सादरीकरण पाहून दिग्दर्शनाने विषयाला योग्य न्याय दिला नाही; एकूण अनुभव गोंधळलेला आहे.,Negative
सुंदर नाही असे अंतिम निष्कर्ष काढणे योग्य ठरणार नाही. सुरुवातीला कथा सुंदर आणि आकर्षक वाटते; पण पुढे पटकथा पूर्णपणे गोंधळते. त्यामुळे अंतिम अनुभव अपेक्षाभंग करणारा ठरतो.,Negative
कथेपासून अभिनयापर्यंत सर्व काही सुंदर वाटले; प्रत्येक फ्रेम विचारपूर्वक सादर केली आहे.,Positive
संपूर्ण मांडणीमध्ये काहीही अप्रतिम वाटत नाही; मांडणी खूप अंदाजे आहे.,Negative
हा अनुभव दर्जेदार नसून खूप कमकुवत आहे; दिग्दर्शनाने विषयाला योग्य न्याय दिला नाही.,Negative
सुरुवातीपासूनच चित्रपट प्रेक्षकांना पकडून ठेवतो. भावनिक प्रसंगांमध्ये डोळ्यात पाणी आल्याशिवाय राहत नाही. थिएटरमध्ये जाऊन नक्की एन्जॉय करा.,Positive
चित्रपट अजिबात उत्कृष्ट नाही; उलट विनोदी प्रसंग खूप अतिशय संथ आहे.,Negative
भावनिक सादरीकरण इतका अप्रभावी आहे की अनेक प्रसंग विनाकारण लांबवले आहेत.,Negative
"चित्रपट पाहताना संवाद कृत्रिम वाटतात, कारण कथा खूप गोंधळलेला आहे.",Negative
कथामध्ये काहीही निराशाजनक वाटत नाही; अभिनय खूप नैसर्गिक आहे.,Positive
सुरुवातीपासूनच चित्रपट प्रेक्षकांना पकडून ठेवतो. भावनिक प्रसंगांमध्ये डोळ्यात पाणी आल्याशिवाय राहत नाही. पार्श्वसंगीत प्रसंगांची तीव्रता अजून वाढवतं. पुन्हा एकदा बघायला नक्कीच आवडेल.,Positive
"अभिनय बनावटीचा वाटला नाही, तो खूप नैसर्गिक आहे. पुन्हा पाहायला देखील आवडेल.",Positive
पटकथा इतका कमकुवत आहे की कलाकारांच्या कामगिरीत उत्साह जाणवत नाही.,Negative
"वेळेचा आणि पैशांचा पूर्ण अपव्यय झाला. गाणी उगाचच घुसवल्यासारखी वाटतात, कथेशी संबंधच नाही. संवाद खूपच सुमार आणि ओढून ताणून लिहिलेले वाटतात. थिएटरमध्ये पैसे खर्च करण्याआधी नक्की विचार करा.",Negative
शेवट आणि संगीत दोन्ही कृत्रिम आहेत; त्यामुळे कथानकात नवीनपणा जाणवत नाही.,Negative
"सुरुवातीला कथा सुंदर आणि आकर्षक वाटते. तरी दुसऱ्या अर्ध्यात दिग्दर्शन कमकुवत होते, पण शेवटी चित्रपट समाधान देत नाही.",Negative
मुख्य कलाकाराचा अभिनय इतका सुंदर आहे की प्रत्येक फ्रेम विचारपूर्वक सादर केली आहे.,Positive
संपूर्ण मांडणीमध्ये काहीही रंजक वाटत नाही; दिग्दर्शन खूप कमकुवत आहे.,Negative
सुरुवातीला कथा सुंदर आणि आकर्षक वाटते; आशादायक नाही असे एकूण चित्रपटाबद्दल म्हणता येणार नाही. पण पुढील भाग इतका कंटाळवाणा आहे. एकूण अनुभव मात्र निराशाजनक आहे.,Negative
हा चित्रपट अपेक्षेपेक्षा कौतुकास्पद निघाला आणि दिग्दर्शकाने विषयाला योग्य न्याय दिला.,Positive
सुरुवातीपासून शेवटपर्यंत चित्रपट अतिशय संथ राहतो आणि शेवट निराश करतो.,Negative
छायाचित्रण इतका नैसर्गिक आहे की चित्रपट पाहताना उत्सुकता कायम राहते.,Positive
खूप वेळाने मराठी चित्रपटसृष्टीत असा दर्जेदार सिनेमा आला. भावनिक प्रसंगांमध्ये डोळ्यात पाणी आल्याशिवाय राहत नाही.,Positive
चित्रपटाने पूर्णपणे निराश केले; भावनिक सादरीकरण विशेष गोंधळलेला आहे.,Negative
मुख्य कलाकाराचा अभिनय इतका प्रभावी आहे की संगीताने प्रसंगांची परिणामकारकता वाढवली.,Positive
चित्रपटाने अजिबात निराश केले नाही; अभिनय विशेष हृदयस्पर्शी आहे.,Positive
चित्रपटाची मांडणी खूप गोंधळलेला आहे आणि कलाकारांच्या कामगिरीत उत्साह जाणवत नाही.,Negative
कथा अजिबात अप्रभावी नाही आणि संगीताने प्रसंगांची परिणामकारकता वाढवली.,Positive
"खूप छान वाटला सिनेमा, दिल खुश झालं.",Positive
"सुरुवात थोडी कंटाळवाणी आणि संथ आहे; खराब नाही असे एकूण चित्रपटाबद्दल म्हणता येणार नाही. तरी पुढे पात्रांचा प्रवास खूप प्रभावी होतो. एकूण अनुभव वाईट नाही, उलट समाधानकारक आहे.",Positive
सुरुवातीला कथा सुंदर आणि आकर्षक वाटते; यशस्वी नाही असे एकूण चित्रपटाबद्दल म्हणता येणार नाही. तरी दुसऱ्या अर्ध्यात दिग्दर्शन कमकुवत होते. एकूण अनुभव मात्र निराशाजनक आहे.,Negative
"सुरुवात थोडी कंटाळवाणी आणि संथ आहे. मात्र दुसऱ्या अर्ध्यात चित्रपट पूर्णपणे बदलतो, पण एकूण अनुभव वाईट नाही, उलट समाधानकारक आहे.",Positive
मित्रांसोबत बघितला आणि सगळ्यांनाच खूप आवडला. अभिनेत्यांचा अभिनय खूपच नैसर्गिक आणि प्रभावी वाटला. कथेची मांडणी अशी आहे की पुढे काय होणार याची उत्सुकता कायम राहते. अॅक्शन सीन्स एकदम जबरदस्त आणि रिअलिस्टिक वाटतात. मराठी चित्रपटसृष्टीसाठी अभिमानास्पद कलाकृती आहे.,Positive
चित्रपटातील मांडणी पाहून कथा शेवटपर्यंत पकडून ठेवते; एकूण अनुभव मनमोहक आहे.,Positive
चित्रपटाची पटकथा खूप निराशाजनक आहे आणि वेळ वाया गेल्यासारखे वाटले.,Negative
वाईट नाही असे अंतिम निष्कर्ष काढणे योग्य ठरणार नाही. सुरुवात थोडी कंटाळवाणी आणि संथ आहे; मात्र दुसऱ्या अर्ध्यात चित्रपट पूर्णपणे बदलतो. उणिवा असूनही शेवटी चित्रपट मन जिंकून घेतो.,Positive
कथेपासून अभिनयापर्यंत सर्व काही सुंदर वाटले; वेळ कसा गेला कळले नाही.,Positive
सुरुवातीपासून शेवटपर्यंत चित्रपट निराशाजनक राहतो आणि भावनिक प्रसंगांचा परिणाम होत नाही.,Negative
"उगाच हाईप केलेला सिनेमा, प्रत्यक्षात काही दम नाही. मुख्य कलाकारांच्या भूमिकेत जीव ओतलेला जाणवलाच नाही. पार्श्वसंगीत उगाचच मोठ्या आवाजात आणि त्रासदायक वाटतं.",Negative
"चित्रपट पाहताना कथा शेवटपर्यंत पकडून ठेवते, कारण मुख्य कलाकाराचा अभिनय खूप रंजक आहे.",Positive
यशस्वी नाही असे अंतिम निष्कर्ष काढणे योग्य ठरणार नाही. सुरुवातीला कथा सुंदर आणि आकर्षक वाटते; मात्र नंतर कथा इतकी रटाळ होते. त्यामुळे अंतिम अनुभव अपेक्षाभंग करणारा ठरतो.,Negative
चित्रपटमध्ये काहीही दर्जेदार वाटत नाही; मुख्य कलाकाराचा अभिनय खूप सुमार आहे.,Negative
संपूर्ण चित्रपट सुंदर आहे आणि मांडणी मुळे अनुभव आणखी सुंदर झाला.,Positive
"चित्रपटात अभिनय उत्तम आहे, त्यामुळे भावनिक प्रसंग मनाला स्पर्श करतात.",Positive
चित्रपटाची पटकथा खूप अप्रभावी आहे आणि कथानकात नवीनपणा जाणवत नाही.,Negative
हा अनुभव निराशाजनक नसून खूप कौतुकास्पद आहे; चित्रपट पाहून मन प्रसन्न झाले.,Positive
हा अनुभव दर्जेदार नसून खूप कृत्रिम आहे; वेळ वाया गेल्यासारखे वाटले.,Negative
चित्रपटाने अजिबात निराश केले नाही; मुख्य कलाकाराचा अभिनय विशेष अप्रतिम आहे.,Positive
"सुरुवात थोडी कंटाळवाणी आणि संथ आहे; खराब नाही असे एकूण चित्रपटाबद्दल म्हणता येणार नाही. पण पुढे कथा इतकी सुंदर उलगडते. शेवट अजिबात खराब नाही, उलट मनाला भिडतो.",Positive
सुरुवात थोडी कंटाळवाणी आणि संथ आहे; कमकुवत नाही असे एकूण चित्रपटाबद्दल म्हणता येणार नाही. पण पुढे कथा इतकी सुंदर उलगडते. सुरुवातीच्या उणिवा असूनही हा चित्रपट लक्षात राहतो.,Positive
संपूर्ण चित्रपट अस्ताव्यस्त आहे आणि दृश्यरचना मुळे अनुभव खराब झाला.,Negative
कथा अजिबात निराशाजनक नाही आणि प्रत्येक फ्रेम विचारपूर्वक सादर केली आहे.,Positive
हा चित्रपट पुन्हा पाहावासा वाटत नाही कारण शेवट खूप निराशाजनक आहे.,Negative
हा चित्रपट अस्ताव्यस्त वाटतो; पटकथा शेवटपर्यंत प्रभावी राहत नाही.,Negative
संगीत आणि भावनिक सादरीकरण दोन्ही दर्जेदार आहेत; त्यामुळे चित्रपट पाहून मन प्रसन्न झाले.,Positive
समाधानकारक नाही असे अंतिम निष्कर्ष काढणे योग्य ठरणार नाही. सुरुवातीला कथा सुंदर आणि आकर्षक वाटते; मात्र नंतर कथा इतकी रटाळ होते. एकूण परिणाम वाईट आणि असमाधानकारक राहतो.,Negative
खूप दिवसांनी असा जबरदस्त चित्रपट पाहिला. प्रत्येक कलाकाराने आपल्या भूमिकेला योग्य न्याय दिला आहे. अॅक्शन सीन्स एकदम जबरदस्त आणि रिअलिस्टिक वाटतात. पुन्हा एकदा बघायला नक्कीच आवडेल.,Positive
हा अनुभव उत्कृष्ट नसून खूप निराशाजनक आहे; कथानकात नवीनपणा जाणवत नाही.,Negative
कथेपासून अभिनयापर्यंत सर्व काही रंजक वाटले; वेळ कसा गेला कळले नाही.,Positive
"चित्रपटात अभिनय कमकुवत आहे, त्यामुळे कथा पुढे सरकत नाही.",Negative
"सुरुवात थोडी कंटाळवाणी आणि संथ आहे; कंटाळवाणा नाही असे एकूण चित्रपटाबद्दल म्हणता येणार नाही. पण पुढे कथा इतकी सुंदर उलगडते. शेवट अजिबात खराब नाही, उलट मनाला भिडतो.",Positive
सुरुवातीपासून शेवटपर्यंत चित्रपट कृत्रिम राहतो आणि दिग्दर्शनाने विषयाला योग्य न्याय दिला नाही.,Negative
"मराठी प्रेक्षकांची निराशा करणारा चित्रपट आहे हा. गाणी उगाचच घुसवल्यासारखी वाटतात, कथेशी संबंधच नाही.",Negative
सुरुवातीला कथा सुंदर आणि आकर्षक वाटते; सुंदर नाही असे एकूण चित्रपटाबद्दल म्हणता येणार नाही. तरी दुसऱ्या अर्ध्यात दिग्दर्शन कमकुवत होते. शेवटी चित्रपट समाधान देत नाही.,Negative
चित्रपट अजिबात वाईट नाही; उलट विनोदी प्रसंग खूप कौतुकास्पद आहे.,Positive
हा चित्रपट नैसर्गिक वाटतो; चित्रपटाचा अनुभव मनाला आनंद देतो.,Positive
हा अनुभव फिका नसून खूप आकर्षक आहे; चित्रपट पाहताना उत्सुकता कायम राहते.,Positive
सुरुवातीपासून शेवटपर्यंत चित्रपट निराशाजनक राहतो आणि कथा पुढे सरकत नाही.,Negative
सुरुवातीपासून शेवटपर्यंत चित्रपट आकर्षक राहतो आणि वेळ कसा गेला कळले नाही.,Positive
हा चित्रपट अपेक्षेपेक्षा फिका निघाला आणि काही दृश्ये अजिबात गरजेची वाटत नाहीत.,Negative
या चित्रपटाची दृश्यरचना निराश करते आणि कथा पुढे सरकत नाही.,Negative
चित्रपटाने चित्रपट पाहिल्यानंतर विशेष काही लक्षात राहत नाही आणि दिग्दर्शन खरोखर अंदाजे आहे.,Negative
संपूर्ण मांडणीचा पटकथा रंजक असून प्रत्येक फ्रेम विचारपूर्वक सादर केली आहे.,Positive
संगीत इतका निरस आहे की चित्रपटाची लांबी त्रासदायक ठरते.,Negative
या चित्रपटाची दृश्यरचना मनाला भिडते आणि चित्रपट पाहून मन प्रसन्न झाले.,Positive
सुरुवातीला कथा सुंदर आणि आकर्षक वाटते; मनाला भिडणारा नाही असे एकूण चित्रपटाबद्दल म्हणता येणार नाही. तरी दुसऱ्या अर्ध्यात दिग्दर्शन कमकुवत होते. त्यामुळे अंतिम अनुभव अपेक्षाभंग करणारा ठरतो.,Negative
हा चित्रपट गोंधळलेला वाटतो; संवाद कृत्रिम वाटतात.,Negative
हा चित्रपट अप्रभावी वाटतो; संवाद कृत्रिम वाटतात.,Negative
अगदीच वाईट्ट आहे गड्या हा सिनेमा. संवाद खूपच सुमार आणि ओढून ताणून लिहिलेले वाटतात.,Negative
उत्कृष्ट नाही असे अंतिम निष्कर्ष काढणे योग्य ठरणार नाही. सुरुवातीला कथा सुंदर आणि आकर्षक वाटते; मात्र नंतर कथा इतकी रटाळ होते. एकूण चित्रपट सकारात्मक कारणांसाठी लक्षात राहत नाही.,Negative
शेवट आणि दिग्दर्शन दोन्ही रंजक आहेत; त्यामुळे चित्रपट पाहताना उत्सुकता कायम राहते.,Positive
कथेपासून अभिनयापर्यंत बरेच काही अस्ताव्यस्त वाटले; वेळ वाया गेल्यासारखे वाटले.,Negative
"सुरुवात थोडी कंटाळवाणी आणि संथ आहे; कंटाळवाणा नाही असे एकूण चित्रपटाबद्दल म्हणता येणार नाही. पण पुढे कथा इतकी सुंदर उलगडते. एकूण अनुभव वाईट नाही, उलट समाधानकारक आहे.",Positive
"चित्रपट पाहताना भावनिक प्रसंग मनाला स्पर्श करतात, कारण कथा खूप सुंदर आहे.",Positive
या कलाकृतीचा संगीत प्रभावी असून भावनिक प्रसंग मनाला स्पर्श करतात.,Positive
हा चित्रपट अंदाजे वाटतो; चित्रपटाची लांबी त्रासदायक ठरते.,Negative
कथा इतका अस्ताव्यस्त आहे की चित्रपट पाहिल्यानंतर विशेष काही लक्षात राहत नाही.,Negative
चित्रपट अजिबात अप्रभावी नाही; उलट पार्श्वसंगीत खूप दर्जेदार आहे.,Positive
चित्रपटाने पूर्णपणे निराश केले; शेवट विशेष निराशाजनक आहे.,Negative
हा चित्रपट अपेक्षेपेक्षा उत्तम निघाला आणि प्रत्येक फ्रेम विचारपूर्वक सादर केली आहे.,Positive
या चित्रपटाची कथा मनाला भिडते आणि वेळ कसा गेला कळले नाही.,Positive
चित्रपटाने कलाकारांच्या कामगिरीत उत्साह जाणवत नाही आणि मांडणी खरोखर अस्ताव्यस्त आहे.,Negative
भावनिक सादरीकरण आणि शेवट दोन्ही अप्रतिम आहेत; त्यामुळे शेवट समाधानकारक वाटतो.,Positive
या कलाकृतीचा मुख्य कलाकाराचा अभिनय अप्रभावी असून वेळ वाया गेल्यासारखे वाटले.,Negative
खूप दिवसांनी असा जबरदस्त चित्रपट पाहिला. व्हीएफएक्स दर्जेदार असून हॉलिवूडच्या तोडीचे वाटतात. मराठी चित्रपटसृष्टीसाठी अभिमानास्पद कलाकृती आहे.,Positive
चित्रपटाची कथानक खूप कौतुकास्पद आहे आणि भावनिक प्रसंग मनाला स्पर्श करतात.,Positive
खूप वेळाने मराठी चित्रपटसृष्टीत असा दर्जेदार सिनेमा आला. गाण्यांचे शब्द आणि चाल दोन्ही मनाला भावतात. कुटुंबासोबत थिएटरमध्ये जाऊन बघण्यासारखा सिनेमा आहे.,Positive
हा चित्रपट अपेक्षेपेक्षा सुमार निघाला आणि कथा पुढे सरकत नाही.,Negative
हा चित्रपट खरंच अप्रतिम होता. सहकलाकारांचाही अभिनय तितकाच दमदार आहे.,Positive
चित्रपटाने पूर्णपणे निराश केले; संवाद विशेष निरस आहे.,Negative
"सिनेमागृहातून बाहेर पडताना खूप वैताग आला. गाणी उगाचच घुसवल्यासारखी वाटतात, कथेशी संबंधच नाही.",Negative
सुरुवात थोडी कंटाळवाणी आणि संथ आहे; निराशाजनक नाही असे एकूण चित्रपटाबद्दल म्हणता येणार नाही. मात्र दुसऱ्या अर्ध्यात चित्रपट पूर्णपणे बदलतो. त्यामुळे चित्रपट पाहिल्याचा निर्णय योग्य वाटतो.,Positive
कंटाळवाणा नाही असे अंतिम निष्कर्ष काढणे योग्य ठरणार नाही. सुरुवात थोडी कंटाळवाणी आणि संथ आहे; तरी पुढे पात्रांचा प्रवास खूप प्रभावी होतो. अखेरीस हा अनुभव अजिबात असमाधानकारक राहत नाही.,Positive
"अशा चित्रपटांमुळे मराठी सिनेमाची बदनामी होते. गाणी उगाचच घुसवल्यासारखी वाटतात, कथेशी संबंधच नाही. संगीत काहीच लक्षात राहण्यासारखं नाही. या चित्रपटाला दोन पैकी अर्धा स्टार सुद्धा जास्त आहे.",Negative
चित्रपटाची मुख्य कलाकाराचा अभिनय खूप सुंदर आहे आणि संगीताने प्रसंगांची परिणामकारकता वाढवली.,Positive
सुरुवातीपासून शेवटपर्यंत चित्रपट अप्रभावी राहतो आणि पटकथा शेवटपर्यंत प्रभावी राहत नाही.,Negative
"चित्रपट पाहताना कुटुंबासोबत पाहण्यासारखा अनुभव मिळतो, कारण शेवट खूप प्रभावी आहे.",Positive
या चित्रपटाची शेवट निराश करते आणि भावनिक प्रसंगांचा परिणाम होत नाही.,Negative
सुरुवातीला कथा सुंदर आणि आकर्षक वाटते; आशादायक नाही असे एकूण चित्रपटाबद्दल म्हणता येणार नाही. मात्र नंतर कथा इतकी रटाळ होते. शेवटी चित्रपट समाधान देत नाही.,Negative
सुरुवातीला कथा सुंदर आणि आकर्षक वाटते; समाधानकारक नाही असे एकूण चित्रपटाबद्दल म्हणता येणार नाही. मात्र नंतर कथा इतकी रटाळ होते. एकूण अनुभव मात्र निराशाजनक आहे.,Negative
कथेपासून अभिनयापर्यंत बरेच काही कंटाळवाणा वाटले; भावनिक प्रसंगांचा परिणाम होत नाही.,Negative
चित्रपट अजिबात दर्जेदार नाही; उलट दृश्यरचना खूप अतिशय संथ आहे.,Negative
"चित्रपटात दृश्यरचना कमकुवत आहे, त्यामुळे चित्रपट पाहिल्यानंतर विशेष काही लक्षात राहत नाही.",Negative
सुरुवात थोडी कंटाळवाणी आणि संथ आहे; कमकुवत नाही असे एकूण चित्रपटाबद्दल म्हणता येणार नाही. पण पुढे कथा इतकी सुंदर उलगडते. एकूण परिणाम सकारात्मक आणि समाधान देणारा आहे.,Positive
चित्रपटातील छायाचित्रण पाहून प्रत्येक प्रसंग लक्षात राहतो; एकूण अनुभव मनमोहक आहे.,Positive
हा अनुभव अप्रतिम नसून खूप कृत्रिम आहे; कलाकारांच्या कामगिरीत उत्साह जाणवत नाही.,Negative
संगीत आणि शेवट दोन्ही फिका आहेत; त्यामुळे दिग्दर्शनाने विषयाला योग्य न्याय दिला नाही.,Negative
वाईट नाही असे अंतिम निष्कर्ष काढणे योग्य ठरणार नाही. सुरुवात थोडी कंटाळवाणी आणि संथ आहे; पण पुढे कथा इतकी सुंदर उलगडते. म्हणून एकूण चित्रपट अपेक्षेपेक्षा सुंदर वाटतो.,Positive
कथा अजिबात रंजक नाही आणि चित्रपट पाहिल्यानंतर विशेष काही लक्षात राहत नाही.,Negative
असमाधानकारक नाही असे अंतिम निष्कर्ष काढणे योग्य ठरणार नाही. सुरुवात थोडी कंटाळवाणी आणि संथ आहे; तरी पुढे पात्रांचा प्रवास खूप प्रभावी होतो. त्यामुळे चित्रपट पाहिल्याचा निर्णय योग्य वाटतो.,Positive
हा चित्रपट अप्रभावी वाटतो; दिग्दर्शनाने विषयाला योग्य न्याय दिला नाही.,Negative
कथेपासून अभिनयापर्यंत सर्व काही आकर्षक वाटले; चित्रपटाचा अनुभव मनाला आनंद देतो.,Positive
मनाला न पटणारा नाही असे अंतिम निष्कर्ष काढणे योग्य ठरणार नाही. सुरुवात थोडी कंटाळवाणी आणि संथ आहे; मात्र दुसऱ्या अर्ध्यात चित्रपट पूर्णपणे बदलतो. म्हणून एकूण चित्रपट अपेक्षेपेक्षा सुंदर वाटतो.,Positive
चित्रपटातील दिग्दर्शन पाहून चित्रपट पाहिल्यानंतर विशेष काही लक्षात राहत नाही; एकूण अनुभव कमकुवत आहे.,Negative
मित्रांच्या सांगण्यावरून गेलो पण खूप पश्चाताप झाला. व्हीएफएक्स इतके स्वस्त वाटतात की हसू येतं. दिग्दर्शकाला नेमकं काय दाखवायचं आहे हेच कळत नाही. वेळ असेल तरी बघू नका असा सल्ला देईन.,Negative
सुरुवातीपासून शेवटपर्यंत चित्रपट उत्तम राहतो आणि सर्व कलाकारांची कामगिरी लक्षात राहते.,Positive
"अभिनय वाईट नाही असे काही प्रसंगांत वाटते, पण एकूण कामगिरी कमकुवत आहे. त्यामुळे एकूण अनुभव निराशाजनक झाला.",Negative
संपूर्ण चित्रपट अतिशय संथ आहे आणि कथा मुळे अनुभव खराब झाला.,Negative
चित्रपटाची संवाद खूप नैसर्गिक आहे आणि चित्रपट पाहून मन प्रसन्न झाले.,Positive
खूप दिवसांनी असा जबरदस्त चित्रपट पाहिला. सहकलाकारांचाही अभिनय तितकाच दमदार आहे.,Positive
चित्रपटाची दृश्यरचना खूप उत्कृष्ट आहे आणि शेवट समाधानकारक वाटतो.,Positive
मुख्य कलाकाराचा अभिनय इतका दर्जेदार आहे की भावनिक प्रसंग मनाला स्पर्श करतात.,Positive
मुख्य कलाकाराचा अभिनय आणि विनोदी प्रसंग दोन्ही फिका आहेत; त्यामुळे काही दृश्ये अजिबात गरजेची वाटत नाहीत.,Negative
हा अनुभव निराशाजनक नसून खूप दर्जेदार आहे; वेळ कसा गेला कळले नाही.,Positive
हा चित्रपट अपेक्षेपेक्षा हृदयस्पर्शी निघाला आणि कथा शेवटपर्यंत पकडून ठेवते.,Positive
चित्रपटाने चित्रपटाचा अनुभव मनाला आनंद देतो आणि विनोदी प्रसंग खरोखर प्रभावी आहे.,Positive
संपूर्ण चित्रपट दर्जेदार आहे आणि पटकथा मुळे अनुभव आणखी सुंदर झाला.,Positive
चित्रपट अजिबात सुंदर नाही; उलट पटकथा खूप कमकुवत आहे.,Negative
"सुरुवात थोडी कंटाळवाणी आणि संथ आहे; मनाला न पटणारा नाही असे एकूण चित्रपटाबद्दल म्हणता येणार नाही. तरी पुढे पात्रांचा प्रवास खूप प्रभावी होतो. एकूण अनुभव वाईट नाही, उलट समाधानकारक आहे.",Positive
कथा अजिबात निरस नाही आणि वेळ कसा गेला कळले नाही.,Positive
"चित्रपट पाहताना भावनिक प्रसंग मनाला स्पर्श करतात, कारण भावनिक सादरीकरण खूप हृदयस्पर्शी आहे.",Positive
दिग्दर्शन आणि कथानक दोन्ही अंदाजे आहेत; त्यामुळे चित्रपट पाहिल्यानंतर विशेष काही लक्षात राहत नाही.,Negative
शेवट इतका निराशाजनक आहे की चित्रपट पाहिल्यानंतर विशेष काही लक्षात राहत नाही.,Negative
हा चित्रपट अपेक्षेपेक्षा सुंदर निघाला आणि शेवट समाधानकारक वाटतो.,Positive
संपूर्ण चित्रपट उत्तम आहे आणि संगीत मुळे अनुभव आणखी सुंदर झाला.,Positive
सुरुवातीला कथा सुंदर आणि आकर्षक वाटते; चांगला नाही असे एकूण चित्रपटाबद्दल म्हणता येणार नाही. तरी दुसऱ्या अर्ध्यात दिग्दर्शन कमकुवत होते. त्यामुळे हा चित्रपट समाधानकारक म्हणता येत नाही.,Negative
सिनेमागृहातून बाहेर पडताना चेहऱ्यावर हसू होतं. संगीत कानाला खूप गोड लागतं आणि गाणी सुद्धा सुरेख आहेत. सहकलाकारांचाही अभिनय तितकाच दमदार आहे.,Positive
चित्रपट अजिबात कमकुवत नाही; उलट शेवट खूप दर्जेदार आहे.,Positive
सुरुवातीपासून शेवटपर्यंत चित्रपट उत्तम राहतो आणि दिग्दर्शकाने विषयाला योग्य न्याय दिला.,Positive
संपूर्ण चित्रपट गोंधळलेला आहे आणि पटकथा मुळे अनुभव खराब झाला.,Negative
कथेपासून अभिनयापर्यंत बरेच काही कमकुवत वाटले; कलाकारांच्या कामगिरीत उत्साह जाणवत नाही.,Negative
हा चित्रपट मनमोहक वाटतो; चित्रपट पाहताना उत्सुकता कायम राहते.,Positive
हा चित्रपट अपेक्षेपेक्षा उत्कृष्ट निघाला आणि चित्रपट पाहताना उत्सुकता कायम राहते.,Positive
सुरुवात थोडी कंटाळवाणी आणि संथ आहे; अपेक्षाभंग करणारा नाही असे एकूण चित्रपटाबद्दल म्हणता येणार नाही. पण पुढे कथा इतकी सुंदर उलगडते. उणिवा असूनही शेवटी चित्रपट मन जिंकून घेतो.,Positive
हा अनुभव उत्कृष्ट नसून खूप अप्रभावी आहे; शेवट निराश करतो.,Negative
सुरुवात थोडी कंटाळवाणी आणि संथ आहे; अपेक्षाभंग करणारा नाही असे एकूण चित्रपटाबद्दल म्हणता येणार नाही. तरी पुढे पात्रांचा प्रवास खूप प्रभावी होतो. अखेरीस हा अनुभव अजिबात असमाधानकारक राहत नाही.,Positive
कथाचा पार्श्वसंगीत अंदाजे असून काही दृश्ये अजिबात गरजेची वाटत नाहीत.,Negative
सिनेमा सुरु झाल्यापासूनच कंटाळा येऊ लागला. अभिनेत्यांचा अभिनय अगदीच सुमार आणि कृत्रिम वाटला. OTT वर आला तरी बघावासा वाटत नाही.,Negative
आशादायक नाही असे अंतिम निष्कर्ष काढणे योग्य ठरणार नाही. सुरुवातीला कथा सुंदर आणि आकर्षक वाटते; तरी दुसऱ्या अर्ध्यात दिग्दर्शन कमकुवत होते. त्यामुळे अंतिम अनुभव अपेक्षाभंग करणारा ठरतो.,Negative
कथानकचा अभिनय रंजक असून प्रत्येक प्रसंग लक्षात राहतो.,Positive
कथानकचा कथानक अप्रभावी असून अनेक प्रसंग विनाकारण लांबवले आहेत.,Negative
हा अनुभव अप्रभावी नसून खूप उत्कृष्ट आहे; प्रत्येक फ्रेम विचारपूर्वक सादर केली आहे.,Positive
सुरुवातीपासून शेवटपर्यंत चित्रपट कंटाळवाणा राहतो आणि दिग्दर्शनाने विषयाला योग्य न्याय दिला नाही.,Negative
सुरुवातीपासून शेवटपर्यंत चित्रपट उत्कृष्ट राहतो आणि प्रत्येक प्रसंग लक्षात राहतो.,Positive
हा चित्रपट अपेक्षेपेक्षा निराशाजनक निघाला आणि दिग्दर्शनाने विषयाला योग्य न्याय दिला नाही.,Negative
सिनेमा सुरु झाल्यापासूनच कंटाळा येऊ लागला. संवाद खूपच सुमार आणि ओढून ताणून लिहिलेले वाटतात. संगीत काहीच लक्षात राहण्यासारखं नाही.,Negative
हा अनुभव उत्तम नसून खूप निरस आहे; वेळ वाया गेल्यासारखे वाटले.,Negative
"एवढा भिकार सिनेमा अलीकडे बघितला नव्हता. कथेत काहीच नावीन्य नाही, सगळं आधीच पाहिलेलं वाटतं. पूर्णपणे टाइमपास वाया गेला असं वाटलं.",Negative
कथा अजिबात प्रभावी नाही आणि अनेक प्रसंग विनाकारण लांबवले आहेत.,Negative
चित्रपटाने शेवट समाधानकारक वाटतो आणि दृश्यरचना खरोखर उत्कृष्ट आहे.,Positive
हा चित्रपट पुन्हा पाहावासा वाटतो कारण छायाचित्रण खूप मनमोहक आहे.,Positive
हा चित्रपट निराश करत नाही असे म्हणणे कठीण आहे; अनेक गोष्टी खटकतात. यामुळे चित्रपटाचा प्रभाव कमी होतो.,Negative
सुरुवातीला कथा सुंदर आणि आकर्षक वाटते; उत्कृष्ट नाही असे एकूण चित्रपटाबद्दल म्हणता येणार नाही. मात्र नंतर कथा इतकी रटाळ होते. एकूण चित्रपट सकारात्मक कारणांसाठी लक्षात राहत नाही.,Negative
मांडणी आणि कथानक दोन्ही अंदाजे आहेत; त्यामुळे कलाकारांच्या कामगिरीत उत्साह जाणवत नाही.,Negative
मराठी प्रेक्षकांची निराशा करणारा चित्रपट आहे हा. दिग्दर्शन अगदीच कमकुवत असून प्रसंगांची मांडणी विस्कळीत आहे.,Negative
कथा अजिबात सुंदर नाही आणि कथा पुढे सरकत नाही.,Negative
चित्रपटातील छायाचित्रण पाहून भावनिक प्रसंगांचा परिणाम होत नाही; एकूण अनुभव कमकुवत आहे.,Negative
खरंच अशा चित्रपटांची गरज आहे मराठी सृष्टीला. शेवट अगदी समाधानकारक आणि हृदयस्पर्शी झाला आहे. गाण्यांचे शब्द आणि चाल दोन्ही मनाला भावतात. क्लायमॅक्स इतका जबरदस्त आहे की अंगावर काटा येतो.,Positive
"वेळेचा आणि पैशांचा पूर्ण अपव्यय झाला. कथेत काहीच नावीन्य नाही, सगळं आधीच पाहिलेलं वाटतं. गाणी उगाचच घुसवल्यासारखी वाटतात, कथेशी संबंधच नाही. वेळ असेल तरी बघू नका असा सल्ला देईन.",Negative
"चित्रपटात मुख्य कलाकाराचा अभिनय उत्तम आहे, त्यामुळे प्रत्येक फ्रेम विचारपूर्वक सादर केली आहे.",Positive
चित्रपटाने पटकथा शेवटपर्यंत प्रभावी राहत नाही आणि शेवट खरोखर अप्रभावी आहे.,Negative
चित्रपटाची अभिनय खूप कौतुकास्पद आहे आणि भावनिक प्रसंग मनाला स्पर्श करतात.,Positive
चित्रपटातील दृश्यरचना पाहून कथानकात नवीनपणा जाणवत नाही; एकूण अनुभव निरस आहे.,Negative
"चित्रपटात शेवट कमकुवत आहे, त्यामुळे चित्रपट पाहताना वारंवार कंटाळा आला.",Negative
मनाला न पटणारा नाही असे अंतिम निष्कर्ष काढणे योग्य ठरणार नाही. सुरुवात थोडी कंटाळवाणी आणि संथ आहे; मात्र दुसऱ्या अर्ध्यात चित्रपट पूर्णपणे बदलतो. सुरुवातीच्या उणिवा असूनही हा चित्रपट लक्षात राहतो.,Positive
थिएटरमध्ये जाऊन बघण्यासारखा चित्रपट आहे हा. दिग्दर्शनातली बारकाई प्रत्येक दृश्यात जाणवते. सर्वांना शिफारस करेन असा हा चित्रपट आहे.,Positive
हा चित्रपट खरंच अप्रतिम होता. दिग्दर्शकाने प्रत्येक प्रसंग अतिशय सुंदर पद्धतीने मांडला आहे. पुन्हा एकदा बघायला नक्कीच आवडेल.,Positive
सुरुवात थोडी कंटाळवाणी आणि संथ आहे; मनाला न पटणारा नाही असे एकूण चित्रपटाबद्दल म्हणता येणार नाही. पण पुढे कथा इतकी सुंदर उलगडते. त्यामुळे चित्रपट पाहिल्याचा निर्णय योग्य वाटतो.,Positive
"चित्रपट पाहताना भावनिक प्रसंग मनाला स्पर्श करतात, कारण विनोदी प्रसंग खूप हृदयस्पर्शी आहे.",Positive
सुरुवात थोडी कंटाळवाणी आणि संथ आहे; वाईट नाही असे एकूण चित्रपटाबद्दल म्हणता येणार नाही. मात्र दुसऱ्या अर्ध्यात चित्रपट पूर्णपणे बदलतो. एकूण परिणाम सकारात्मक आणि समाधान देणारा आहे.,Positive
चित्रपटाने दिग्दर्शकाने विषयाला योग्य न्याय दिला आणि मांडणी खरोखर सुंदर आहे.,Positive
चित्रपटाची अभिनय खूप सुमार आहे आणि कथानकात नवीनपणा जाणवत नाही.,Negative
सुरुवातीपासून शेवटपर्यंत चित्रपट गोंधळलेला राहतो आणि काही दृश्ये अजिबात गरजेची वाटत नाहीत.,Negative
मांडणी इतका प्रभावी आहे की कुटुंबासोबत पाहण्यासारखा अनुभव मिळतो.,Positive
कथाचा पटकथा फिका असून पटकथा शेवटपर्यंत प्रभावी राहत नाही.,Negative
मुख्य कलाकाराचा अभिनय इतका उत्तम आहे की चित्रपट पाहताना उत्सुकता कायम राहते.,Positive
"चित्रपट पाहताना भावनिक प्रसंगांचा परिणाम होत नाही, कारण पार्श्वसंगीत खूप अस्ताव्यस्त आहे.",Negative
"एकदम भारी चित्रपट, अपेक्षेपेक्षा जास्त आवडला. गाण्यांचे शब्द आणि चाल दोन्ही मनाला भावतात. पटकथा घट्ट बांधलेली असल्यामुळे कुठेही कंटाळा येत नाही. प्रत्येक कलाकाराने आपल्या भूमिकेला योग्य न्याय दिला आहे.",Positive
संपूर्ण मांडणीचा संवाद अतिशय संथ असून चित्रपट पाहिल्यानंतर विशेष काही लक्षात राहत नाही.,Negative
कथा अजिबात अप्रभावी नाही आणि सर्व कलाकारांची कामगिरी लक्षात राहते.,Positive
खूप वेळाने मराठी चित्रपटसृष्टीत असा दर्जेदार सिनेमा आला. व्हीएफएक्स दर्जेदार असून हॉलिवूडच्या तोडीचे वाटतात.,Positive
उत्कृष्ट नाही असे अंतिम निष्कर्ष काढणे योग्य ठरणार नाही. सुरुवातीला कथा सुंदर आणि आकर्षक वाटते; पण पुढे पटकथा पूर्णपणे गोंधळते. त्यामुळे अंतिम अनुभव अपेक्षाभंग करणारा ठरतो.,Negative
चित्रपटाने अजिबात निराश केले नाही; मुख्य कलाकाराचा अभिनय विशेष आकर्षक आहे.,Positive
चित्रपटाने पूर्णपणे निराश केले; कथा विशेष निराशाजनक आहे.,Negative
मित्रांच्या सांगण्यावरून गेलो पण खूप पश्चाताप झाला. संवाद खूपच सुमार आणि ओढून ताणून लिहिलेले वाटतात.,Negative
हा अनुभव दर्जेदार नसून खूप अप्रभावी आहे; दिग्दर्शनाने विषयाला योग्य न्याय दिला नाही.,Negative
चित्रपटाने कथा शेवटपर्यंत पकडून ठेवते आणि कथानक खरोखर दर्जेदार आहे.,Positive
सुरुवात थोडी कंटाळवाणी आणि संथ आहे; निराशाजनक नाही असे एकूण चित्रपटाबद्दल म्हणता येणार नाही. तरी पुढे पात्रांचा प्रवास खूप प्रभावी होतो. अखेरीस हा अनुभव अजिबात असमाधानकारक राहत नाही.,Positive
मनाला भिडणारा नाही असे अंतिम निष्कर्ष काढणे योग्य ठरणार नाही. सुरुवातीला कथा सुंदर आणि आकर्षक वाटते; तरी दुसऱ्या अर्ध्यात दिग्दर्शन कमकुवत होते. अखेरीस एकूण परिणाम कमकुवत ठरतो.,Negative
कथा अजिबात दर्जेदार नाही आणि चित्रपटाची लांबी त्रासदायक ठरते.,Negative
हा अनुभव उत्तम नसून खूप सुमार आहे; चित्रपटाची लांबी त्रासदायक ठरते.,Negative
संपूर्ण चित्रपट अप्रतिम आहे आणि मुख्य कलाकाराचा अभिनय मुळे अनुभव आणखी सुंदर झाला.,Positive
कथानकचा शेवट अतिशय संथ असून अनेक प्रसंग विनाकारण लांबवले आहेत.,Negative
हा चित्रपट पुन्हा पाहावासा वाटतो कारण संगीत खूप सुंदर आहे.,Positive
संपूर्ण चित्रपट रंजक आहे आणि शेवट मुळे अनुभव आणखी सुंदर झाला.,Positive
उत्तम नाही असे अंतिम निष्कर्ष काढणे योग्य ठरणार नाही. सुरुवातीला कथा सुंदर आणि आकर्षक वाटते; पण पुढे पटकथा पूर्णपणे गोंधळते. एकूण चित्रपट सकारात्मक कारणांसाठी लक्षात राहत नाही.,Negative
"उगाच हाईप केलेला सिनेमा, प्रत्यक्षात काही दम नाही. कथेत काहीच नावीन्य नाही, सगळं आधीच पाहिलेलं वाटतं. या चित्रपटाला दोन पैकी अर्धा स्टार सुद्धा जास्त आहे.",Negative
सुरुवात थोडी कंटाळवाणी आणि संथ आहे; मनाला न पटणारा नाही असे एकूण चित्रपटाबद्दल म्हणता येणार नाही. तरी पुढे पात्रांचा प्रवास खूप प्रभावी होतो. उणिवा असूनही शेवटी चित्रपट मन जिंकून घेतो.,Positive
निराश केले नाही असे अंतिम निष्कर्ष काढणे योग्य ठरणार नाही. सुरुवात थोडी कंटाळवाणी आणि संथ आहे; तरी पुढे पात्रांचा प्रवास खूप प्रभावी होतो. म्हणून एकूण चित्रपट अपेक्षेपेक्षा सुंदर वाटतो.,Positive
सुरुवातीला कथा सुंदर आणि आकर्षक वाटते; उत्कृष्ट नाही असे एकूण चित्रपटाबद्दल म्हणता येणार नाही. पण पुढे पटकथा पूर्णपणे गोंधळते. म्हणून चांगल्या सुरुवातीचा फारसा उपयोग होत नाही.,Negative
संपूर्ण मांडणीचा संवाद रंजक असून शेवट समाधानकारक वाटतो.,Positive
चांगला नाही असे अंतिम निष्कर्ष काढणे योग्य ठरणार नाही. सुरुवातीला कथा सुंदर आणि आकर्षक वाटते; मात्र नंतर कथा इतकी रटाळ होते. एकूण परिणाम वाईट आणि असमाधानकारक राहतो.,Negative
संपूर्ण मांडणीमध्ये काहीही दर्जेदार वाटत नाही; विनोदी प्रसंग खूप कंटाळवाणा आहे.,Negative
उत्तम नाही असे अंतिम निष्कर्ष काढणे योग्य ठरणार नाही. सुरुवातीला कथा सुंदर आणि आकर्षक वाटते; पण पुढे पटकथा पूर्णपणे गोंधळते. एकूण परिणाम वाईट आणि असमाधानकारक राहतो.,Negative
सिनेमा बघून मन अगदी प्रसन्न झालं. मुख्य कलाकारांनी आपापल्या भूमिका उत्कृष्टपणे साकारल्या आहेत.,Positive
हा चित्रपट खरंच अप्रतिम होता. व्हीएफएक्स दर्जेदार असून हॉलिवूडच्या तोडीचे वाटतात. एकदा तरी नक्की बघावा असा हा चित्रपट आहे.,Positive
कथेपासून अभिनयापर्यंत सर्व काही उत्कृष्ट वाटले; सर्व कलाकारांची कामगिरी लक्षात राहते.,Positive
सुरुवातीपासूनच चित्रपट प्रेक्षकांना पकडून ठेवतो. भावनिक प्रसंगांमध्ये डोळ्यात पाणी आल्याशिवाय राहत नाही. पुन्हा एकदा बघायला नक्कीच आवडेल.,Positive
हा चित्रपट पुन्हा पाहावासा वाटत नाही कारण मांडणी खूप निरस आहे.,Negative
हा चित्रपट अपेक्षेपेक्षा मनमोहक निघाला आणि कथा शेवटपर्यंत पकडून ठेवते.,Positive
कथाचा संगीत कंटाळवाणा असून कथा पुढे सरकत नाही.,Negative
या कलाकृतीमध्ये काहीही मनमोहक वाटत नाही; भावनिक सादरीकरण खूप कृत्रिम आहे.,Negative
हा अनुभव दर्जेदार नसून खूप अस्ताव्यस्त आहे; शेवट निराश करतो.,Negative
वाईट नाही असे अंतिम निष्कर्ष काढणे योग्य ठरणार नाही. सुरुवात थोडी कंटाळवाणी आणि संथ आहे; पण पुढे कथा इतकी सुंदर उलगडते. सुरुवातीच्या उणिवा असूनही हा चित्रपट लक्षात राहतो.,Positive
कथानकमध्ये काहीही उत्तम वाटत नाही; कथानक खूप कृत्रिम आहे.,Negative
चित्रपटाने अजिबात निराश केले नाही; छायाचित्रण विशेष उत्तम आहे.,Positive
चित्रपटाने पटकथा शेवटपर्यंत प्रभावी राहत नाही आणि कथानक खरोखर कमकुवत आहे.,Negative
चित्रपट अजिबात फिका नाही; उलट पार्श्वसंगीत खूप उत्कृष्ट आहे.,Positive
सुरुवातीपासून शेवटपर्यंत चित्रपट निराशाजनक राहतो आणि दिग्दर्शनाने विषयाला योग्य न्याय दिला नाही.,Negative
"चित्रपटात कथानक कमकुवत आहे, त्यामुळे काही दृश्ये अजिबात गरजेची वाटत नाहीत.",Negative
उत्तम नाही असे अंतिम निष्कर्ष काढणे योग्य ठरणार नाही. सुरुवातीला कथा सुंदर आणि आकर्षक वाटते; मात्र नंतर कथा इतकी रटाळ होते. एकूण अनुभव मात्र निराशाजनक आहे.,Negative
संपूर्ण चित्रपट कंटाळवाणा आहे आणि शेवट मुळे अनुभव खराब झाला.,Negative
सुरुवात थोडी कंटाळवाणी आणि संथ आहे; मात्र दुसऱ्या अर्ध्यात चित्रपट पूर्णपणे बदलतो. एकूण परिणाम सकारात्मक आणि समाधान देणारा आहे.,Positive
सिनेमा सुरुवातीपासून शेवटपर्यंत खिळवून ठेवतो. दिग्दर्शकाने प्रत्येक प्रसंग अतिशय सुंदर पद्धतीने मांडला आहे. एकदा तरी नक्की बघावा असा हा चित्रपट आहे.,Positive
हा चित्रपट अपेक्षेपेक्षा सुंदर निघाला आणि कलाकारांनी भूमिका जिवंत केल्या आहेत.,Positive
हा चित्रपट अजिबात बघण्यासारखा नाही. अॅक्शन सीन्स अगदीच बनावट आणि कंटाळवाणे वाटतात. दिग्दर्शन अगदीच कमकुवत असून प्रसंगांची मांडणी विस्कळीत आहे. पटकथा खूपच विस्कळीत असल्यामुळे कथा नीट समजतच नाही. अपेक्षा घेऊन गेलात तर नक्कीच निराश व्हाल.,Negative
कथा आणि अभिनय दोन्ही सुमार आहेत; त्यामुळे शेवट निराश करतो.,Negative
चित्रपटचा मांडणी नैसर्गिक असून प्रत्येक फ्रेम विचारपूर्वक सादर केली आहे.,Positive
हा अनुभव सुंदर नसून खूप फिका आहे; कथा पुढे सरकत नाही.,Negative
पूर्ण चित्रपटभर काहीच लॉजिक सापडलं नाही. भावनिक प्रसंगांमध्ये सुद्धा काहीच परिणाम जाणवत नाही. दिग्दर्शन अगदीच कमकुवत असून प्रसंगांची मांडणी विस्कळीत आहे. वेळ असेल तरी बघू नका असा सल्ला देईन.,Negative
सुरुवातीला कथा सुंदर आणि आकर्षक वाटते; सुंदर नाही असे एकूण चित्रपटाबद्दल म्हणता येणार नाही. तरी दुसऱ्या अर्ध्यात दिग्दर्शन कमकुवत होते. त्यामुळे हा चित्रपट समाधानकारक म्हणता येत नाही.,Negative
चित्रपटचा कथानक उत्कृष्ट असून प्रत्येक प्रसंग लक्षात राहतो.,Positive
चित्रपटाची भावनिक सादरीकरण खूप सुमार आहे आणि चित्रपट पाहताना वारंवार कंटाळा आला.,Negative
सुरुवातीला कथा सुंदर आणि आकर्षक वाटते; चांगला नाही असे एकूण चित्रपटाबद्दल म्हणता येणार नाही. मात्र नंतर कथा इतकी रटाळ होते. एकूण परिणाम वाईट आणि असमाधानकारक राहतो.,Negative
कथेपासून अभिनयापर्यंत बरेच काही कमकुवत वाटले; भावनिक प्रसंगांचा परिणाम होत नाही.,Negative
अपेक्षाभंग करणारा नाही असे अंतिम निष्कर्ष काढणे योग्य ठरणार नाही. सुरुवात थोडी कंटाळवाणी आणि संथ आहे; तरी पुढे पात्रांचा प्रवास खूप प्रभावी होतो. अखेरीस हा अनुभव अजिबात असमाधानकारक राहत नाही.,Positive
चित्रपटाने अजिबात निराश केले नाही; संगीत विशेष उत्तम आहे.,Positive
चित्रपटाची कथा खूप आकर्षक आहे आणि भावनिक प्रसंग मनाला स्पर्श करतात.,Positive
चित्रपटाची संगीत खूप कौतुकास्पद आहे आणि चित्रपटाचा अनुभव मनाला आनंद देतो.,Positive
कथानकमध्ये काहीही निराशाजनक वाटत नाही; छायाचित्रण खूप दर्जेदार आहे.,Positive
हा चित्रपट अपेक्षेपेक्षा दर्जेदार निघाला आणि सर्व कलाकारांची कामगिरी लक्षात राहते.,Positive
"पैसे वसूल चित्रपट, अजिबात निराश करत नाही. दिग्दर्शकाने प्रत्येक प्रसंग अतिशय सुंदर पद्धतीने मांडला आहे. पार्श्वसंगीत प्रसंगांची तीव्रता अजून वाढवतं. एकदा तरी नक्की बघावा असा हा चित्रपट आहे.",Positive
"हा चित्रपट खरंच अप्रतिम होता. छायाचित्रण अप्रतिम आहे, प्रत्येक फ्रेम एखाद्या चित्रासारखी वाटते.",Positive
सुरुवात थोडी कंटाळवाणी आणि संथ आहे; निराश केले नाही असे एकूण चित्रपटाबद्दल म्हणता येणार नाही. पण पुढे कथा इतकी सुंदर उलगडते. त्यामुळे सुरुवातीचे नकारात्मक संकेत दिशाभूल करणारे ठरतात.,Positive
चित्रपटाने पूर्णपणे निराश केले; मुख्य कलाकाराचा अभिनय विशेष फिका आहे.,Negative
चित्रपटाची संगीत खूप निराशाजनक आहे आणि कथा पुढे सरकत नाही.,Negative
या चित्रपटाची संगीत निराश करते आणि कथानकात नवीनपणा जाणवत नाही.,Negative
या चित्रपटाची छायाचित्रण निराश करते आणि कथा पुढे सरकत नाही.,Negative
सुरुवात थोडी कंटाळवाणी आणि संथ आहे; खराब नाही असे एकूण चित्रपटाबद्दल म्हणता येणार नाही. मात्र दुसऱ्या अर्ध्यात चित्रपट पूर्णपणे बदलतो. एकूण परिणाम सकारात्मक आणि समाधान देणारा आहे.,Positive
हा चित्रपट अप्रभावी वाटतो; पटकथा शेवटपर्यंत प्रभावी राहत नाही.,Negative
सुरुवात थोडी कंटाळवाणी आणि संथ आहे; निराशाजनक नाही असे एकूण चित्रपटाबद्दल म्हणता येणार नाही. तरी पुढे पात्रांचा प्रवास खूप प्रभावी होतो. चित्रपटाने निराश केले नाही; उलट तो खूप आवडला.,Positive
सुरुवातीपासूनच चित्रपट प्रेक्षकांना पकडून ठेवतो. दिग्दर्शनातली बारकाई प्रत्येक दृश्यात जाणवते. अभिनेत्यांचा अभिनय खूपच नैसर्गिक आणि प्रभावी वाटला. अॅक्शन सीन्स एकदम जबरदस्त आणि रिअलिस्टिक वाटतात. पुन्हा एकदा बघायला नक्कीच आवडेल.,Positive
"हा चित्रपट अजिबात बघण्यासारखा नाही. पार्श्वसंगीत उगाचच मोठ्या आवाजात आणि त्रासदायक वाटतं. विनोदी प्रसंग हास्यास्पद वाटतात, हसू येण्याऐवजी वैताग येतो. थिएटरमध्ये पैसे खर्च करण्याआधी नक्की विचार करा.",Negative
सुरुवातीपासून शेवटपर्यंत चित्रपट दर्जेदार राहतो आणि भावनिक प्रसंग मनाला स्पर्श करतात.,Positive
"हा सिनेमा अपेक्षेपेक्षा वाईट नाही, तो नक्कीच पाहण्यासारखा आहे. चित्रपट पाहताना उत्सुकता कायम राहते.",Positive
कथा अजिबात अप्रभावी नाही आणि भावनिक प्रसंग मनाला स्पर्श करतात.,Positive
अपेक्षाभंग करणारा नाही असे अंतिम निष्कर्ष काढणे योग्य ठरणार नाही. सुरुवात थोडी कंटाळवाणी आणि संथ आहे; मात्र दुसऱ्या अर्ध्यात चित्रपट पूर्णपणे बदलतो. चित्रपटाने निराश केले नाही; उलट तो खूप आवडला.,Positive
हा चित्रपट हृदयस्पर्शी वाटतो; कथा शेवटपर्यंत पकडून ठेवते.,Positive
हा चित्रपट अपेक्षेपेक्षा कमकुवत निघाला आणि संवाद कृत्रिम वाटतात.,Negative
मांडणी इतका उत्कृष्ट आहे की चित्रपट पाहून मन प्रसन्न झाले.,Positive
कथाचा संवाद अतिशय संथ असून दिग्दर्शनाने विषयाला योग्य न्याय दिला नाही.,Negative
सुरुवातीला कथा सुंदर आणि आकर्षक वाटते; आशादायक नाही असे एकूण चित्रपटाबद्दल म्हणता येणार नाही. पण पुढे पटकथा पूर्णपणे गोंधळते. त्यामुळे सुंदर क्षण असूनही चित्रपट आवडत नाही.,Negative
कथा अजिबात निरस नाही आणि संगीताने प्रसंगांची परिणामकारकता वाढवली.,Positive
सुरुवातीला कथा सुंदर आणि आकर्षक वाटते; मनाला भिडणारा नाही असे एकूण चित्रपटाबद्दल म्हणता येणार नाही. पण पुढे पटकथा पूर्णपणे गोंधळते. एकूण अनुभव मात्र निराशाजनक आहे.,Negative
कथेपासून अभिनयापर्यंत सर्व काही रंजक वाटले; संगीताने प्रसंगांची परिणामकारकता वाढवली.,Positive
सुरुवातीला कथा सुंदर आणि आकर्षक वाटते; सुंदर नाही असे एकूण चित्रपटाबद्दल म्हणता येणार नाही. पण पुढील भाग इतका कंटाळवाणा आहे. एकूण अनुभव मात्र निराशाजनक आहे.,Negative
हा चित्रपट अपेक्षेपेक्षा आकर्षक निघाला आणि कथा शेवटपर्यंत पकडून ठेवते.,Positive
"पैसे वाया गेले असं वाटलं सिनेमा बघून. विनोदी प्रसंग हास्यास्पद वाटतात, हसू येण्याऐवजी वैताग येतो.",Negative
सुंदर नाही असे अंतिम निष्कर्ष काढणे योग्य ठरणार नाही. सुरुवातीला कथा सुंदर आणि आकर्षक वाटते; पण पुढे पटकथा पूर्णपणे गोंधळते. म्हणून चांगल्या सुरुवातीचा फारसा उपयोग होत नाही.,Negative
काहीच खास नव्हतं या चित्रपटात. क्लायमॅक्स अगदीच अपेक्षित आणि सपक झाला आहे. पुन्हा असा चित्रपट बघण्याची इच्छा नाही.,Negative
हा चित्रपट पुन्हा पाहावासा वाटतो कारण भावनिक सादरीकरण खूप उत्तम आहे.,Positive
कमकुवत नाही असे अंतिम निष्कर्ष काढणे योग्य ठरणार नाही. सुरुवात थोडी कंटाळवाणी आणि संथ आहे; मात्र दुसऱ्या अर्ध्यात चित्रपट पूर्णपणे बदलतो. एकूण परिणाम सकारात्मक आणि समाधान देणारा आहे.,Positive
"चित्रपटात पार्श्वसंगीत उत्तम आहे, त्यामुळे चित्रपट पाहताना उत्सुकता कायम राहते.",Positive
"एकदम भारी चित्रपट, अपेक्षेपेक्षा जास्त आवडला. भावनिक प्रसंगांमध्ये डोळ्यात पाणी आल्याशिवाय राहत नाही.",Positive
खरंच अशा चित्रपटांची गरज आहे मराठी सृष्टीला. संगीत कानाला खूप गोड लागतं आणि गाणी सुद्धा सुरेख आहेत. सर्वांना शिफारस करेन असा हा चित्रपट आहे.,Positive
हा अनुभव निरस नसून खूप कौतुकास्पद आहे; संगीताने प्रसंगांची परिणामकारकता वाढवली.,Positive
कथाचा भावनिक सादरीकरण सुंदर असून चित्रपट पाहताना उत्सुकता कायम राहते.,Positive
चित्रपटाने अजिबात निराश केले नाही; पटकथा विशेष उत्कृष्ट आहे.,Positive
"चित्रपटात कथा उत्तम आहे, त्यामुळे कलाकारांनी भूमिका जिवंत केल्या आहेत.",Positive
"पूर्ण चित्रपटभर काहीच लॉजिक सापडलं नाही. अभिनेत्यांचा अभिनय अगदीच सुमार आणि कृत्रिम वाटला. गाणी उगाचच घुसवल्यासारखी वाटतात, कथेशी संबंधच नाही. पुन्हा असा चित्रपट बघण्याची इच्छा नाही.",Negative
संपूर्ण मांडणीचा भावनिक सादरीकरण उत्तम असून वेळ कसा गेला कळले नाही.,Positive
चित्रपट अजिबात कंटाळवाणा नाही; उलट भावनिक सादरीकरण खूप अप्रतिम आहे.,Positive
सुरुवात थोडी कंटाळवाणी आणि संथ आहे; निराश केले नाही असे एकूण चित्रपटाबद्दल म्हणता येणार नाही. मात्र दुसऱ्या अर्ध्यात चित्रपट पूर्णपणे बदलतो. सुरुवातीच्या उणिवा असूनही हा चित्रपट लक्षात राहतो.,Positive
कथानकमध्ये काहीही उत्तम वाटत नाही; मुख्य कलाकाराचा अभिनय खूप कंटाळवाणा आहे.,Negative
सुरुवात थोडी कंटाळवाणी आणि संथ आहे; कमकुवत नाही असे एकूण चित्रपटाबद्दल म्हणता येणार नाही. मात्र दुसऱ्या अर्ध्यात चित्रपट पूर्णपणे बदलतो. उणिवा असूनही शेवटी चित्रपट मन जिंकून घेतो.,Positive
हा अनुभव दर्जेदार नसून खूप निरस आहे; कलाकारांच्या कामगिरीत उत्साह जाणवत नाही.,Negative
संपूर्ण चित्रपट आकर्षक आहे आणि छायाचित्रण मुळे अनुभव आणखी सुंदर झाला.,Positive
हा चित्रपट पुन्हा पाहावासा वाटतो कारण दिग्दर्शन खूप अप्रतिम आहे.,Positive
चित्रपटाने अजिबात निराश केले नाही; दिग्दर्शन विशेष हृदयस्पर्शी आहे.,Positive
चित्रपटमध्ये काहीही कंटाळवाणा वाटत नाही; छायाचित्रण खूप कौतुकास्पद आहे.,Positive
हा चित्रपट पुन्हा पाहावासा वाटतो कारण शेवट खूप उत्तम आहे.,Positive
चित्रपटाने निराश केले नाही; अनुभव खूप आनंददायी होता. हा अनुभव नक्कीच समाधानकारक वाटतो.,Positive
संपूर्ण मांडणीचा कथानक निराशाजनक असून चित्रपटाची लांबी त्रासदायक ठरते.,Negative
सुरुवात थोडी कंटाळवाणी आणि संथ आहे; फारसा वाईट नाही असे एकूण चित्रपटाबद्दल म्हणता येणार नाही. तरी पुढे पात्रांचा प्रवास खूप प्रभावी होतो. त्यामुळे चित्रपट पाहिल्याचा निर्णय योग्य वाटतो.,Positive
हा चित्रपट कंटाळवाणा वाटतो; कथा पुढे सरकत नाही.,Negative
कथा अजिबात प्रभावी नाही आणि चित्रपटाची लांबी त्रासदायक ठरते.,Negative
हा चित्रपट पुन्हा पाहावासा वाटत नाही कारण छायाचित्रण खूप अंदाजे आहे.,Negative
चित्रपट अजिबात कंटाळवाणा नाही; उलट पटकथा खूप मनमोहक आहे.,Positive
चित्रपटाने पूर्णपणे निराश केले; पटकथा विशेष सुमार आहे.,Negative
हा चित्रपट निरस वाटतो; कथानकात नवीनपणा जाणवत नाही.,Negative
सुरुवातीपासून शेवटपर्यंत चित्रपट निरस राहतो आणि चित्रपट पाहिल्यानंतर विशेष काही लक्षात राहत नाही.,Negative
हा चित्रपट पुन्हा पाहावासा वाटत नाही कारण शेवट खूप कृत्रिम आहे.,Negative
खूप दिवसांनी असा जबरदस्त चित्रपट पाहिला. भावनिक प्रसंगांमध्ये डोळ्यात पाणी आल्याशिवाय राहत नाही. शेवट अगदी समाधानकारक आणि हृदयस्पर्शी झाला आहे. असे चित्रपट वारंवार यायला हवेत.,Positive
हा चित्रपट हृदयस्पर्शी वाटतो; दिग्दर्शकाने विषयाला योग्य न्याय दिला.,Positive
"चित्रपटात दृश्यरचना उत्तम आहे, त्यामुळे शेवट समाधानकारक वाटतो.",Positive
संपूर्ण चित्रपट फिका आहे आणि अभिनय मुळे अनुभव खराब झाला.,Negative
चित्रपट अपेक्षेइतका चांगला नाही आणि अनेक प्रसंग फिके आहेत. त्यामुळे एकूण अनुभव निराशाजनक झाला.,Negative
चित्रपटातील अभिनय पाहून कथा पुढे सरकत नाही; एकूण अनुभव निरस आहे.,Negative
संपूर्ण चित्रपट कृत्रिम आहे आणि दृश्यरचना मुळे अनुभव खराब झाला.,Negative
"चित्रपट पाहताना कलाकारांनी भूमिका जिवंत केल्या आहेत, कारण पार्श्वसंगीत खूप आकर्षक आहे.",Positive
संगीत आणि पार्श्वसंगीत दोन्ही अंदाजे आहेत; त्यामुळे अनेक प्रसंग विनाकारण लांबवले आहेत.,Negative
सुरुवातीपासून शेवटपर्यंत चित्रपट सुमार राहतो आणि कथानकात नवीनपणा जाणवत नाही.,Negative
संपूर्ण मांडणीमध्ये काहीही उत्कृष्ट वाटत नाही; दिग्दर्शन खूप फिका आहे.,Negative
चित्रपटाने चित्रपट पाहिल्यानंतर विशेष काही लक्षात राहत नाही आणि अभिनय खरोखर कंटाळवाणा आहे.,Negative
अभिनय इतका आकर्षक आहे की भावनिक प्रसंग मनाला स्पर्श करतात.,Positive
"चित्रपटात संगीत उत्तम आहे, त्यामुळे संगीताने प्रसंगांची परिणामकारकता वाढवली.",Positive
चित्रपट अजिबात कमकुवत नाही; उलट मुख्य कलाकाराचा अभिनय खूप उत्तम आहे.,Positive
सुरुवात थोडी कंटाळवाणी आणि संथ आहे; वाईट नाही असे एकूण चित्रपटाबद्दल म्हणता येणार नाही. पण पुढे कथा इतकी सुंदर उलगडते. त्यामुळे सुरुवातीचे नकारात्मक संकेत दिशाभूल करणारे ठरतात.,Positive
कथेपासून अभिनयापर्यंत सर्व काही उत्तम वाटले; प्रत्येक फ्रेम विचारपूर्वक सादर केली आहे.,Positive
चित्रपटाने कुटुंबासोबत पाहण्यासारखा अनुभव मिळतो आणि भावनिक सादरीकरण खरोखर नैसर्गिक आहे.,Positive
कथेपासून अभिनयापर्यंत सर्व काही उत्कृष्ट वाटले; भावनिक प्रसंग मनाला स्पर्श करतात.,Positive
संपूर्ण मांडणीमध्ये काहीही फिका वाटत नाही; दिग्दर्शन खूप रंजक आहे.,Positive
चित्रपटाची छायाचित्रण खूप दर्जेदार आहे आणि प्रत्येक फ्रेम विचारपूर्वक सादर केली आहे.,Positive
मित्रांसोबत बघितला आणि सगळ्यांनाच खूप आवडला. अॅक्शन सीन्स एकदम जबरदस्त आणि रिअलिस्टिक वाटतात. पुन्हा एकदा बघायला नक्कीच आवडेल.,Positive
पूर्ण चित्रपटभर काहीच लॉजिक सापडलं नाही. अॅक्शन सीन्स अगदीच बनावट आणि कंटाळवाणे वाटतात. पूर्णपणे टाइमपास वाया गेला असं वाटलं.,Negative
हा चित्रपट अपेक्षेपेक्षा उत्तम निघाला आणि चित्रपट पाहून मन प्रसन्न झाले.,Positive
या कलाकृतीमध्ये काहीही कंटाळवाणा वाटत नाही; पटकथा खूप उत्तम आहे.,Positive
संपूर्ण मांडणीमध्ये काहीही अप्रभावी वाटत नाही; मांडणी खूप अप्रतिम आहे.,Positive
हा चित्रपट निराश करत नाही असे म्हणणे कठीण आहे; अनेक गोष्टी खटकतात. त्यामुळे पुन्हा पाहण्याची इच्छा होत नाही.,Negative
"चित्रपटात मांडणी कमकुवत आहे, त्यामुळे अनेक प्रसंग विनाकारण लांबवले आहेत.",Negative
चित्रपटाची शेवट खूप कौतुकास्पद आहे आणि दिग्दर्शकाने विषयाला योग्य न्याय दिला.,Positive
चित्रपट अजिबात प्रभावी नाही; उलट संवाद खूप गोंधळलेला आहे.,Negative
संपूर्ण चित्रपट उत्कृष्ट आहे आणि मुख्य कलाकाराचा अभिनय मुळे अनुभव आणखी सुंदर झाला.,Positive
"चित्रपट पाहताना कथा शेवटपर्यंत पकडून ठेवते, कारण संवाद खूप नैसर्गिक आहे.",Positive
चित्रपटाने चित्रपट पाहून मन प्रसन्न झाले आणि अभिनय खरोखर मनमोहक आहे.,Positive
कथा अजिबात निरस नाही आणि कथा शेवटपर्यंत पकडून ठेवते.,Positive
"वेळेचा आणि पैशांचा पूर्ण अपव्यय झाला. छायाचित्रण अगदीच सामान्य दर्जाचं आहे. काही कलाकारांची निवडच चुकीची वाटते. कथेत काहीच नावीन्य नाही, सगळं आधीच पाहिलेलं वाटतं.",Negative
या कलाकृतीमध्ये काहीही फिका वाटत नाही; विनोदी प्रसंग खूप उत्कृष्ट आहे.,Positive
कथेपासून अभिनयापर्यंत बरेच काही कमकुवत वाटले; चित्रपट पाहताना वारंवार कंटाळा आला.,Negative
अपेक्षा खूप होत्या पण चित्रपटाने साफ निराश केलं. पटकथा खूपच विस्कळीत असल्यामुळे कथा नीट समजतच नाही.,Negative
चित्रपटाने पटकथा शेवटपर्यंत प्रभावी राहत नाही आणि मांडणी खरोखर कमकुवत आहे.,Negative
हा चित्रपट पुन्हा पाहावासा वाटतो कारण अभिनय खूप कौतुकास्पद आहे.,Positive
हा अनुभव रंजक नसून खूप निराशाजनक आहे; दिग्दर्शनाने विषयाला योग्य न्याय दिला नाही.,Negative
सुरुवातीला कथा सुंदर आणि आकर्षक वाटते; आकर्षक नाही असे एकूण चित्रपटाबद्दल म्हणता येणार नाही. मात्र नंतर कथा इतकी रटाळ होते. एकूण चित्रपट सकारात्मक कारणांसाठी लक्षात राहत नाही.,Negative
पैसे वाया गेले असं वाटलं सिनेमा बघून. व्हीएफएक्स इतके स्वस्त वाटतात की हसू येतं. पूर्णपणे टाइमपास वाया गेला असं वाटलं.,Negative
"चित्रपट पाहताना प्रत्येक फ्रेम विचारपूर्वक सादर केली आहे, कारण शेवट खूप सुंदर आहे.",Positive
"क्लासच आहे राव, बघाच एकदा. क्लायमॅक्स इतका जबरदस्त आहे की अंगावर काटा येतो.",Positive
"निराश केले नाही असे अंतिम निष्कर्ष काढणे योग्य ठरणार नाही. सुरुवात थोडी कंटाळवाणी आणि संथ आहे; पण पुढे कथा इतकी सुंदर उलगडते. एकूण अनुभव वाईट नाही, उलट समाधानकारक आहे.",Positive
सुरुवातीला कथा सुंदर आणि आकर्षक वाटते; चांगला नाही असे एकूण चित्रपटाबद्दल म्हणता येणार नाही. तरी दुसऱ्या अर्ध्यात दिग्दर्शन कमकुवत होते. एकूण परिणाम वाईट आणि असमाधानकारक राहतो.,Negative
हा अनुभव कमकुवत नसून खूप सुंदर आहे; कुटुंबासोबत पाहण्यासारखा अनुभव मिळतो.,Positive
सुरुवात थोडी कंटाळवाणी आणि संथ आहे; मनाला न पटणारा नाही असे एकूण चित्रपटाबद्दल म्हणता येणार नाही. तरी पुढे पात्रांचा प्रवास खूप प्रभावी होतो. म्हणून एकूण चित्रपट अपेक्षेपेक्षा सुंदर वाटतो.,Positive
सिनेमा सुरुवातीपासून शेवटपर्यंत खिळवून ठेवतो. सहकलाकारांचाही अभिनय तितकाच दमदार आहे. मुख्य कलाकारांनी आपापल्या भूमिका उत्कृष्टपणे साकारल्या आहेत. कुटुंबासोबत थिएटरमध्ये जाऊन बघण्यासारखा सिनेमा आहे.,Positive
चित्रपटाची विनोदी प्रसंग खूप आकर्षक आहे आणि कथा शेवटपर्यंत पकडून ठेवते.,Positive
चित्रपटातील मुख्य कलाकाराचा अभिनय पाहून चित्रपट पाहताना वारंवार कंटाळा आला; एकूण अनुभव अतिशय संथ आहे.,Negative
हा अनुभव निरस नसून खूप उत्तम आहे; दिग्दर्शकाने विषयाला योग्य न्याय दिला.,Positive
सुरुवातीला कथा सुंदर आणि आकर्षक वाटते; उत्कृष्ट नाही असे एकूण चित्रपटाबद्दल म्हणता येणार नाही. मात्र नंतर कथा इतकी रटाळ होते. एकूण परिणाम वाईट आणि असमाधानकारक राहतो.,Negative
हा चित्रपट निराश करणारा नाही; एकूण अनुभव चांगला आहे. कलाकारांचे कामही मनापासून आवडले.,Positive
खरंच अशा चित्रपटांची गरज आहे मराठी सृष्टीला. विनोदी प्रसंग अगदी सहज आणि टाइमिंगसह मांडले आहेत. संवाद खूप प्रभावी असून थेट मनाला भिडतात. एकदा तरी नक्की बघावा असा हा चित्रपट आहे.,Positive
हा चित्रपट अपेक्षेपेक्षा अतिशय संथ निघाला आणि संवाद कृत्रिम वाटतात.,Negative
चित्रपटाने कथा पुढे सरकत नाही आणि छायाचित्रण खरोखर निराशाजनक आहे.,Negative
चित्रपटाने अजिबात निराश केले नाही; शेवट विशेष नैसर्गिक आहे.,Positive
या चित्रपटाची विनोदी प्रसंग निराश करते आणि चित्रपटाची लांबी त्रासदायक ठरते.,Negative
चित्रपटाची पटकथा खूप अप्रतिम आहे आणि कलाकारांनी भूमिका जिवंत केल्या आहेत.,Positive
"चित्रपट पाहताना वेळ कसा गेला कळले नाही, कारण संवाद खूप रंजक आहे.",Positive
अपेक्षाभंग करणारा नाही असे अंतिम निष्कर्ष काढणे योग्य ठरणार नाही. सुरुवात थोडी कंटाळवाणी आणि संथ आहे; मात्र दुसऱ्या अर्ध्यात चित्रपट पूर्णपणे बदलतो. म्हणून एकूण चित्रपट अपेक्षेपेक्षा सुंदर वाटतो.,Positive
हा चित्रपट आकर्षक वाटतो; चित्रपट पाहून मन प्रसन्न झाले.,Positive
चित्रपटाने कलाकारांनी भूमिका जिवंत केल्या आहेत आणि अभिनय खरोखर नैसर्गिक आहे.,Positive
हा चित्रपट अप्रभावी वाटतो; कलाकारांच्या कामगिरीत उत्साह जाणवत नाही.,Negative
चित्रपटमध्ये काहीही कमकुवत वाटत नाही; मांडणी खूप उत्तम आहे.,Positive
चांगला नाही असे अंतिम निष्कर्ष काढणे योग्य ठरणार नाही. सुरुवातीला कथा सुंदर आणि आकर्षक वाटते; पण पुढे पटकथा पूर्णपणे गोंधळते. म्हणून चांगल्या सुरुवातीचा फारसा उपयोग होत नाही.,Negative
या कलाकृतीमध्ये काहीही वाईट वाटत नाही; मुख्य कलाकाराचा अभिनय खूप मनमोहक आहे.,Positive
"चित्रपटात भावनिक सादरीकरण उत्तम आहे, त्यामुळे चित्रपट पाहताना उत्सुकता कायम राहते.",Positive
संगीत आणि दृश्यरचना दोन्ही उत्तम आहेत; त्यामुळे चित्रपटाचा अनुभव मनाला आनंद देतो.,Positive
संपूर्ण चित्रपट निराशाजनक आहे आणि छायाचित्रण मुळे अनुभव खराब झाला.,Negative
"खरंच अशा चित्रपटांची गरज आहे मराठी सृष्टीला. छायाचित्रण अप्रतिम आहे, प्रत्येक फ्रेम एखाद्या चित्रासारखी वाटते. शेवट अगदी समाधानकारक आणि हृदयस्पर्शी झाला आहे. असे चित्रपट वारंवार यायला हवेत.",Positive
सुंदर नाही असे अंतिम निष्कर्ष काढणे योग्य ठरणार नाही. सुरुवातीला कथा सुंदर आणि आकर्षक वाटते; तरी दुसऱ्या अर्ध्यात दिग्दर्शन कमकुवत होते. एकूण चित्रपट सकारात्मक कारणांसाठी लक्षात राहत नाही.,Negative
चित्रपटाने अजिबात निराश केले नाही; मांडणी विशेष आकर्षक आहे.,Positive
चित्रपटाने प्रत्येक प्रसंग लक्षात राहतो आणि भावनिक सादरीकरण खरोखर अप्रतिम आहे.,Positive
चित्रपट अजिबात फिका नाही; उलट भावनिक सादरीकरण खूप आकर्षक आहे.,Positive
छायाचित्रण आणि संवाद दोन्ही कौतुकास्पद आहेत; त्यामुळे वेळ कसा गेला कळले नाही.,Positive
"हा चित्रपट अजिबात बघण्यासारखा नाही. गाणी उगाचच घुसवल्यासारखी वाटतात, कथेशी संबंधच नाही.",Negative
"चित्रपटात कथा कमकुवत आहे, त्यामुळे चित्रपटाची लांबी त्रासदायक ठरते.",Negative
थिएटरमध्ये जाऊन बघण्यासारखा चित्रपट आहे हा. प्रत्येक कलाकाराने आपल्या भूमिकेला योग्य न्याय दिला आहे.,Positive
"असमाधानकारक नाही असे अंतिम निष्कर्ष काढणे योग्य ठरणार नाही. सुरुवात थोडी कंटाळवाणी आणि संथ आहे; तरी पुढे पात्रांचा प्रवास खूप प्रभावी होतो. एकूण अनुभव वाईट नाही, उलट समाधानकारक आहे.",Positive
खूप वेळाने मराठी चित्रपटसृष्टीत असा दर्जेदार सिनेमा आला. गाण्यांचे शब्द आणि चाल दोन्ही मनाला भावतात. प्रत्येक कलाकाराने आपल्या भूमिकेला योग्य न्याय दिला आहे. सर्वांना शिफारस करेन असा हा चित्रपट आहे.,Positive
हा चित्रपट पुन्हा पाहावासा वाटतो कारण संवाद खूप आकर्षक आहे.,Positive
सुरुवातीपासूनच चित्रपट प्रेक्षकांना पकडून ठेवतो. कथा अगदी वेगळी आणि विचार करायला लावणारी आहे. सर्वांना शिफारस करेन असा हा चित्रपट आहे.,Positive
गाणी अजिबात लक्षात राहत नाहीत आणि पार्श्वसंगीतही कमजोर आहे. त्यामुळे चित्रपट फारसा प्रभावी वाटत नाही.,Negative
"चित्रपट पाहताना प्रत्येक प्रसंग लक्षात राहतो, कारण दिग्दर्शन खूप आकर्षक आहे.",Positive
सुरुवातीला कथा सुंदर आणि आकर्षक वाटते; आकर्षक नाही असे एकूण चित्रपटाबद्दल म्हणता येणार नाही. तरी दुसऱ्या अर्ध्यात दिग्दर्शन कमकुवत होते. त्यामुळे सुंदर क्षण असूनही चित्रपट आवडत नाही.,Negative
चित्रपटातील छायाचित्रण पाहून अनेक प्रसंग विनाकारण लांबवले आहेत; एकूण अनुभव सुमार आहे.,Negative
सुरुवातीला कथा सुंदर आणि आकर्षक वाटते; यशस्वी नाही असे एकूण चित्रपटाबद्दल म्हणता येणार नाही. पण पुढे पटकथा पूर्णपणे गोंधळते. त्यामुळे हा चित्रपट समाधानकारक म्हणता येत नाही.,Negative
हा चित्रपट अजिबात बघण्यासारखा नाही. संवाद खूपच सुमार आणि ओढून ताणून लिहिलेले वाटतात. अभिनेत्यांचा अभिनय अगदीच सुमार आणि कृत्रिम वाटला.,Negative
चित्रपटाने पटकथा शेवटपर्यंत प्रभावी राहत नाही आणि शेवट खरोखर कमकुवत आहे.,Negative
सुरुवातीपासून शेवटपर्यंत चित्रपट निराशाजनक राहतो आणि शेवट निराश करतो.,Negative
"काहीच खास नव्हतं या चित्रपटात. पटकथा खूपच विस्कळीत असल्यामुळे कथा नीट समजतच नाही. गाणी उगाचच घुसवल्यासारखी वाटतात, कथेशी संबंधच नाही.",Negative
संवाद आणि अभिनय दोन्ही मनमोहक आहेत; त्यामुळे कथा शेवटपर्यंत पकडून ठेवते.,Positive
सिनेमागृहातून बाहेर पडताना चेहऱ्यावर हसू होतं. पटकथा घट्ट बांधलेली असल्यामुळे कुठेही कंटाळा येत नाही. एकदा तरी नक्की बघावा असा हा चित्रपट आहे.,Positive
छायाचित्रण आणि विनोदी प्रसंग दोन्ही नैसर्गिक आहेत; त्यामुळे प्रत्येक प्रसंग लक्षात राहतो.,Positive
हा अनुभव मनमोहक नसून खूप कंटाळवाणा आहे; कलाकारांच्या कामगिरीत उत्साह जाणवत नाही.,Negative
चित्रपट अजिबात सुंदर नाही; उलट अभिनय खूप अप्रभावी आहे.,Negative
सुरुवातीला कथा सुंदर आणि आकर्षक वाटते; सुंदर नाही असे एकूण चित्रपटाबद्दल म्हणता येणार नाही. मात्र नंतर कथा इतकी रटाळ होते. एकूण अनुभव मात्र निराशाजनक आहे.,Negative
सुरुवातीपासून शेवटपर्यंत चित्रपट कौतुकास्पद राहतो आणि कलाकारांनी भूमिका जिवंत केल्या आहेत.,Positive
कथेपासून अभिनयापर्यंत बरेच काही अप्रभावी वाटले; कलाकारांच्या कामगिरीत उत्साह जाणवत नाही.,Negative
आकर्षक नाही असे अंतिम निष्कर्ष काढणे योग्य ठरणार नाही. सुरुवातीला कथा सुंदर आणि आकर्षक वाटते; मात्र नंतर कथा इतकी रटाळ होते. शेवटामुळे आधीचे चांगले क्षणही फिके पडतात.,Negative
संपूर्ण चित्रपट अप्रभावी आहे आणि शेवट मुळे अनुभव खराब झाला.,Negative
हा चित्रपट अजिबात बघण्यासारखा नाही. दिग्दर्शकाला नेमकं काय दाखवायचं आहे हेच कळत नाही. व्हीएफएक्स इतके स्वस्त वाटतात की हसू येतं. मराठी सिनेमाच्या नावाला कमीपणा आणणारा चित्रपट आहे.,Negative
कथा अजिबात अप्रभावी नाही आणि प्रत्येक प्रसंग लक्षात राहतो.,Positive
सुरुवातीपासून शेवटपर्यंत चित्रपट अस्ताव्यस्त राहतो आणि दिग्दर्शनाने विषयाला योग्य न्याय दिला नाही.,Negative
मराठी प्रेक्षकांची निराशा करणारा चित्रपट आहे हा. शेवट इतका घाईघाईत गुंडाळलेला आहे की निराशा होते. OTT वर आला तरी बघावासा वाटत नाही.,Negative
हा चित्रपट आकर्षक वाटतो; चित्रपट पाहताना उत्सुकता कायम राहते.,Positive
हा चित्रपट कौतुकास्पद वाटतो; शेवट समाधानकारक वाटतो.,Positive
या चित्रपटाची पटकथा मनाला भिडते आणि कुटुंबासोबत पाहण्यासारखा अनुभव मिळतो.,Positive
सुरुवातीपासूनच चित्रपट प्रेक्षकांना पकडून ठेवतो. दिग्दर्शनातली बारकाई प्रत्येक दृश्यात जाणवते. गाण्यांचे शब्द आणि चाल दोन्ही मनाला भावतात. सहकलाकारांचाही अभिनय तितकाच दमदार आहे.,Positive
हा अनुभव कमकुवत नसून खूप प्रभावी आहे; वेळ कसा गेला कळले नाही.,Positive
संगीत इतका प्रभावी आहे की कथा शेवटपर्यंत पकडून ठेवते.,Positive
संपूर्ण चित्रपट कृत्रिम आहे आणि संवाद मुळे अनुभव खराब झाला.,Negative
हा अनुभव निराशाजनक नसून खूप सुंदर आहे; सर्व कलाकारांची कामगिरी लक्षात राहते.,Positive
असमाधानकारक नाही असे अंतिम निष्कर्ष काढणे योग्य ठरणार नाही. सुरुवात थोडी कंटाळवाणी आणि संथ आहे; पण पुढे कथा इतकी सुंदर उलगडते. त्यामुळे चित्रपट पाहिल्याचा निर्णय योग्य वाटतो.,Positive
चित्रपटाने अनेक प्रसंग विनाकारण लांबवले आहेत आणि मांडणी खरोखर फिका आहे.,Negative
संपूर्ण चित्रपट फिका आहे आणि भावनिक सादरीकरण मुळे अनुभव खराब झाला.,Negative
हा चित्रपट पुन्हा पाहावासा वाटत नाही कारण अभिनय खूप निरस आहे.,Negative
हा चित्रपट रंजक वाटतो; दिग्दर्शकाने विषयाला योग्य न्याय दिला.,Positive
सुरुवातीपासून शेवटपर्यंत चित्रपट नैसर्गिक राहतो आणि संगीताने प्रसंगांची परिणामकारकता वाढवली.,Positive
हा चित्रपट पुन्हा पाहावासा वाटतो कारण मुख्य कलाकाराचा अभिनय खूप उत्कृष्ट आहे.,Positive
सिनेमा बघून मन अगदी प्रसन्न झालं. क्लायमॅक्स इतका जबरदस्त आहे की अंगावर काटा येतो.,Positive
सुरुवात थोडी कंटाळवाणी आणि संथ आहे; खराब नाही असे एकूण चित्रपटाबद्दल म्हणता येणार नाही. तरी पुढे पात्रांचा प्रवास खूप प्रभावी होतो. सुरुवातीच्या उणिवा असूनही हा चित्रपट लक्षात राहतो.,Positive
उत्कृष्ट नाही असे अंतिम निष्कर्ष काढणे योग्य ठरणार नाही. सुरुवातीला कथा सुंदर आणि आकर्षक वाटते; मात्र नंतर कथा इतकी रटाळ होते. त्यामुळे हा चित्रपट समाधानकारक म्हणता येत नाही.,Negative
या चित्रपटाची कथानक निराश करते आणि शेवट निराश करतो.,Negative
सुरुवात थोडी कंटाळवाणी आणि संथ आहे; कंटाळवाणा नाही असे एकूण चित्रपटाबद्दल म्हणता येणार नाही. तरी पुढे पात्रांचा प्रवास खूप प्रभावी होतो. एकूण परिणाम सकारात्मक आणि समाधान देणारा आहे.,Positive
"खूप वेळाने मराठी चित्रपटसृष्टीत असा दर्जेदार सिनेमा आला. छायाचित्रण अप्रतिम आहे, प्रत्येक फ्रेम एखाद्या चित्रासारखी वाटते. पार्श्वसंगीत प्रसंगांची तीव्रता अजून वाढवतं. सर्वांना शिफारस करेन असा हा चित्रपट आहे.",Positive
"सुरुवातीला कथा सुंदर आणि आकर्षक वाटते. तरी दुसऱ्या अर्ध्यात दिग्दर्शन कमकुवत होते, पण एकूण परिणाम वाईट आणि असमाधानकारक राहतो.",Negative
चित्रपट अजिबात निराशाजनक नाही; उलट अभिनय खूप प्रभावी आहे.,Positive
या कलाकृतीमध्ये काहीही वाईट वाटत नाही; भावनिक सादरीकरण खूप दर्जेदार आहे.,Positive
सुरुवातीपासून शेवटपर्यंत चित्रपट कृत्रिम राहतो आणि चित्रपट पाहताना वारंवार कंटाळा आला.,Negative
चित्रपटातील दृश्यरचना पाहून दिग्दर्शनाने विषयाला योग्य न्याय दिला नाही; एकूण अनुभव कमकुवत आहे.,Negative
कथानकमध्ये काहीही उत्तम वाटत नाही; दृश्यरचना खूप अतिशय संथ आहे.,Negative
हा अनुभव कमकुवत नसून खूप हृदयस्पर्शी आहे; भावनिक प्रसंग मनाला स्पर्श करतात.,Positive
हा चित्रपट दर्जेदार वाटतो; शेवट समाधानकारक वाटतो.,Positive
चित्रपटाने कलाकारांच्या कामगिरीत उत्साह जाणवत नाही आणि पार्श्वसंगीत खरोखर कमकुवत आहे.,Negative
या कलाकृतीचा अभिनय कौतुकास्पद असून चित्रपटाचा अनुभव मनाला आनंद देतो.,Positive
हा अनुभव निराशाजनक नसून खूप सुंदर आहे; शेवट समाधानकारक वाटतो.,Positive
छायाचित्रण इतका अप्रतिम आहे की चित्रपटाचा अनुभव मनाला आनंद देतो.,Positive
हा चित्रपट पुन्हा पाहावासा वाटतो कारण अभिनय खूप दर्जेदार आहे.,Positive
"खराब नाही असे अंतिम निष्कर्ष काढणे योग्य ठरणार नाही. सुरुवात थोडी कंटाळवाणी आणि संथ आहे; पण पुढे कथा इतकी सुंदर उलगडते. एकूण अनुभव वाईट नाही, उलट समाधानकारक आहे.",Positive
एवढा भिकार सिनेमा अलीकडे बघितला नव्हता. संगीत काहीच लक्षात राहण्यासारखं नाही.,Negative
आशादायक नाही असे अंतिम निष्कर्ष काढणे योग्य ठरणार नाही. सुरुवातीला कथा सुंदर आणि आकर्षक वाटते; तरी दुसऱ्या अर्ध्यात दिग्दर्शन कमकुवत होते. एकूण परिणाम वाईट आणि असमाधानकारक राहतो.,Negative
संपूर्ण मांडणीमध्ये काहीही मनमोहक वाटत नाही; मुख्य कलाकाराचा अभिनय खूप सुमार आहे.,Negative
कथानकचा मांडणी कंटाळवाणा असून चित्रपटाची लांबी त्रासदायक ठरते.,Negative
संपूर्ण मांडणीमध्ये काहीही उत्कृष्ट वाटत नाही; विनोदी प्रसंग खूप कमकुवत आहे.,Negative
चित्रपट अजिबात अप्रभावी नाही; उलट पटकथा खूप प्रभावी आहे.,Positive
हा अनुभव दर्जेदार नसून खूप अंदाजे आहे; काही दृश्ये अजिबात गरजेची वाटत नाहीत.,Negative
सुरुवात थोडी कंटाळवाणी आणि संथ आहे; मनाला न पटणारा नाही असे एकूण चित्रपटाबद्दल म्हणता येणार नाही. तरी पुढे पात्रांचा प्रवास खूप प्रभावी होतो. त्यामुळे सुरुवातीचे नकारात्मक संकेत दिशाभूल करणारे ठरतात.,Positive
कथानकचा संगीत नैसर्गिक असून प्रत्येक फ्रेम विचारपूर्वक सादर केली आहे.,Positive
चित्रपटाने चित्रपटाचा अनुभव मनाला आनंद देतो आणि संवाद खरोखर मनमोहक आहे.,Positive
चित्रपटाची शेवट खूप सुमार आहे आणि चित्रपट पाहिल्यानंतर विशेष काही लक्षात राहत नाही.,Negative
फारसा वाईट नाही असे अंतिम निष्कर्ष काढणे योग्य ठरणार नाही. सुरुवात थोडी कंटाळवाणी आणि संथ आहे; पण पुढे कथा इतकी सुंदर उलगडते. एकूण परिणाम सकारात्मक आणि समाधान देणारा आहे.,Positive
हा अनुभव फिका नसून खूप नैसर्गिक आहे; वेळ कसा गेला कळले नाही.,Positive
हा चित्रपट अप्रभावी वाटतो; शेवट निराश करतो.,Negative
या चित्रपटाची पटकथा निराश करते आणि वेळ वाया गेल्यासारखे वाटले.,Negative
सुरुवातीपासून शेवटपर्यंत चित्रपट नैसर्गिक राहतो आणि प्रत्येक प्रसंग लक्षात राहतो.,Positive
सुरुवातीपासून शेवटपर्यंत चित्रपट अस्ताव्यस्त राहतो आणि चित्रपट पाहताना वारंवार कंटाळा आला.,Negative
मित्रांच्या सांगण्यावरून गेलो पण खूप पश्चाताप झाला. भावनिक प्रसंगांमध्ये सुद्धा काहीच परिणाम जाणवत नाही.,Negative
खूप दिवसांनी असा जबरदस्त चित्रपट पाहिला. प्रत्येक कलाकाराने आपल्या भूमिकेला योग्य न्याय दिला आहे. पुन्हा एकदा बघायला नक्कीच आवडेल.,Positive
"चित्रपट पाहताना चित्रपट पाहताना वारंवार कंटाळा आला, कारण कथा खूप सुमार आहे.",Negative
चित्रपटाची कथानक खूप नैसर्गिक आहे आणि दिग्दर्शकाने विषयाला योग्य न्याय दिला.,Positive
चित्रपटातील संवाद पाहून सर्व कलाकारांची कामगिरी लक्षात राहते; एकूण अनुभव कौतुकास्पद आहे.,Positive
चित्रपटाने कथा शेवटपर्यंत पकडून ठेवते आणि शेवट खरोखर दर्जेदार आहे.,Positive
"अभिनय बनावटीचा वाटला नाही, तो खूप नैसर्गिक आहे. चित्रपट पाहताना उत्सुकता कायम राहते.",Positive
चित्रपटाने पूर्णपणे निराश केले; पार्श्वसंगीत विशेष अतिशय संथ आहे.,Negative
हा चित्रपट खरंच अप्रतिम होता. प्रत्येक कलाकाराने आपल्या भूमिकेला योग्य न्याय दिला आहे. विनोदी प्रसंग अगदी सहज आणि टाइमिंगसह मांडले आहेत.,Positive
संपूर्ण चित्रपट कृत्रिम आहे आणि शेवट मुळे अनुभव खराब झाला.,Negative
कथेपासून अभिनयापर्यंत सर्व काही उत्कृष्ट वाटले; कथा शेवटपर्यंत पकडून ठेवते.,Positive
चित्रपट अजिबात कमकुवत नाही; उलट कथानक खूप प्रभावी आहे.,Positive
"चित्रपटात कथानक कमकुवत आहे, त्यामुळे कलाकारांच्या कामगिरीत उत्साह जाणवत नाही.",Negative
कथा अजिबात अप्रतिम नाही आणि वेळ वाया गेल्यासारखे वाटले.,Negative
चित्रपटाची पार्श्वसंगीत खूप मनमोहक आहे आणि भावनिक प्रसंग मनाला स्पर्श करतात.,Positive
कथानक इतका प्रभावी आहे की सर्व कलाकारांची कामगिरी लक्षात राहते.,Positive
चित्रपटाने अजिबात निराश केले नाही; मांडणी विशेष नैसर्गिक आहे.,Positive
पटकथा इतका फिका आहे की वेळ वाया गेल्यासारखे वाटले.,Negative
हा अनुभव निराशाजनक नसून खूप हृदयस्पर्शी आहे; चित्रपटाचा अनुभव मनाला आनंद देतो.,Positive
चित्रपटातील पटकथा पाहून भावनिक प्रसंग मनाला स्पर्श करतात; एकूण अनुभव हृदयस्पर्शी आहे.,Positive
सिनेमा सुरु झाल्यापासूनच कंटाळा येऊ लागला. मुख्य कलाकारांच्या भूमिकेत जीव ओतलेला जाणवलाच नाही. काही कलाकारांची निवडच चुकीची वाटते. पुन्हा असा चित्रपट बघण्याची इच्छा नाही.,Negative
भावनिक सादरीकरण इतका प्रभावी आहे की कलाकारांनी भूमिका जिवंत केल्या आहेत.,Positive
या चित्रपटाची पटकथा निराश करते आणि कथानकात नवीनपणा जाणवत नाही.,Negative
हा चित्रपट पुन्हा पाहावासा वाटतो कारण विनोदी प्रसंग खूप अप्रतिम आहे.,Positive
चित्रपटमध्ये काहीही फिका वाटत नाही; दिग्दर्शन खूप अप्रतिम आहे.,Positive
चित्रपटाने पूर्णपणे निराश केले; दिग्दर्शन विशेष निरस आहे.,Negative
चित्रपटाने प्रत्येक फ्रेम विचारपूर्वक सादर केली आहे आणि दृश्यरचना खरोखर उत्तम आहे.,Positive
संपूर्ण चित्रपट अस्ताव्यस्त आहे आणि पटकथा मुळे अनुभव खराब झाला.,Negative
हा चित्रपट अजिबात बघण्यासारखा नाही. अभिनेत्यांचा अभिनय अगदीच सुमार आणि कृत्रिम वाटला. संगीत काहीच लक्षात राहण्यासारखं नाही. पटकथा खूपच विस्कळीत असल्यामुळे कथा नीट समजतच नाही. अपेक्षा घेऊन गेलात तर नक्कीच निराश व्हाल.,Negative
चित्रपटातील कथानक पाहून काही दृश्ये अजिबात गरजेची वाटत नाहीत; एकूण अनुभव कृत्रिम आहे.,Negative
सिनेमा सुरु झाल्यापासूनच कंटाळा येऊ लागला. पटकथा खूपच विस्कळीत असल्यामुळे कथा नीट समजतच नाही. छायाचित्रण अगदीच सामान्य दर्जाचं आहे.,Negative
सिनेमा बघून मन अगदी प्रसन्न झालं. सहकलाकारांचाही अभिनय तितकाच दमदार आहे. पार्श्वसंगीत प्रसंगांची तीव्रता अजून वाढवतं. असे चित्रपट वारंवार यायला हवेत.,Positive
छायाचित्रण आणि पार्श्वसंगीत दोन्ही कंटाळवाणा आहेत; त्यामुळे चित्रपटाची लांबी त्रासदायक ठरते.,Negative
संवाद आणि मुख्य कलाकाराचा अभिनय दोन्ही सुंदर आहेत; त्यामुळे प्रत्येक प्रसंग लक्षात राहतो.,Positive
संपूर्ण चित्रपट कृत्रिम आहे आणि दिग्दर्शन मुळे अनुभव खराब झाला.,Negative
संगीत आणि संवाद दोन्ही कृत्रिम आहेत; त्यामुळे पटकथा शेवटपर्यंत प्रभावी राहत नाही.,Negative
चित्रपटाने भावनिक प्रसंगांचा परिणाम होत नाही आणि मांडणी खरोखर अतिशय संथ आहे.,Negative
कथेपासून अभिनयापर्यंत सर्व काही हृदयस्पर्शी वाटले; सर्व कलाकारांची कामगिरी लक्षात राहते.,Positive
हा अनुभव रंजक नसून खूप अंदाजे आहे; चित्रपट पाहिल्यानंतर विशेष काही लक्षात राहत नाही.,Negative
"चित्रपटात दृश्यरचना उत्तम आहे, त्यामुळे प्रत्येक प्रसंग लक्षात राहतो.",Positive
चित्रपटातील दृश्यरचना पाहून संगीताने प्रसंगांची परिणामकारकता वाढवली; एकूण अनुभव कौतुकास्पद आहे.,Positive
चित्रपट अजिबात दर्जेदार नाही; उलट संवाद खूप कृत्रिम आहे.,Negative
मांडणी इतका निरस आहे की वेळ वाया गेल्यासारखे वाटले.,Negative
हा चित्रपट पुन्हा पाहावासा वाटतो कारण संवाद खूप उत्कृष्ट आहे.,Positive
या चित्रपटाची भावनिक सादरीकरण निराश करते आणि पटकथा शेवटपर्यंत प्रभावी राहत नाही.,Negative
आकर्षक नाही असे अंतिम निष्कर्ष काढणे योग्य ठरणार नाही. सुरुवातीला कथा सुंदर आणि आकर्षक वाटते; मात्र नंतर कथा इतकी रटाळ होते. शेवटी चित्रपट समाधान देत नाही.,Negative
मुख्य कलाकाराचा अभिनय इतका मनमोहक आहे की कलाकारांनी भूमिका जिवंत केल्या आहेत.,Positive
चित्रपटातील संवाद पाहून वेळ कसा गेला कळले नाही; एकूण अनुभव उत्तम आहे.,Positive
या चित्रपटाची अभिनय निराश करते आणि कथानकात नवीनपणा जाणवत नाही.,Negative
यशस्वी नाही असे अंतिम निष्कर्ष काढणे योग्य ठरणार नाही. सुरुवातीला कथा सुंदर आणि आकर्षक वाटते; पण पुढे पटकथा पूर्णपणे गोंधळते. शेवटी चित्रपट समाधान देत नाही.,Negative
कमकुवत नाही असे अंतिम निष्कर्ष काढणे योग्य ठरणार नाही. सुरुवात थोडी कंटाळवाणी आणि संथ आहे; तरी पुढे पात्रांचा प्रवास खूप प्रभावी होतो. चित्रपटाने निराश केले नाही; उलट तो खूप आवडला.,Positive
शेवट समाधानकारक नव्हता आणि संपूर्ण कथा विस्कळीत वाटली. त्यामुळे चित्रपट फारसा प्रभावी वाटत नाही.,Negative
शेवट समाधानकारक नव्हता आणि संपूर्ण कथा विस्कळीत वाटली. त्यामुळे एकूण अनुभव निराशाजनक झाला.,Negative
कथेपासून अभिनयापर्यंत बरेच काही अस्ताव्यस्त वाटले; अनेक प्रसंग विनाकारण लांबवले आहेत.,Negative
आशादायक नाही असे अंतिम निष्कर्ष काढणे योग्य ठरणार नाही. सुरुवातीला कथा सुंदर आणि आकर्षक वाटते; पण पुढे पटकथा पूर्णपणे गोंधळते. शेवटामुळे आधीचे चांगले क्षणही फिके पडतात.,Negative
कथामध्ये काहीही रंजक वाटत नाही; संवाद खूप गोंधळलेला आहे.,Negative
संपूर्ण मांडणीचा संगीत अंदाजे असून चित्रपट पाहिल्यानंतर विशेष काही लक्षात राहत नाही.,Negative
चित्रपट अजिबात अप्रभावी नाही; उलट अभिनय खूप रंजक आहे.,Positive
कथानक इतका अस्ताव्यस्त आहे की अनेक प्रसंग विनाकारण लांबवले आहेत.,Negative
"सुरुवात थोडी कंटाळवाणी आणि संथ आहे; निराशाजनक नाही असे एकूण चित्रपटाबद्दल म्हणता येणार नाही. पण पुढे कथा इतकी सुंदर उलगडते. एकूण अनुभव वाईट नाही, उलट समाधानकारक आहे.",Positive
सुरुवातीला कथा सुंदर आणि आकर्षक वाटते; समाधानकारक नाही असे एकूण चित्रपटाबद्दल म्हणता येणार नाही. तरी दुसऱ्या अर्ध्यात दिग्दर्शन कमकुवत होते. एकूण चित्रपट सकारात्मक कारणांसाठी लक्षात राहत नाही.,Negative
भावनिक सादरीकरण आणि पार्श्वसंगीत दोन्ही नैसर्गिक आहेत; त्यामुळे संगीताने प्रसंगांची परिणामकारकता वाढवली.,Positive
"चित्रपट पाहताना चित्रपट पाहिल्यानंतर विशेष काही लक्षात राहत नाही, कारण भावनिक सादरीकरण खूप अतिशय संथ आहे.",Negative
चित्रपटाने पूर्णपणे निराश केले; कथानक विशेष कृत्रिम आहे.,Negative
चित्रपटाची पार्श्वसंगीत खूप दर्जेदार आहे आणि सर्व कलाकारांची कामगिरी लक्षात राहते.,Positive
कमकुवत नाही असे अंतिम निष्कर्ष काढणे योग्य ठरणार नाही. सुरुवात थोडी कंटाळवाणी आणि संथ आहे; तरी पुढे पात्रांचा प्रवास खूप प्रभावी होतो. त्यामुळे सुरुवातीचे नकारात्मक संकेत दिशाभूल करणारे ठरतात.,Positive
मराठी प्रेक्षकांची निराशा करणारा चित्रपट आहे हा. अभिनेत्यांचा अभिनय अगदीच सुमार आणि कृत्रिम वाटला. पूर्णपणे टाइमपास वाया गेला असं वाटलं.,Negative
कथा अजिबात निरस नाही आणि प्रत्येक फ्रेम विचारपूर्वक सादर केली आहे.,Positive
"उगाच हाईप केलेला सिनेमा, प्रत्यक्षात काही दम नाही. व्हीएफएक्स इतके स्वस्त वाटतात की हसू येतं. सहकलाकारांचा अभिनयही अगदीच सामान्य आहे. क्लायमॅक्स अगदीच अपेक्षित आणि सपक झाला आहे. अपेक्षा घेऊन गेलात तर नक्कीच निराश व्हाल.",Negative
हा अनुभव उत्तम नसून खूप फिका आहे; कथा पुढे सरकत नाही.,Negative
शेवट समाधानकारक नव्हता आणि संपूर्ण कथा विस्कळीत वाटली. एकूण अनुभव समाधानकारक वाटत नाही.,Negative
"एकदम भारी चित्रपट, अपेक्षेपेक्षा जास्त आवडला. मुख्य कलाकारांनी आपापल्या भूमिका उत्कृष्टपणे साकारल्या आहेत. दिग्दर्शनातली बारकाई प्रत्येक दृश्यात जाणवते. थिएटरमध्ये जाऊन नक्की एन्जॉय करा.",Positive
या वर्षीचा सर्वोत्तम मराठी चित्रपट असं म्हणता येईल. मुख्य कलाकारांनी आपापल्या भूमिका उत्कृष्टपणे साकारल्या आहेत. मराठी चित्रपटसृष्टीसाठी अभिमानास्पद कलाकृती आहे.,Positive
अभिनय इतका नैसर्गिक आहे की कलाकारांनी भूमिका जिवंत केल्या आहेत.,Positive
या चित्रपटाची विनोदी प्रसंग निराश करते आणि चित्रपट पाहिल्यानंतर विशेष काही लक्षात राहत नाही.,Negative
या चित्रपटाची कथानक निराश करते आणि कलाकारांच्या कामगिरीत उत्साह जाणवत नाही.,Negative
पूर्ण चित्रपटभर काहीच लॉजिक सापडलं नाही. मुख्य कलाकारांच्या भूमिकेत जीव ओतलेला जाणवलाच नाही.,Negative
चित्रपटाने चित्रपट पाहताना वारंवार कंटाळा आला आणि कथा खरोखर अस्ताव्यस्त आहे.,Negative
"चित्रपटात भावनिक सादरीकरण कमकुवत आहे, त्यामुळे कथानकात नवीनपणा जाणवत नाही.",Negative
संपूर्ण चित्रपट कमकुवत आहे आणि कथानक मुळे अनुभव खराब झाला.,Negative
पटकथा आणि दृश्यरचना दोन्ही मनमोहक आहेत; त्यामुळे शेवट समाधानकारक वाटतो.,Positive
चित्रपटाने पूर्णपणे निराश केले; छायाचित्रण विशेष अंदाजे आहे.,Negative
सुरुवातीला कथा सुंदर आणि आकर्षक वाटते; समाधानकारक नाही असे एकूण चित्रपटाबद्दल म्हणता येणार नाही. मात्र नंतर कथा इतकी रटाळ होते. अखेरीस एकूण परिणाम कमकुवत ठरतो.,Negative
संपूर्ण मांडणीचा पटकथा सुमार असून वेळ वाया गेल्यासारखे वाटले.,Negative
सुरुवातीपासून शेवटपर्यंत चित्रपट कृत्रिम राहतो आणि कथानकात नवीनपणा जाणवत नाही.,Negative
चित्रपट अजिबात निरस नाही; उलट दृश्यरचना खूप अप्रतिम आहे.,Positive
"चित्रपटात विनोदी प्रसंग कमकुवत आहे, त्यामुळे अनेक प्रसंग विनाकारण लांबवले आहेत.",Negative
"शेवट खराब वाटला नाही, उलट तो समाधानकारक होता. त्यामुळे एकूण अनुभव खूप चांगला झाला.",Positive
सुरुवातीला कथा सुंदर आणि आकर्षक वाटते; पण पुढे पटकथा पूर्णपणे गोंधळते. त्यामुळे अंतिम अनुभव अपेक्षाभंग करणारा ठरतो.,Negative
हा चित्रपट अपेक्षेपेक्षा दर्जेदार निघाला आणि कुटुंबासोबत पाहण्यासारखा अनुभव मिळतो.,Positive
हा चित्रपट कृत्रिम वाटतो; संवाद कृत्रिम वाटतात.,Negative
थिएटरमध्ये जाऊन बघण्यासारखा चित्रपट आहे हा. व्हीएफएक्स दर्जेदार असून हॉलिवूडच्या तोडीचे वाटतात. अॅक्शन सीन्स एकदम जबरदस्त आणि रिअलिस्टिक वाटतात.,Positive
अभिनय इतका अंदाजे आहे की पटकथा शेवटपर्यंत प्रभावी राहत नाही.,Negative
संपूर्ण चित्रपट अस्ताव्यस्त आहे आणि दिग्दर्शन मुळे अनुभव खराब झाला.,Negative
"पैसे वसूल चित्रपट, अजिबात निराश करत नाही. भावनिक प्रसंगांमध्ये डोळ्यात पाणी आल्याशिवाय राहत नाही. कथेची मांडणी अशी आहे की पुढे काय होणार याची उत्सुकता कायम राहते.",Positive
थिएटरमध्ये जाऊन बघण्यासारखा चित्रपट आहे हा. संगीत कानाला खूप गोड लागतं आणि गाणी सुद्धा सुरेख आहेत. विनोदी प्रसंग अगदी सहज आणि टाइमिंगसह मांडले आहेत.,Positive
वेळेचा आणि पैशांचा पूर्ण अपव्यय झाला. संगीत काहीच लक्षात राहण्यासारखं नाही. अॅक्शन सीन्स अगदीच बनावट आणि कंटाळवाणे वाटतात. वेळ असेल तरी बघू नका असा सल्ला देईन.,Negative
हा अनुभव सुंदर नसून खूप निरस आहे; वेळ वाया गेल्यासारखे वाटले.,Negative
काहीच दम नाही राव यात. पटकथा खूपच विस्कळीत असल्यामुळे कथा नीट समजतच नाही.,Negative
चित्रपटाने चित्रपट पाहून मन प्रसन्न झाले आणि छायाचित्रण खरोखर हृदयस्पर्शी आहे.,Positive
सुरुवातीला कथा सुंदर आणि आकर्षक वाटते; पण पुढे पटकथा पूर्णपणे गोंधळते. त्यामुळे सुंदर क्षण असूनही चित्रपट आवडत नाही.,Negative
चित्रपट अजिबात रंजक नाही; उलट अभिनय खूप अप्रभावी आहे.,Negative
चित्रपटचा दिग्दर्शन सुंदर असून चित्रपट पाहताना उत्सुकता कायम राहते.,Positive
कथानकचा कथानक आकर्षक असून दिग्दर्शकाने विषयाला योग्य न्याय दिला.,Positive
कथा आणि विनोदी प्रसंग दोन्ही सुमार आहेत; त्यामुळे कथा पुढे सरकत नाही.,Negative
कथानक इतका आकर्षक आहे की भावनिक प्रसंग मनाला स्पर्श करतात.,Positive
पटकथा आणि अभिनय दोन्ही नैसर्गिक आहेत; त्यामुळे वेळ कसा गेला कळले नाही.,Positive
चांगला नाही असे अंतिम निष्कर्ष काढणे योग्य ठरणार नाही. सुरुवातीला कथा सुंदर आणि आकर्षक वाटते; मात्र नंतर कथा इतकी रटाळ होते. त्यामुळे हा चित्रपट समाधानकारक म्हणता येत नाही.,Negative
हा चित्रपट पुन्हा पाहावासा वाटतो कारण दृश्यरचना खूप कौतुकास्पद आहे.,Positive
हा चित्रपट अजिबात बघण्यासारखा नाही. क्लायमॅक्स अगदीच अपेक्षित आणि सपक झाला आहे. मुख्य कलाकारांच्या भूमिकेत जीव ओतलेला जाणवलाच नाही.,Negative
कथानकमध्ये काहीही सुंदर वाटत नाही; शेवट खूप अंदाजे आहे.,Negative
सुरुवातीला कथा सुंदर आणि आकर्षक वाटते; मनाला भिडणारा नाही असे एकूण चित्रपटाबद्दल म्हणता येणार नाही. मात्र नंतर कथा इतकी रटाळ होते. त्यामुळे हा चित्रपट समाधानकारक म्हणता येत नाही.,Negative
सुरुवात थोडी कंटाळवाणी आणि संथ आहे; कमकुवत नाही असे एकूण चित्रपटाबद्दल म्हणता येणार नाही. मात्र दुसऱ्या अर्ध्यात चित्रपट पूर्णपणे बदलतो. चित्रपटाने निराश केले नाही; उलट तो खूप आवडला.,Positive
हा चित्रपट अपेक्षेपेक्षा फिका निघाला आणि दिग्दर्शनाने विषयाला योग्य न्याय दिला नाही.,Negative
हा अनुभव सुंदर नसून खूप कंटाळवाणा आहे; भावनिक प्रसंगांचा परिणाम होत नाही.,Negative
"एकदम भारी चित्रपट, अपेक्षेपेक्षा जास्त आवडला. शेवट अगदी समाधानकारक आणि हृदयस्पर्शी झाला आहे. अभिनेत्यांचा अभिनय खूपच नैसर्गिक आणि प्रभावी वाटला. व्हीएफएक्स दर्जेदार असून हॉलिवूडच्या तोडीचे वाटतात.",Positive
या चित्रपटाची विनोदी प्रसंग मनाला भिडते आणि प्रत्येक प्रसंग लक्षात राहतो.,Positive
हा चित्रपट पुन्हा पाहावासा वाटतो कारण भावनिक सादरीकरण खूप अप्रतिम आहे.,Positive
संपूर्ण मांडणीचा मुख्य कलाकाराचा अभिनय अप्रभावी असून अनेक प्रसंग विनाकारण लांबवले आहेत.,Negative
कथा अजिबात फिका नाही आणि दिग्दर्शकाने विषयाला योग्य न्याय दिला.,Positive
पार्श्वसंगीत आणि मांडणी दोन्ही उत्कृष्ट आहेत; त्यामुळे दिग्दर्शकाने विषयाला योग्य न्याय दिला.,Positive
चित्रपटाने शेवट निराश करतो आणि कथानक खरोखर कंटाळवाणा आहे.,Negative
चित्रपटाची शेवट खूप उत्कृष्ट आहे आणि प्रत्येक प्रसंग लक्षात राहतो.,Positive
सुरुवात थोडी कंटाळवाणी आणि संथ आहे; निराश केले नाही असे एकूण चित्रपटाबद्दल म्हणता येणार नाही. पण पुढे कथा इतकी सुंदर उलगडते. चित्रपटाने निराश केले नाही; उलट तो खूप आवडला.,Positive
"सुरुवात थोडी कंटाळवाणी आणि संथ आहे; फारसा वाईट नाही असे एकूण चित्रपटाबद्दल म्हणता येणार नाही. मात्र दुसऱ्या अर्ध्यात चित्रपट पूर्णपणे बदलतो. एकूण अनुभव वाईट नाही, उलट समाधानकारक आहे.",Positive
संपूर्ण चित्रपट फिका आहे आणि कथानक मुळे अनुभव खराब झाला.,Negative
सुरुवात थोडी कंटाळवाणी आणि संथ आहे; कमकुवत नाही असे एकूण चित्रपटाबद्दल म्हणता येणार नाही. पण पुढे कथा इतकी सुंदर उलगडते. त्यामुळे चित्रपट पाहिल्याचा निर्णय योग्य वाटतो.,Positive
खराब नाही असे अंतिम निष्कर्ष काढणे योग्य ठरणार नाही. सुरुवात थोडी कंटाळवाणी आणि संथ आहे; तरी पुढे पात्रांचा प्रवास खूप प्रभावी होतो. चित्रपटाने निराश केले नाही; उलट तो खूप आवडला.,Positive
सिनेमा सुरु झाल्यापासूनच कंटाळा येऊ लागला. मुख्य कलाकारांच्या भूमिकेत जीव ओतलेला जाणवलाच नाही. छायाचित्रण अगदीच सामान्य दर्जाचं आहे. दिग्दर्शकाला नेमकं काय दाखवायचं आहे हेच कळत नाही.,Negative
चित्रपटाने निराश केले नाही; अनुभव खूप आनंददायी होता. पुन्हा पाहायला देखील आवडेल.,Positive
पूर्ण कुटुंबासोबत बघण्यासारखा सुंदर चित्रपट आहे. गाण्यांचे शब्द आणि चाल दोन्ही मनाला भावतात. असे चित्रपट वारंवार यायला हवेत.,Positive
संगीत इतका हृदयस्पर्शी आहे की शेवट समाधानकारक वाटतो.,Positive
संपूर्ण मांडणीमध्ये काहीही कंटाळवाणा वाटत नाही; पार्श्वसंगीत खूप आकर्षक आहे.,Positive
सुरुवातीपासून शेवटपर्यंत चित्रपट दर्जेदार राहतो आणि प्रत्येक फ्रेम विचारपूर्वक सादर केली आहे.,Positive
चित्रपट अजिबात कमकुवत नाही; उलट पटकथा खूप आकर्षक आहे.,Positive
अशा चित्रपटांमुळे मराठी सिनेमाची बदनामी होते. शेवट इतका घाईघाईत गुंडाळलेला आहे की निराशा होते. पुन्हा असा चित्रपट बघण्याची इच्छा नाही.,Negative
सुरुवातीला कथा सुंदर आणि आकर्षक वाटते; सुंदर नाही असे एकूण चित्रपटाबद्दल म्हणता येणार नाही. पण पुढे पटकथा पूर्णपणे गोंधळते. शेवटामुळे आधीचे चांगले क्षणही फिके पडतात.,Negative
चित्रपटातील शेवट पाहून चित्रपटाची लांबी त्रासदायक ठरते; एकूण अनुभव कमकुवत आहे.,Negative
"चित्रपटात दिग्दर्शन उत्तम आहे, त्यामुळे शेवट समाधानकारक वाटतो.",Positive
या चित्रपटाची विनोदी प्रसंग मनाला भिडते आणि कुटुंबासोबत पाहण्यासारखा अनुभव मिळतो.,Positive
हा चित्रपट अपेक्षेपेक्षा प्रभावी निघाला आणि संगीताने प्रसंगांची परिणामकारकता वाढवली.,Positive
कथेपासून अभिनयापर्यंत बरेच काही निराशाजनक वाटले; चित्रपट पाहताना वारंवार कंटाळा आला.,Negative
कथेपासून अभिनयापर्यंत सर्व काही आकर्षक वाटले; कथा शेवटपर्यंत पकडून ठेवते.,Positive
हा चित्रपट खरंच अप्रतिम होता. प्रत्येक कलाकाराने आपल्या भूमिकेला योग्य न्याय दिला आहे. कथेची मांडणी अशी आहे की पुढे काय होणार याची उत्सुकता कायम राहते. पुन्हा एकदा बघायला नक्कीच आवडेल.,Positive
"चित्रपट पाहताना चित्रपट पाहताना उत्सुकता कायम राहते, कारण अभिनय खूप दर्जेदार आहे.",Positive
कथेपासून अभिनयापर्यंत सर्व काही हृदयस्पर्शी वाटले; चित्रपट पाहताना उत्सुकता कायम राहते.,Positive
"अपेक्षा खूप होत्या पण चित्रपटाने साफ निराश केलं. विनोदी प्रसंग हास्यास्पद वाटतात, हसू येण्याऐवजी वैताग येतो. गाणी उगाचच घुसवल्यासारखी वाटतात, कथेशी संबंधच नाही. अभिनेत्यांचा अभिनय अगदीच सुमार आणि कृत्रिम वाटला.",Negative
हा चित्रपट फिका वाटतो; कलाकारांच्या कामगिरीत उत्साह जाणवत नाही.,Negative
चांगला नाही असे अंतिम निष्कर्ष काढणे योग्य ठरणार नाही. सुरुवातीला कथा सुंदर आणि आकर्षक वाटते; पण पुढील भाग इतका कंटाळवाणा आहे. शेवटी चित्रपट समाधान देत नाही.,Negative
चित्रपटाने कलाकारांच्या कामगिरीत उत्साह जाणवत नाही आणि संवाद खरोखर अतिशय संथ आहे.,Negative
"सिनेमा सुरु झाल्यापासूनच कंटाळा येऊ लागला. मुख्य कलाकारांच्या भूमिकेत जीव ओतलेला जाणवलाच नाही. क्लायमॅक्स अगदीच अपेक्षित आणि सपक झाला आहे. गाणी उगाचच घुसवल्यासारखी वाटतात, कथेशी संबंधच नाही. मराठी सिनेमाच्या नावाला कमीपणा आणणारा चित्रपट आहे.",Negative
"अगदीच वाईट्ट आहे गड्या हा सिनेमा. विनोदी प्रसंग हास्यास्पद वाटतात, हसू येण्याऐवजी वैताग येतो.",Negative
चित्रपटाने पूर्णपणे निराश केले; शेवट विशेष कृत्रिम आहे.,Negative
हा चित्रपट अपेक्षेपेक्षा कृत्रिम निघाला आणि कथा पुढे सरकत नाही.,Negative
हा चित्रपट अपेक्षेपेक्षा उत्तम निघाला आणि दिग्दर्शकाने विषयाला योग्य न्याय दिला.,Positive
"मस्त सिनेमा आहे, नक्की बघा. कथेची मांडणी अशी आहे की पुढे काय होणार याची उत्सुकता कायम राहते. पटकथा घट्ट बांधलेली असल्यामुळे कुठेही कंटाळा येत नाही. दिग्दर्शकाने प्रत्येक प्रसंग अतिशय सुंदर पद्धतीने मांडला आहे. सर्वांना शिफारस करेन असा हा चित्रपट आहे.",Positive
हा चित्रपट अपेक्षेपेक्षा अंदाजे निघाला आणि वेळ वाया गेल्यासारखे वाटले.,Negative
सुरुवात थोडी कंटाळवाणी आणि संथ आहे; खराब नाही असे एकूण चित्रपटाबद्दल म्हणता येणार नाही. पण शेवटच्या भागात सुरुवातीच्या उणिवा मागे पडतात. चित्रपटाने निराश केले नाही; उलट तो खूप आवडला.,Positive
संपूर्ण चित्रपट कौतुकास्पद आहे आणि पार्श्वसंगीत मुळे अनुभव आणखी सुंदर झाला.,Positive
कंटाळवाणा नाही असे अंतिम निष्कर्ष काढणे योग्य ठरणार नाही. सुरुवात थोडी कंटाळवाणी आणि संथ आहे; तरी पुढे पात्रांचा प्रवास खूप प्रभावी होतो. एकूण परिणाम सकारात्मक आणि समाधान देणारा आहे.,Positive
हा चित्रपट अपेक्षेपेक्षा हृदयस्पर्शी निघाला आणि संगीताने प्रसंगांची परिणामकारकता वाढवली.,Positive
"चित्रपट पाहताना चित्रपटाची लांबी त्रासदायक ठरते, कारण कथा खूप निराशाजनक आहे.",Negative
छायाचित्रण आणि मांडणी दोन्ही कृत्रिम आहेत; त्यामुळे चित्रपट पाहताना वारंवार कंटाळा आला.,Negative
"चित्रपटात छायाचित्रण उत्तम आहे, त्यामुळे प्रत्येक प्रसंग लक्षात राहतो.",Positive
सुरुवात थोडी कंटाळवाणी आणि संथ आहे; निराश केले नाही असे एकूण चित्रपटाबद्दल म्हणता येणार नाही. पण पुढे कथा इतकी सुंदर उलगडते. अखेरीस हा अनुभव अजिबात असमाधानकारक राहत नाही.,Positive
फारसा वाईट नाही असे अंतिम निष्कर्ष काढणे योग्य ठरणार नाही. सुरुवात थोडी कंटाळवाणी आणि संथ आहे; तरी पुढे पात्रांचा प्रवास खूप प्रभावी होतो. म्हणून एकूण चित्रपट अपेक्षेपेक्षा सुंदर वाटतो.,Positive
या वर्षीचा सर्वोत्तम मराठी चित्रपट असं म्हणता येईल. मुख्य कलाकारांनी आपापल्या भूमिका उत्कृष्टपणे साकारल्या आहेत. गाण्यांचे शब्द आणि चाल दोन्ही मनाला भावतात.,Positive
कथेपासून अभिनयापर्यंत सर्व काही उत्कृष्ट वाटले; कलाकारांनी भूमिका जिवंत केल्या आहेत.,Positive
चित्रपटाची छायाचित्रण खूप कंटाळवाणा आहे आणि चित्रपट पाहिल्यानंतर विशेष काही लक्षात राहत नाही.,Negative
हा अनुभव उत्कृष्ट नसून खूप सुमार आहे; चित्रपट पाहताना वारंवार कंटाळा आला.,Negative
अभिनय इतका कमकुवत आहे की चित्रपटाची लांबी त्रासदायक ठरते.,Negative
थिएटरमध्ये अर्ध्यातच झोप येत होती. संगीत काहीच लक्षात राहण्यासारखं नाही. क्लायमॅक्स अगदीच अपेक्षित आणि सपक झाला आहे. पूर्णपणे टाइमपास वाया गेला असं वाटलं.,Negative
कथा अजिबात निराशाजनक नाही आणि सर्व कलाकारांची कामगिरी लक्षात राहते.,Positive
सुरुवातीपासूनच चित्रपट प्रेक्षकांना पकडून ठेवतो. पार्श्वसंगीत प्रसंगांची तीव्रता अजून वाढवतं. संगीत कानाला खूप गोड लागतं आणि गाणी सुद्धा सुरेख आहेत. सर्वांना शिफारस करेन असा हा चित्रपट आहे.,Positive
चित्रपट अजिबात कमकुवत नाही; उलट पार्श्वसंगीत खूप मनमोहक आहे.,Positive
सुरुवातीला कथा सुंदर आणि आकर्षक वाटते; उत्तम नाही असे एकूण चित्रपटाबद्दल म्हणता येणार नाही. पण पुढील भाग इतका कंटाळवाणा आहे. एकूण अनुभव मात्र निराशाजनक आहे.,Negative
सुंदर नाही असे अंतिम निष्कर्ष काढणे योग्य ठरणार नाही. सुरुवातीला कथा सुंदर आणि आकर्षक वाटते; तरी दुसऱ्या अर्ध्यात दिग्दर्शन कमकुवत होते. शेवटामुळे आधीचे चांगले क्षणही फिके पडतात.,Negative
हा चित्रपट नैसर्गिक वाटतो; वेळ कसा गेला कळले नाही.,Positive
चित्रपटातील मुख्य कलाकाराचा अभिनय पाहून कलाकारांनी भूमिका जिवंत केल्या आहेत; एकूण अनुभव दर्जेदार आहे.,Positive
कथा इतका कृत्रिम आहे की अनेक प्रसंग विनाकारण लांबवले आहेत.,Negative
सुरुवातीला कथा सुंदर आणि आकर्षक वाटते; मात्र नंतर कथा इतकी रटाळ होते. एकूण अनुभव मात्र निराशाजनक आहे.,Negative
कथा अजिबात फिका नाही आणि प्रत्येक प्रसंग लक्षात राहतो.,Positive
कथानकमध्ये काहीही कंटाळवाणा वाटत नाही; संवाद खूप रंजक आहे.,Positive
कथामध्ये काहीही उत्कृष्ट वाटत नाही; संवाद खूप अप्रभावी आहे.,Negative
"चित्रपट पाहताना अनेक प्रसंग विनाकारण लांबवले आहेत, कारण संवाद खूप सुमार आहे.",Negative
चित्रपटाची अभिनय खूप अप्रभावी आहे आणि कथानकात नवीनपणा जाणवत नाही.,Negative
चित्रपटातील संगीत पाहून शेवट निराश करतो; एकूण अनुभव अंदाजे आहे.,Negative
कथाचा छायाचित्रण निराशाजनक असून पटकथा शेवटपर्यंत प्रभावी राहत नाही.,Negative
हा चित्रपट निराशाजनक वाटतो; संवाद कृत्रिम वाटतात.,Negative
सुरुवात थोडी कंटाळवाणी आणि संथ आहे; अपेक्षाभंग करणारा नाही असे एकूण चित्रपटाबद्दल म्हणता येणार नाही. मात्र दुसऱ्या अर्ध्यात चित्रपट पूर्णपणे बदलतो. उणिवा असूनही शेवटी चित्रपट मन जिंकून घेतो.,Positive
"क्लासच आहे राव, बघाच एकदा. विनोदी प्रसंग अगदी सहज आणि टाइमिंगसह मांडले आहेत.",Positive
कथानकमध्ये काहीही वाईट वाटत नाही; मांडणी खूप दर्जेदार आहे.,Positive
हा चित्रपट अजिबात बघण्यासारखा नाही. व्हीएफएक्स इतके स्वस्त वाटतात की हसू येतं. सहकलाकारांचा अभिनयही अगदीच सामान्य आहे.,Negative
पार्श्वसंगीत इतका कृत्रिम आहे की कलाकारांच्या कामगिरीत उत्साह जाणवत नाही.,Negative
संवाद आणि कथानक दोन्ही सुंदर आहेत; त्यामुळे शेवट समाधानकारक वाटतो.,Positive
"एवढा भिकार सिनेमा अलीकडे बघितला नव्हता. शेवट इतका घाईघाईत गुंडाळलेला आहे की निराशा होते. कथेत काहीच नावीन्य नाही, सगळं आधीच पाहिलेलं वाटतं. अभिनेत्यांचा अभिनय अगदीच सुमार आणि कृत्रिम वाटला. पुन्हा असा चित्रपट बघण्याची इच्छा नाही.",Negative
सिनेमा सुरुवातीपासून शेवटपर्यंत खिळवून ठेवतो. मुख्य कलाकारांनी आपापल्या भूमिका उत्कृष्टपणे साकारल्या आहेत. अभिनेत्यांचा अभिनय खूपच नैसर्गिक आणि प्रभावी वाटला. मराठी चित्रपटसृष्टीसाठी अभिमानास्पद कलाकृती आहे.,Positive
"निराशाजनक नाही असे अंतिम निष्कर्ष काढणे योग्य ठरणार नाही. सुरुवात थोडी कंटाळवाणी आणि संथ आहे; तरी पुढे पात्रांचा प्रवास खूप प्रभावी होतो. एकूण अनुभव वाईट नाही, उलट समाधानकारक आहे.",Positive
चित्रपटाने कलाकारांनी भूमिका जिवंत केल्या आहेत आणि संगीत खरोखर सुंदर आहे.,Positive
चित्रपटातील मांडणी पाहून दिग्दर्शकाने विषयाला योग्य न्याय दिला; एकूण अनुभव अप्रतिम आहे.,Positive
कथा अजिबात मनमोहक नाही आणि कलाकारांच्या कामगिरीत उत्साह जाणवत नाही.,Negative
आकर्षक नाही असे अंतिम निष्कर्ष काढणे योग्य ठरणार नाही. सुरुवातीला कथा सुंदर आणि आकर्षक वाटते; पण पुढे पटकथा पूर्णपणे गोंधळते. त्यामुळे अंतिम अनुभव अपेक्षाभंग करणारा ठरतो.,Negative
चित्रपटमध्ये काहीही कंटाळवाणा वाटत नाही; पटकथा खूप सुंदर आहे.,Positive
या चित्रपटाची भावनिक सादरीकरण निराश करते आणि चित्रपट पाहताना वारंवार कंटाळा आला.,Negative
हा चित्रपट पुन्हा पाहावासा वाटत नाही कारण मांडणी खूप सुमार आहे.,Negative
"चित्रपटात मांडणी उत्तम आहे, त्यामुळे कथा शेवटपर्यंत पकडून ठेवते.",Positive
सुरुवातीला कथा सुंदर आणि आकर्षक वाटते; यशस्वी नाही असे एकूण चित्रपटाबद्दल म्हणता येणार नाही. पण पुढे पटकथा पूर्णपणे गोंधळते. शेवटामुळे आधीचे चांगले क्षणही फिके पडतात.,Negative
वाईट नाही असे अंतिम निष्कर्ष काढणे योग्य ठरणार नाही. सुरुवात थोडी कंटाळवाणी आणि संथ आहे; पण शेवटच्या भागात सुरुवातीच्या उणिवा मागे पडतात. चित्रपटाने निराश केले नाही; उलट तो खूप आवडला.,Positive
चित्रपटाने पूर्णपणे निराश केले; भावनिक सादरीकरण विशेष निरस आहे.,Negative
चित्रपटाने कलाकारांनी भूमिका जिवंत केल्या आहेत आणि दिग्दर्शन खरोखर सुंदर आहे.,Positive
अभिनय आणि शेवट दोन्ही कंटाळवाणा आहेत; त्यामुळे चित्रपट पाहिल्यानंतर विशेष काही लक्षात राहत नाही.,Negative
खूप वेळाने मराठी चित्रपटसृष्टीत असा दर्जेदार सिनेमा आला. दिग्दर्शनातली बारकाई प्रत्येक दृश्यात जाणवते. असे चित्रपट वारंवार यायला हवेत.,Positive
संगीत आणि शेवट दोन्ही नैसर्गिक आहेत; त्यामुळे शेवट समाधानकारक वाटतो.,Positive
मनाला न पटणारा नाही असे अंतिम निष्कर्ष काढणे योग्य ठरणार नाही. सुरुवात थोडी कंटाळवाणी आणि संथ आहे; तरी पुढे पात्रांचा प्रवास खूप प्रभावी होतो. अखेरीस हा अनुभव अजिबात असमाधानकारक राहत नाही.,Positive
कथा अजिबात उत्कृष्ट नाही आणि चित्रपट पाहताना वारंवार कंटाळा आला.,Negative
चित्रपटातील भावनिक सादरीकरण पाहून शेवट निराश करतो; एकूण अनुभव अंदाजे आहे.,Negative
कथा अजिबात उत्कृष्ट नाही आणि भावनिक प्रसंगांचा परिणाम होत नाही.,Negative
संपूर्ण मांडणीचा कथानक फिका असून कलाकारांच्या कामगिरीत उत्साह जाणवत नाही.,Negative
कथेपासून अभिनयापर्यंत सर्व काही रंजक वाटले; चित्रपटाचा अनुभव मनाला आनंद देतो.,Positive
सुरुवातीपासून शेवटपर्यंत चित्रपट प्रभावी राहतो आणि संगीताने प्रसंगांची परिणामकारकता वाढवली.,Positive
चित्रपटाची कथा खूप फिका आहे आणि शेवट निराश करतो.,Negative
निराशाजनक नाही असे अंतिम निष्कर्ष काढणे योग्य ठरणार नाही. सुरुवात थोडी कंटाळवाणी आणि संथ आहे; मात्र दुसऱ्या अर्ध्यात चित्रपट पूर्णपणे बदलतो. एकूण परिणाम सकारात्मक आणि समाधान देणारा आहे.,Positive
चित्रपटातील अभिनय पाहून भावनिक प्रसंग मनाला स्पर्श करतात; एकूण अनुभव नैसर्गिक आहे.,Positive
सुरुवातीपासून शेवटपर्यंत चित्रपट अप्रतिम राहतो आणि चित्रपटाचा अनुभव मनाला आनंद देतो.,Positive
संपूर्ण चित्रपट अप्रतिम आहे आणि छायाचित्रण मुळे अनुभव आणखी सुंदर झाला.,Positive
अभिनय आणि मांडणी दोन्ही कृत्रिम आहेत; त्यामुळे भावनिक प्रसंगांचा परिणाम होत नाही.,Negative
चित्रपटाची छायाचित्रण खूप नैसर्गिक आहे आणि प्रत्येक प्रसंग लक्षात राहतो.,Positive
"उगाच हाईप केलेला सिनेमा, प्रत्यक्षात काही दम नाही. कथेत इतके लॉजिकल गॅप्स आहेत की डोकं दुखायला लागतं. मुख्य कलाकारांच्या भूमिकेत जीव ओतलेला जाणवलाच नाही. थिएटरमध्ये पैसे खर्च करण्याआधी नक्की विचार करा.",Negative
संपूर्ण मांडणीमध्ये काहीही कंटाळवाणा वाटत नाही; छायाचित्रण खूप कौतुकास्पद आहे.,Positive
सुरुवातीपासून शेवटपर्यंत चित्रपट उत्तम राहतो आणि वेळ कसा गेला कळले नाही.,Positive
या कलाकृतीमध्ये काहीही सुंदर वाटत नाही; संवाद खूप निराशाजनक आहे.,Negative
"दिग्दर्शन कमजोर नाही, उलट ते खूप प्रभावी आहे. कलाकारांचे कामही मनापासून आवडले.",Positive
हा चित्रपट निराशाजनक वाटतो; कथानकात नवीनपणा जाणवत नाही.,Negative
चित्रपटाची कथा खूप अस्ताव्यस्त आहे आणि भावनिक प्रसंगांचा परिणाम होत नाही.,Negative
मुख्य कलाकाराचा अभिनय इतका अप्रभावी आहे की काही दृश्ये अजिबात गरजेची वाटत नाहीत.,Negative
मांडणी इतका कृत्रिम आहे की चित्रपट पाहिल्यानंतर विशेष काही लक्षात राहत नाही.,Negative
"चित्रपट पाहताना भावनिक प्रसंग मनाला स्पर्श करतात, कारण दृश्यरचना खूप उत्तम आहे.",Positive
मराठी प्रेक्षकांची निराशा करणारा चित्रपट आहे हा. शेवट इतका घाईघाईत गुंडाळलेला आहे की निराशा होते. या चित्रपटाला दोन पैकी अर्धा स्टार सुद्धा जास्त आहे.,Negative
संपूर्ण चित्रपट गोंधळलेला आहे आणि मांडणी मुळे अनुभव खराब झाला.,Negative
चित्रपट अजिबात अप्रतिम नाही; उलट अभिनय खूप सुमार आहे.,Negative
हा चित्रपट निरस वाटतो; कलाकारांच्या कामगिरीत उत्साह जाणवत नाही.,Negative
"चित्रपट पाहताना प्रत्येक फ्रेम विचारपूर्वक सादर केली आहे, कारण पटकथा खूप उत्तम आहे.",Positive
चित्रपटाने भावनिक प्रसंग मनाला स्पर्श करतात आणि शेवट खरोखर आकर्षक आहे.,Positive
संपूर्ण चित्रपट नैसर्गिक आहे आणि भावनिक सादरीकरण मुळे अनुभव आणखी सुंदर झाला.,Positive
चित्रपटातील छायाचित्रण पाहून पटकथा शेवटपर्यंत प्रभावी राहत नाही; एकूण अनुभव अप्रभावी आहे.,Negative
कथा इतका कृत्रिम आहे की शेवट निराश करतो.,Negative
"चित्रपटात कथानक उत्तम आहे, त्यामुळे संगीताने प्रसंगांची परिणामकारकता वाढवली.",Positive
संगीत विशेष आवडले नाही आणि गाणी कथेत बसत नाहीत. एकूण अनुभव समाधानकारक वाटत नाही.,Negative
कंटाळवाणा नाही असे अंतिम निष्कर्ष काढणे योग्य ठरणार नाही. सुरुवात थोडी कंटाळवाणी आणि संथ आहे; पण पुढे कथा इतकी सुंदर उलगडते. सुरुवातीच्या उणिवा असूनही हा चित्रपट लक्षात राहतो.,Positive
छायाचित्रण इतका अस्ताव्यस्त आहे की पटकथा शेवटपर्यंत प्रभावी राहत नाही.,Negative
कथेपासून अभिनयापर्यंत बरेच काही कृत्रिम वाटले; अनेक प्रसंग विनाकारण लांबवले आहेत.,Negative
हा अनुभव उत्तम नसून खूप सुमार आहे; अनेक प्रसंग विनाकारण लांबवले आहेत.,Negative
हा चित्रपट अप्रतिम वाटतो; सर्व कलाकारांची कामगिरी लक्षात राहते.,Positive
चित्रपट अजिबात अप्रतिम नाही; उलट मुख्य कलाकाराचा अभिनय खूप कृत्रिम आहे.,Negative
हा चित्रपट सुंदर वाटतो; कुटुंबासोबत पाहण्यासारखा अनुभव मिळतो.,Positive
हा अनुभव मनमोहक नसून खूप निरस आहे; चित्रपट पाहताना वारंवार कंटाळा आला.,Negative
कथा अजिबात अप्रतिम नाही आणि चित्रपटाची लांबी त्रासदायक ठरते.,Negative
चित्रपटातील मुख्य कलाकाराचा अभिनय पाहून प्रत्येक प्रसंग लक्षात राहतो; एकूण अनुभव रंजक आहे.,Positive
भारी आहे यार हा सिनेमा!,Positive
सुरुवातीला कथा सुंदर आणि आकर्षक वाटते; उत्कृष्ट नाही असे एकूण चित्रपटाबद्दल म्हणता येणार नाही. तरी दुसऱ्या अर्ध्यात दिग्दर्शन कमकुवत होते. त्यामुळे अंतिम अनुभव अपेक्षाभंग करणारा ठरतो.,Negative
सिनेमा बघून मन अगदी प्रसन्न झालं. पटकथा घट्ट बांधलेली असल्यामुळे कुठेही कंटाळा येत नाही. संवाद खूप प्रभावी असून थेट मनाला भिडतात.,Positive
चित्रपट अजिबात फिका नाही; उलट विनोदी प्रसंग खूप मनमोहक आहे.,Positive
चित्रपटमध्ये काहीही उत्तम वाटत नाही; संगीत खूप अतिशय संथ आहे.,Negative
इतका रटाळ चित्रपट खूप दिवसांनी पाहिला. अॅक्शन सीन्स अगदीच बनावट आणि कंटाळवाणे वाटतात.,Negative
"चित्रपट पाहताना सर्व कलाकारांची कामगिरी लक्षात राहते, कारण शेवट खूप रंजक आहे.",Positive
"अभिनय निराशाजनक नाही, कलाकारांनी भूमिका छान साकारल्या आहेत. पुन्हा पाहायला देखील आवडेल.",Positive
हा अनुभव कमकुवत नसून खूप उत्कृष्ट आहे; भावनिक प्रसंग मनाला स्पर्श करतात.,Positive
हा चित्रपट कौतुकास्पद वाटतो; चित्रपट पाहून मन प्रसन्न झाले.,Positive
"चित्रपटात पार्श्वसंगीत कमकुवत आहे, त्यामुळे कलाकारांच्या कामगिरीत उत्साह जाणवत नाही.",Negative
चित्रपटातील मुख्य कलाकाराचा अभिनय पाहून शेवट समाधानकारक वाटतो; एकूण अनुभव सुंदर आहे.,Positive
सिनेमा सुरु झाल्यापासूनच कंटाळा येऊ लागला. शेवट इतका घाईघाईत गुंडाळलेला आहे की निराशा होते. अपेक्षा घेऊन गेलात तर नक्कीच निराश व्हाल.,Negative
सुरुवातीला कथा सुंदर आणि आकर्षक वाटते; उत्तम नाही असे एकूण चित्रपटाबद्दल म्हणता येणार नाही. तरी दुसऱ्या अर्ध्यात दिग्दर्शन कमकुवत होते. एकूण चित्रपट सकारात्मक कारणांसाठी लक्षात राहत नाही.,Negative
संपूर्ण चित्रपट कृत्रिम आहे आणि अभिनय मुळे अनुभव खराब झाला.,Negative
संपूर्ण मांडणीमध्ये काहीही निराशाजनक वाटत नाही; पटकथा खूप उत्तम आहे.,Positive
चित्रपटचा भावनिक सादरीकरण अप्रभावी असून कलाकारांच्या कामगिरीत उत्साह जाणवत नाही.,Negative
संपूर्ण चित्रपट नैसर्गिक आहे आणि शेवट मुळे अनुभव आणखी सुंदर झाला.,Positive
"चित्रपटात पार्श्वसंगीत उत्तम आहे, त्यामुळे वेळ कसा गेला कळले नाही.",Positive
संगीत आणि पटकथा दोन्ही अप्रतिम आहेत; त्यामुळे चित्रपट पाहताना उत्सुकता कायम राहते.,Positive
सुरुवातीपासून शेवटपर्यंत चित्रपट दर्जेदार राहतो आणि दिग्दर्शकाने विषयाला योग्य न्याय दिला.,Positive
पूर्ण कुटुंबासोबत बघण्यासारखा सुंदर चित्रपट आहे. अभिनेत्यांचा अभिनय खूपच नैसर्गिक आणि प्रभावी वाटला. दिग्दर्शकाने प्रत्येक प्रसंग अतिशय सुंदर पद्धतीने मांडला आहे.,Positive
"उगाच हाईप केलेला सिनेमा, प्रत्यक्षात काही दम नाही. दिग्दर्शन अगदीच कमकुवत असून प्रसंगांची मांडणी विस्कळीत आहे. पुन्हा असा चित्रपट बघण्याची इच्छा नाही.",Negative
सिनेमागृहातून बाहेर पडताना खूप वैताग आला. अॅक्शन सीन्स अगदीच बनावट आणि कंटाळवाणे वाटतात. शेवट इतका घाईघाईत गुंडाळलेला आहे की निराशा होते.,Negative
भावनिक सादरीकरण आणि दृश्यरचना दोन्ही कंटाळवाणा आहेत; त्यामुळे कथा पुढे सरकत नाही.,Negative
चित्रपट अजिबात वाईट नाही; उलट पटकथा खूप आकर्षक आहे.,Positive
"चित्रपटात छायाचित्रण कमकुवत आहे, त्यामुळे चित्रपट पाहिल्यानंतर विशेष काही लक्षात राहत नाही.",Negative
"सुरुवात थोडी कंटाळवाणी आणि संथ आहे. पण शेवटच्या भागात सुरुवातीच्या उणिवा मागे पडतात, पण शेवट अजिबात खराब नाही, उलट मनाला भिडतो.",Positive
आकर्षक नाही असे अंतिम निष्कर्ष काढणे योग्य ठरणार नाही. सुरुवातीला कथा सुंदर आणि आकर्षक वाटते; मात्र नंतर कथा इतकी रटाळ होते. त्यामुळे हा चित्रपट समाधानकारक म्हणता येत नाही.,Negative
चित्रपटाने काही दृश्ये अजिबात गरजेची वाटत नाहीत आणि कथा खरोखर अप्रभावी आहे.,Negative
सिनेमा सुरु झाल्यापासूनच कंटाळा येऊ लागला. दिग्दर्शन अगदीच कमकुवत असून प्रसंगांची मांडणी विस्कळीत आहे. सहकलाकारांचा अभिनयही अगदीच सामान्य आहे.,Negative
अपेक्षाभंग करणारा नाही असे अंतिम निष्कर्ष काढणे योग्य ठरणार नाही. सुरुवात थोडी कंटाळवाणी आणि संथ आहे; मात्र दुसऱ्या अर्ध्यात चित्रपट पूर्णपणे बदलतो. अखेरीस हा अनुभव अजिबात असमाधानकारक राहत नाही.,Positive
असमाधानकारक नाही असे अंतिम निष्कर्ष काढणे योग्य ठरणार नाही. सुरुवात थोडी कंटाळवाणी आणि संथ आहे; पण पुढे कथा इतकी सुंदर उलगडते. सुरुवातीच्या उणिवा असूनही हा चित्रपट लक्षात राहतो.,Positive
पैसे वाया गेले असं वाटलं सिनेमा बघून. काही कलाकारांची निवडच चुकीची वाटते. संगीत काहीच लक्षात राहण्यासारखं नाही. भावनिक प्रसंगांमध्ये सुद्धा काहीच परिणाम जाणवत नाही. वेळ असेल तरी बघू नका असा सल्ला देईन.,Negative
संपूर्ण चित्रपट गोंधळलेला आहे आणि दृश्यरचना मुळे अनुभव खराब झाला.,Negative
चित्रपटातील मुख्य कलाकाराचा अभिनय पाहून वेळ वाया गेल्यासारखे वाटले; एकूण अनुभव निरस आहे.,Negative
चित्रपटाने पूर्णपणे निराश केले; मांडणी विशेष कृत्रिम आहे.,Negative
फारसा वाईट नाही असे अंतिम निष्कर्ष काढणे योग्य ठरणार नाही. सुरुवात थोडी कंटाळवाणी आणि संथ आहे; तरी पुढे पात्रांचा प्रवास खूप प्रभावी होतो. त्यामुळे चित्रपट पाहिल्याचा निर्णय योग्य वाटतो.,Positive
सुरुवातीपासून शेवटपर्यंत चित्रपट कमकुवत राहतो आणि कथा पुढे सरकत नाही.,Negative
पटकथा विस्कळीत नाही आणि कथानक सहज समजते. हा अनुभव नक्कीच समाधानकारक वाटतो.,Positive
चित्रपट अजिबात मनोरंजक नाही आणि वेळ वाया गेल्यासारखे वाटले. त्यामुळे एकूण अनुभव निराशाजनक झाला.,Negative
या कलाकृतीचा अभिनय प्रभावी असून चित्रपट पाहताना उत्सुकता कायम राहते.,Positive
सुरुवातीपासून शेवटपर्यंत चित्रपट कृत्रिम राहतो आणि काही दृश्ये अजिबात गरजेची वाटत नाहीत.,Negative
हा चित्रपट अपेक्षेपेक्षा अप्रभावी निघाला आणि अनेक प्रसंग विनाकारण लांबवले आहेत.,Negative
या चित्रपटाची पार्श्वसंगीत निराश करते आणि अनेक प्रसंग विनाकारण लांबवले आहेत.,Negative
हा अनुभव अप्रतिम नसून खूप निराशाजनक आहे; संवाद कृत्रिम वाटतात.,Negative
"सिनेमा सुरु झाल्यापासूनच कंटाळा येऊ लागला. संगीत काहीच लक्षात राहण्यासारखं नाही. विनोदी प्रसंग हास्यास्पद वाटतात, हसू येण्याऐवजी वैताग येतो.",Negative
कथानकमध्ये काहीही निरस वाटत नाही; दिग्दर्शन खूप रंजक आहे.,Positive
दृश्यरचना आणि मांडणी दोन्ही अस्ताव्यस्त आहेत; त्यामुळे वेळ वाया गेल्यासारखे वाटले.,Negative
"मस्त सिनेमा आहे, नक्की बघा. छायाचित्रण अप्रतिम आहे, प्रत्येक फ्रेम एखाद्या चित्रासारखी वाटते.",Positive
सुरुवातीला कथा सुंदर आणि आकर्षक वाटते; चांगला नाही असे एकूण चित्रपटाबद्दल म्हणता येणार नाही. मात्र नंतर कथा इतकी रटाळ होते. म्हणून चांगल्या सुरुवातीचा फारसा उपयोग होत नाही.,Negative
चित्रपट अजिबात कंटाळवाणा नाही; उलट दृश्यरचना खूप कौतुकास्पद आहे.,Positive
"सुरुवात थोडी कंटाळवाणी आणि संथ आहे; वाईट नाही असे एकूण चित्रपटाबद्दल म्हणता येणार नाही. पण पुढे कथा इतकी सुंदर उलगडते. शेवट अजिबात खराब नाही, उलट मनाला भिडतो.",Positive
सुरुवातीला कथा सुंदर आणि आकर्षक वाटते; आकर्षक नाही असे एकूण चित्रपटाबद्दल म्हणता येणार नाही. पण पुढे पटकथा पूर्णपणे गोंधळते. शेवटामुळे आधीचे चांगले क्षणही फिके पडतात.,Negative
हा चित्रपट अंदाजे वाटतो; कलाकारांच्या कामगिरीत उत्साह जाणवत नाही.,Negative
हा अनुभव अप्रभावी नसून खूप अप्रतिम आहे; वेळ कसा गेला कळले नाही.,Positive
थिएटरमध्ये अर्ध्यातच झोप येत होती. पटकथा खूपच विस्कळीत असल्यामुळे कथा नीट समजतच नाही. दिग्दर्शकाला नेमकं काय दाखवायचं आहे हेच कळत नाही.,Negative
चित्रपटाने कलाकारांच्या कामगिरीत उत्साह जाणवत नाही आणि संगीत खरोखर अप्रभावी आहे.,Negative
पटकथा आणि पार्श्वसंगीत दोन्ही अस्ताव्यस्त आहेत; त्यामुळे काही दृश्ये अजिबात गरजेची वाटत नाहीत.,Negative
चित्रपटाने चित्रपट पाहिल्यानंतर विशेष काही लक्षात राहत नाही आणि कथानक खरोखर कृत्रिम आहे.,Negative
सिनेमागृहातून बाहेर पडताना चेहऱ्यावर हसू होतं. कथा अगदी वेगळी आणि विचार करायला लावणारी आहे.,Positive
या चित्रपटाची अभिनय मनाला भिडते आणि चित्रपटाचा अनुभव मनाला आनंद देतो.,Positive
प्रभावी नाही असे अंतिम निष्कर्ष काढणे योग्य ठरणार नाही. सुरुवातीला कथा सुंदर आणि आकर्षक वाटते; पण पुढील भाग इतका कंटाळवाणा आहे. शेवटी चित्रपट समाधान देत नाही.,Negative
चित्रपटाची कथानक खूप अप्रभावी आहे आणि चित्रपटाची लांबी त्रासदायक ठरते.,Negative
कथा अजिबात मनमोहक नाही आणि शेवट निराश करतो.,Negative
"फुकट गेला वेळ यार पूर्ण. कथेत काहीच नावीन्य नाही, सगळं आधीच पाहिलेलं वाटतं.",Negative
कथाचा शेवट अप्रभावी असून काही दृश्ये अजिबात गरजेची वाटत नाहीत.,Negative
मित्रांच्या सांगण्यावरून गेलो पण खूप पश्चाताप झाला. पार्श्वसंगीत उगाचच मोठ्या आवाजात आणि त्रासदायक वाटतं. थिएटरमध्ये पैसे खर्च करण्याआधी नक्की विचार करा.,Negative
सुरुवातीला कथा सुंदर आणि आकर्षक वाटते; आकर्षक नाही असे एकूण चित्रपटाबद्दल म्हणता येणार नाही. पण पुढे पटकथा पूर्णपणे गोंधळते. शेवटी चित्रपट समाधान देत नाही.,Negative
चित्रपटाने सर्व कलाकारांची कामगिरी लक्षात राहते आणि पटकथा खरोखर अप्रतिम आहे.,Positive
चित्रपटाची मुख्य कलाकाराचा अभिनय खूप मनमोहक आहे आणि वेळ कसा गेला कळले नाही.,Positive
कमकुवत नाही असे अंतिम निष्कर्ष काढणे योग्य ठरणार नाही. सुरुवात थोडी कंटाळवाणी आणि संथ आहे; मात्र दुसऱ्या अर्ध्यात चित्रपट पूर्णपणे बदलतो. अखेरीस हा अनुभव अजिबात असमाधानकारक राहत नाही.,Positive
"सिनेमा सुरु झाल्यापासूनच कंटाळा येऊ लागला. गाणी उगाचच घुसवल्यासारखी वाटतात, कथेशी संबंधच नाही. छायाचित्रण अगदीच सामान्य दर्जाचं आहे. वेळ असेल तरी बघू नका असा सल्ला देईन.",Negative
मराठी प्रेक्षकांची निराशा करणारा चित्रपट आहे हा. संगीत काहीच लक्षात राहण्यासारखं नाही. या चित्रपटाला दोन पैकी अर्धा स्टार सुद्धा जास्त आहे.,Negative
हा चित्रपट खरंच अप्रतिम होता. अभिनेत्यांचा अभिनय खूपच नैसर्गिक आणि प्रभावी वाटला.,Positive
"चित्रपटात अभिनय उत्तम आहे, त्यामुळे कुटुंबासोबत पाहण्यासारखा अनुभव मिळतो.",Positive
चित्रपटाने चित्रपट पाहून मन प्रसन्न झाले आणि अभिनय खरोखर उत्तम आहे.,Positive
हा अनुभव सुंदर नसून खूप गोंधळलेला आहे; कथा पुढे सरकत नाही.,Negative
कथा इतका निरस आहे की चित्रपटाची लांबी त्रासदायक ठरते.,Negative
कथेपासून अभिनयापर्यंत बरेच काही कृत्रिम वाटले; भावनिक प्रसंगांचा परिणाम होत नाही.,Negative
हा अनुभव रंजक नसून खूप अप्रभावी आहे; कथानकात नवीनपणा जाणवत नाही.,Negative
सुरुवात थोडी कंटाळवाणी आणि संथ आहे; कंटाळवाणा नाही असे एकूण चित्रपटाबद्दल म्हणता येणार नाही. पण पुढे कथा इतकी सुंदर उलगडते. एकूण परिणाम सकारात्मक आणि समाधान देणारा आहे.,Positive
चित्रपटातील पटकथा पाहून चित्रपटाची लांबी त्रासदायक ठरते; एकूण अनुभव निरस आहे.,Negative
सुरुवातीला कथा सुंदर आणि आकर्षक वाटते; चांगला नाही असे एकूण चित्रपटाबद्दल म्हणता येणार नाही. तरी दुसऱ्या अर्ध्यात दिग्दर्शन कमकुवत होते. त्यामुळे सुंदर क्षण असूनही चित्रपट आवडत नाही.,Negative
अपेक्षा खूप होत्या पण चित्रपटाने साफ निराश केलं. काही कलाकारांची निवडच चुकीची वाटते.,Negative
चित्रपटचा मुख्य कलाकाराचा अभिनय अस्ताव्यस्त असून चित्रपट पाहताना वारंवार कंटाळा आला.,Negative
चित्रपटाने अजिबात निराश केले नाही; मांडणी विशेष दर्जेदार आहे.,Positive
निराशाजनक नाही असे अंतिम निष्कर्ष काढणे योग्य ठरणार नाही. सुरुवात थोडी कंटाळवाणी आणि संथ आहे; पण पुढे कथा इतकी सुंदर उलगडते. चित्रपटाने निराश केले नाही; उलट तो खूप आवडला.,Positive
चित्रपट अजिबात प्रभावी नाही; उलट संवाद खूप निराशाजनक आहे.,Negative
कथा अजिबात निरस नाही आणि चित्रपटाचा अनुभव मनाला आनंद देतो.,Positive
मराठी प्रेक्षकांची निराशा करणारा चित्रपट आहे हा. संवाद खूपच सुमार आणि ओढून ताणून लिहिलेले वाटतात. भावनिक प्रसंगांमध्ये सुद्धा काहीच परिणाम जाणवत नाही. क्लायमॅक्स अगदीच अपेक्षित आणि सपक झाला आहे. मराठी सिनेमाच्या नावाला कमीपणा आणणारा चित्रपट आहे.,Negative
कथा अजिबात अप्रभावी नाही आणि चित्रपटाचा अनुभव मनाला आनंद देतो.,Positive
"हा सिनेमा अपेक्षेपेक्षा वाईट नाही, तो नक्कीच पाहण्यासारखा आहे. पुन्हा पाहायला देखील आवडेल.",Positive
कथेपासून अभिनयापर्यंत सर्व काही उत्तम वाटले; कथा शेवटपर्यंत पकडून ठेवते.,Positive
"मित्रांच्या सांगण्यावरून गेलो पण खूप पश्चाताप झाला. विनोदी प्रसंग हास्यास्पद वाटतात, हसू येण्याऐवजी वैताग येतो. मराठी सिनेमाच्या नावाला कमीपणा आणणारा चित्रपट आहे.",Negative
हा अनुभव उत्तम नसून खूप निराशाजनक आहे; पटकथा शेवटपर्यंत प्रभावी राहत नाही.,Negative
चित्रपटातील मुख्य कलाकाराचा अभिनय पाहून वेळ वाया गेल्यासारखे वाटले; एकूण अनुभव अंदाजे आहे.,Negative
पार्श्वसंगीत आणि विनोदी प्रसंग दोन्ही अतिशय संथ आहेत; त्यामुळे दिग्दर्शनाने विषयाला योग्य न्याय दिला नाही.,Negative
चित्रपटातील मुख्य कलाकाराचा अभिनय पाहून शेवट निराश करतो; एकूण अनुभव गोंधळलेला आहे.,Negative
हा चित्रपट अपेक्षेपेक्षा फिका निघाला आणि वेळ वाया गेल्यासारखे वाटले.,Negative
चित्रपट अजिबात फिका नाही; उलट अभिनय खूप सुंदर आहे.,Positive
सुरुवातीला कथा सुंदर आणि आकर्षक वाटते; उत्तम नाही असे एकूण चित्रपटाबद्दल म्हणता येणार नाही. मात्र नंतर कथा इतकी रटाळ होते. एकूण अनुभव मात्र निराशाजनक आहे.,Negative
हा चित्रपट उत्कृष्ट वाटतो; भावनिक प्रसंग मनाला स्पर्श करतात.,Positive
अशा चित्रपटांमुळे मराठी सिनेमाची बदनामी होते. शेवट इतका घाईघाईत गुंडाळलेला आहे की निराशा होते. काही कलाकारांची निवडच चुकीची वाटते. कथेत इतके लॉजिकल गॅप्स आहेत की डोकं दुखायला लागतं. थिएटरमध्ये पैसे खर्च करण्याआधी नक्की विचार करा.,Negative
कथेपासून अभिनयापर्यंत सर्व काही मनमोहक वाटले; चित्रपट पाहताना उत्सुकता कायम राहते.,Positive
"चित्रपट पाहताना संगीताने प्रसंगांची परिणामकारकता वाढवली, कारण अभिनय खूप सुंदर आहे.",Positive
हा चित्रपट अपेक्षेपेक्षा अप्रतिम निघाला आणि शेवट समाधानकारक वाटतो.,Positive
"चित्रपट पाहताना चित्रपटाची लांबी त्रासदायक ठरते, कारण भावनिक सादरीकरण खूप कंटाळवाणा आहे.",Negative
"अशा चित्रपटांमुळे मराठी सिनेमाची बदनामी होते. कथेत काहीच नावीन्य नाही, सगळं आधीच पाहिलेलं वाटतं.",Negative
चित्रपटातील भावनिक सादरीकरण पाहून कुटुंबासोबत पाहण्यासारखा अनुभव मिळतो; एकूण अनुभव प्रभावी आहे.,Positive
चित्रपटाची दृश्यरचना खूप अतिशय संथ आहे आणि दिग्दर्शनाने विषयाला योग्य न्याय दिला नाही.,Negative
"चित्रपट पाहताना प्रत्येक फ्रेम विचारपूर्वक सादर केली आहे, कारण भावनिक सादरीकरण खूप दर्जेदार आहे.",Positive
हा चित्रपट अपेक्षेपेक्षा कृत्रिम निघाला आणि चित्रपट पाहिल्यानंतर विशेष काही लक्षात राहत नाही.,Negative
चित्रपटातील विनोदी प्रसंग पाहून कलाकारांनी भूमिका जिवंत केल्या आहेत; एकूण अनुभव हृदयस्पर्शी आहे.,Positive
आकर्षक नाही असे अंतिम निष्कर्ष काढणे योग्य ठरणार नाही. सुरुवातीला कथा सुंदर आणि आकर्षक वाटते; तरी दुसऱ्या अर्ध्यात दिग्दर्शन कमकुवत होते. त्यामुळे अंतिम अनुभव अपेक्षाभंग करणारा ठरतो.,Negative
कथानकमध्ये काहीही दर्जेदार वाटत नाही; पटकथा खूप कमकुवत आहे.,Negative
सुरुवातीपासून शेवटपर्यंत चित्रपट कमकुवत राहतो आणि कलाकारांच्या कामगिरीत उत्साह जाणवत नाही.,Negative
यशस्वी नाही असे अंतिम निष्कर्ष काढणे योग्य ठरणार नाही. सुरुवातीला कथा सुंदर आणि आकर्षक वाटते; तरी दुसऱ्या अर्ध्यात दिग्दर्शन कमकुवत होते. त्यामुळे अंतिम अनुभव अपेक्षाभंग करणारा ठरतो.,Negative
या चित्रपटाची कथा मनाला भिडते आणि शेवट समाधानकारक वाटतो.,Positive
हा चित्रपट अपेक्षेपेक्षा उत्कृष्ट निघाला आणि सर्व कलाकारांची कामगिरी लक्षात राहते.,Positive
या कलाकृतीमध्ये काहीही अप्रभावी वाटत नाही; पार्श्वसंगीत खूप मनमोहक आहे.,Positive
सुरुवातीला कथा सुंदर आणि आकर्षक वाटते; उत्कृष्ट नाही असे एकूण चित्रपटाबद्दल म्हणता येणार नाही. तरी दुसऱ्या अर्ध्यात दिग्दर्शन कमकुवत होते. एकूण अनुभव मात्र निराशाजनक आहे.,Negative
"चित्रपटात छायाचित्रण उत्तम आहे, त्यामुळे चित्रपटाचा अनुभव मनाला आनंद देतो.",Positive
"अभिनय उत्कृष्ट वाटला नाही, कलाकारांची कामगिरी निराशाजनक आहे. त्यामुळे पुन्हा पाहण्याची इच्छा होत नाही.",Negative
चित्रपटाने अजिबात निराश केले नाही; संवाद विशेष नैसर्गिक आहे.,Positive
कथामध्ये काहीही अप्रभावी वाटत नाही; दिग्दर्शन खूप रंजक आहे.,Positive
हा अनुभव दर्जेदार नसून खूप कृत्रिम आहे; अनेक प्रसंग विनाकारण लांबवले आहेत.,Negative
सुरुवातीला कथा सुंदर आणि आकर्षक वाटते; प्रभावी नाही असे एकूण चित्रपटाबद्दल म्हणता येणार नाही. पण पुढे पटकथा पूर्णपणे गोंधळते. एकूण परिणाम वाईट आणि असमाधानकारक राहतो.,Negative
संपूर्ण मांडणीमध्ये काहीही दर्जेदार वाटत नाही; शेवट खूप कृत्रिम आहे.,Negative
"सुरुवातीला कथा सुंदर आणि आकर्षक वाटते. मात्र नंतर कथा इतकी रटाळ होते, पण त्यामुळे अंतिम अनुभव अपेक्षाभंग करणारा ठरतो.",Negative
मांडणी इतका अप्रतिम आहे की वेळ कसा गेला कळले नाही.,Positive
पूर्ण कुटुंबासोबत बघण्यासारखा सुंदर चित्रपट आहे. शेवट अगदी समाधानकारक आणि हृदयस्पर्शी झाला आहे. दिग्दर्शनातली बारकाई प्रत्येक दृश्यात जाणवते.,Positive
कथा अजिबात सुंदर नाही आणि काही दृश्ये अजिबात गरजेची वाटत नाहीत.,Negative
चित्रपट अजिबात वाईट नाही; उलट मांडणी खूप अप्रतिम आहे.,Positive
चित्रपटाने चित्रपटाचा अनुभव मनाला आनंद देतो आणि कथानक खरोखर रंजक आहे.,Positive
अपेक्षाभंग करणारा नाही असे अंतिम निष्कर्ष काढणे योग्य ठरणार नाही. सुरुवात थोडी कंटाळवाणी आणि संथ आहे; तरी पुढे पात्रांचा प्रवास खूप प्रभावी होतो. एकूण परिणाम सकारात्मक आणि समाधान देणारा आहे.,Positive
संवाद आणि विनोदी प्रसंग दोन्ही उत्तम आहेत; त्यामुळे प्रत्येक फ्रेम विचारपूर्वक सादर केली आहे.,Positive
विनोदी प्रसंग आणि शेवट दोन्ही प्रभावी आहेत; त्यामुळे प्रत्येक फ्रेम विचारपूर्वक सादर केली आहे.,Positive
थिएटरमध्ये अर्ध्यातच झोप येत होती. व्हीएफएक्स इतके स्वस्त वाटतात की हसू येतं. अभिनेत्यांचा अभिनय अगदीच सुमार आणि कृत्रिम वाटला. काही कलाकारांची निवडच चुकीची वाटते.,Negative
अभिनय नैसर्गिक वाटला नाही आणि संवादही प्रभावी नाहीत. त्यामुळे पुन्हा पाहण्याची इच्छा होत नाही.,Negative
चित्रपटातील मुख्य कलाकाराचा अभिनय पाहून चित्रपट पाहताना वारंवार कंटाळा आला; एकूण अनुभव अप्रभावी आहे.,Negative
उत्तम नाही असे अंतिम निष्कर्ष काढणे योग्य ठरणार नाही. सुरुवातीला कथा सुंदर आणि आकर्षक वाटते; पण पुढे पटकथा पूर्णपणे गोंधळते. शेवटामुळे आधीचे चांगले क्षणही फिके पडतात.,Negative
"चित्रपटात संगीत कमकुवत आहे, त्यामुळे चित्रपट पाहिल्यानंतर विशेष काही लक्षात राहत नाही.",Negative
एकदम झकास सिनेमा आहे भाऊ! दिग्दर्शकाने प्रत्येक प्रसंग अतिशय सुंदर पद्धतीने मांडला आहे.,Positive
या चित्रपटाची पटकथा निराश करते आणि भावनिक प्रसंगांचा परिणाम होत नाही.,Negative
वेळेचा आणि पैशांचा पूर्ण अपव्यय झाला. पटकथा खूपच विस्कळीत असल्यामुळे कथा नीट समजतच नाही. संवाद खूपच सुमार आणि ओढून ताणून लिहिलेले वाटतात. अॅक्शन सीन्स अगदीच बनावट आणि कंटाळवाणे वाटतात.,Negative
खराब नाही असे अंतिम निष्कर्ष काढणे योग्य ठरणार नाही. सुरुवात थोडी कंटाळवाणी आणि संथ आहे; पण पुढे कथा इतकी सुंदर उलगडते. अखेरीस हा अनुभव अजिबात असमाधानकारक राहत नाही.,Positive
चित्रपटाने शेवट निराश करतो आणि छायाचित्रण खरोखर सुमार आहे.,Negative
संपूर्ण मांडणीचा संगीत दर्जेदार असून चित्रपट पाहताना उत्सुकता कायम राहते.,Positive
चित्रपटाने पूर्णपणे निराश केले; पार्श्वसंगीत विशेष फिका आहे.,Negative
संपूर्ण मांडणीचा विनोदी प्रसंग सुमार असून कथानकात नवीनपणा जाणवत नाही.,Negative
हा चित्रपट आकर्षक वाटतो; संगीताने प्रसंगांची परिणामकारकता वाढवली.,Positive
कथेपासून अभिनयापर्यंत बरेच काही अतिशय संथ वाटले; चित्रपट पाहताना वारंवार कंटाळा आला.,Negative
खरंच अशा चित्रपटांची गरज आहे मराठी सृष्टीला. मुख्य कलाकारांनी आपापल्या भूमिका उत्कृष्टपणे साकारल्या आहेत. प्रत्येक कलाकाराने आपल्या भूमिकेला योग्य न्याय दिला आहे. संगीत कानाला खूप गोड लागतं आणि गाणी सुद्धा सुरेख आहेत. थिएटरमध्ये जाऊन नक्की एन्जॉय करा.,Positive
सुरुवात थोडी कंटाळवाणी आणि संथ आहे; वाईट नाही असे एकूण चित्रपटाबद्दल म्हणता येणार नाही. पण पुढे कथा इतकी सुंदर उलगडते. एकूण परिणाम सकारात्मक आणि समाधान देणारा आहे.,Positive
"निराश केले नाही असे अंतिम निष्कर्ष काढणे योग्य ठरणार नाही. सुरुवात थोडी कंटाळवाणी आणि संथ आहे; तरी पुढे पात्रांचा प्रवास खूप प्रभावी होतो. शेवट अजिबात खराब नाही, उलट मनाला भिडतो.",Positive
"चित्रपट पाहताना कलाकारांच्या कामगिरीत उत्साह जाणवत नाही, कारण भावनिक सादरीकरण खूप फिका आहे.",Negative
चित्रपटाने संगीताने प्रसंगांची परिणामकारकता वाढवली आणि मांडणी खरोखर आकर्षक आहे.,Positive
विनोदी प्रसंग इतका सुमार आहे की कथा पुढे सरकत नाही.,Negative
दृश्यरचना आणि छायाचित्रण दोन्ही अंदाजे आहेत; त्यामुळे वेळ वाया गेल्यासारखे वाटले.,Negative
निराश केले नाही असे अंतिम निष्कर्ष काढणे योग्य ठरणार नाही. सुरुवात थोडी कंटाळवाणी आणि संथ आहे; मात्र दुसऱ्या अर्ध्यात चित्रपट पूर्णपणे बदलतो. सुरुवातीच्या उणिवा असूनही हा चित्रपट लक्षात राहतो.,Positive
हा चित्रपट कंटाळवाणा वाटतो; वेळ वाया गेल्यासारखे वाटले.,Negative
हा चित्रपट अपेक्षेपेक्षा मनमोहक निघाला आणि शेवट समाधानकारक वाटतो.,Positive
सिनेमागृहातून बाहेर पडताना खूप वैताग आला. दिग्दर्शन अगदीच कमकुवत असून प्रसंगांची मांडणी विस्कळीत आहे.,Negative
सुंदर नाही असे अंतिम निष्कर्ष काढणे योग्य ठरणार नाही. सुरुवातीला कथा सुंदर आणि आकर्षक वाटते; तरी दुसऱ्या अर्ध्यात दिग्दर्शन कमकुवत होते. शेवटी चित्रपट समाधान देत नाही.,Negative
चित्रपटचा पार्श्वसंगीत कमकुवत असून चित्रपट पाहताना वारंवार कंटाळा आला.,Negative
चित्रपट अजिबात रंजक नाही; उलट छायाचित्रण खूप अस्ताव्यस्त आहे.,Negative
दिग्दर्शन प्रभावी नाही आणि कलाकारांना योग्य वाव मिळाला नाही. त्यामुळे पुन्हा पाहण्याची इच्छा होत नाही.,Negative
सुरुवातीपासून शेवटपर्यंत चित्रपट उत्तम राहतो आणि चित्रपट पाहून मन प्रसन्न झाले.,Positive
खराब नाही असे अंतिम निष्कर्ष काढणे योग्य ठरणार नाही. सुरुवात थोडी कंटाळवाणी आणि संथ आहे; तरी पुढे पात्रांचा प्रवास खूप प्रभावी होतो. उणिवा असूनही शेवटी चित्रपट मन जिंकून घेतो.,Positive
कथाचा दृश्यरचना सुमार असून चित्रपटाची लांबी त्रासदायक ठरते.,Negative
कथानकचा विनोदी प्रसंग अतिशय संथ असून चित्रपटाची लांबी त्रासदायक ठरते.,Negative
शेवट इतका उत्कृष्ट आहे की दिग्दर्शकाने विषयाला योग्य न्याय दिला.,Positive
"एवढा भिकार सिनेमा अलीकडे बघितला नव्हता. क्लायमॅक्स अगदीच अपेक्षित आणि सपक झाला आहे. गाणी उगाचच घुसवल्यासारखी वाटतात, कथेशी संबंधच नाही. मुख्य कलाकारांच्या भूमिकेत जीव ओतलेला जाणवलाच नाही. थिएटरमध्ये पैसे खर्च करण्याआधी नक्की विचार करा.",Negative
मराठी प्रेक्षकांची निराशा करणारा चित्रपट आहे हा. शेवट इतका घाईघाईत गुंडाळलेला आहे की निराशा होते. संवाद खूपच सुमार आणि ओढून ताणून लिहिलेले वाटतात. मराठी सिनेमाच्या नावाला कमीपणा आणणारा चित्रपट आहे.,Negative
सुरुवातीला कथा सुंदर आणि आकर्षक वाटते; यशस्वी नाही असे एकूण चित्रपटाबद्दल म्हणता येणार नाही. पण पुढे पटकथा पूर्णपणे गोंधळते. अखेरीस एकूण परिणाम कमकुवत ठरतो.,Negative
मनाला भिडणारा नाही असे अंतिम निष्कर्ष काढणे योग्य ठरणार नाही. सुरुवातीला कथा सुंदर आणि आकर्षक वाटते; पण पुढे पटकथा पूर्णपणे गोंधळते. शेवटी चित्रपट समाधान देत नाही.,Negative
कथाचा दृश्यरचना हृदयस्पर्शी असून प्रत्येक फ्रेम विचारपूर्वक सादर केली आहे.,Positive
हा चित्रपट पुन्हा पाहावासा वाटतो कारण भावनिक सादरीकरण खूप नैसर्गिक आहे.,Positive
अपेक्षाभंग करणारा नाही असे अंतिम निष्कर्ष काढणे योग्य ठरणार नाही. सुरुवात थोडी कंटाळवाणी आणि संथ आहे; पण पुढे कथा इतकी सुंदर उलगडते. अखेरीस हा अनुभव अजिबात असमाधानकारक राहत नाही.,Positive
चित्रपटाने चित्रपट पाहताना वारंवार कंटाळा आला आणि संगीत खरोखर कमकुवत आहे.,Negative
सुरुवात थोडी कंटाळवाणी आणि संथ आहे; कंटाळवाणा नाही असे एकूण चित्रपटाबद्दल म्हणता येणार नाही. तरी पुढे पात्रांचा प्रवास खूप प्रभावी होतो. सुरुवातीच्या उणिवा असूनही हा चित्रपट लक्षात राहतो.,Positive
या चित्रपटाची मुख्य कलाकाराचा अभिनय मनाला भिडते आणि कथा शेवटपर्यंत पकडून ठेवते.,Positive
हा अनुभव उत्कृष्ट नसून खूप अप्रभावी आहे; चित्रपट पाहिल्यानंतर विशेष काही लक्षात राहत नाही.,Negative
"अपेक्षा खूप होत्या पण चित्रपटाने साफ निराश केलं. कथेत काहीच नावीन्य नाही, सगळं आधीच पाहिलेलं वाटतं.",Negative
चित्रपटाने सर्व कलाकारांची कामगिरी लक्षात राहते आणि कथानक खरोखर मनमोहक आहे.,Positive
काहीच खास नव्हतं या चित्रपटात. अॅक्शन सीन्स अगदीच बनावट आणि कंटाळवाणे वाटतात. व्हीएफएक्स इतके स्वस्त वाटतात की हसू येतं. कथेत इतके लॉजिकल गॅप्स आहेत की डोकं दुखायला लागतं.,Negative
सुरुवातीपासून शेवटपर्यंत चित्रपट कमकुवत राहतो आणि दिग्दर्शनाने विषयाला योग्य न्याय दिला नाही.,Negative
चित्रपटातील मांडणी पाहून कथानकात नवीनपणा जाणवत नाही; एकूण अनुभव अप्रभावी आहे.,Negative
अशा चित्रपटांमुळे मराठी सिनेमाची बदनामी होते. पटकथा खूपच विस्कळीत असल्यामुळे कथा नीट समजतच नाही. छायाचित्रण अगदीच सामान्य दर्जाचं आहे. थिएटरमध्ये पैसे खर्च करण्याआधी नक्की विचार करा.,Negative
चित्रपटाने अजिबात निराश केले नाही; कथा विशेष दर्जेदार आहे.,Positive
हा चित्रपट कमकुवत वाटतो; पटकथा शेवटपर्यंत प्रभावी राहत नाही.,Negative
"सिनेमा सुरु झाल्यापासूनच कंटाळा येऊ लागला. गाणी उगाचच घुसवल्यासारखी वाटतात, कथेशी संबंधच नाही. व्हीएफएक्स इतके स्वस्त वाटतात की हसू येतं. पुन्हा असा चित्रपट बघण्याची इच्छा नाही.",Negative
"चित्रपट पाहताना संगीताने प्रसंगांची परिणामकारकता वाढवली, कारण विनोदी प्रसंग खूप आकर्षक आहे.",Positive
पूर्ण चित्रपटभर काहीच लॉजिक सापडलं नाही. दिग्दर्शकाला नेमकं काय दाखवायचं आहे हेच कळत नाही.,Negative
पूर्ण चित्रपटभर काहीच लॉजिक सापडलं नाही. दिग्दर्शन अगदीच कमकुवत असून प्रसंगांची मांडणी विस्कळीत आहे. संगीत काहीच लक्षात राहण्यासारखं नाही.,Negative
सुरुवातीला कथा सुंदर आणि आकर्षक वाटते; आशादायक नाही असे एकूण चित्रपटाबद्दल म्हणता येणार नाही. पण पुढे पटकथा पूर्णपणे गोंधळते. एकूण अनुभव मात्र निराशाजनक आहे.,Negative
चित्रपट अजिबात निरर्थक नाही; त्यात चांगला संदेश आहे. हा अनुभव नक्कीच समाधानकारक वाटतो.,Positive
कमकुवत नाही असे अंतिम निष्कर्ष काढणे योग्य ठरणार नाही. सुरुवात थोडी कंटाळवाणी आणि संथ आहे; पण पुढे कथा इतकी सुंदर उलगडते. एकूण परिणाम सकारात्मक आणि समाधान देणारा आहे.,Positive
चित्रपटाची दिग्दर्शन खूप उत्तम आहे आणि कलाकारांनी भूमिका जिवंत केल्या आहेत.,Positive
कथाचा दृश्यरचना प्रभावी असून दिग्दर्शकाने विषयाला योग्य न्याय दिला.,Positive
सुरुवात थोडी कंटाळवाणी आणि संथ आहे; निराशाजनक नाही असे एकूण चित्रपटाबद्दल म्हणता येणार नाही. पण शेवटच्या भागात सुरुवातीच्या उणिवा मागे पडतात. चित्रपटाने निराश केले नाही; उलट तो खूप आवडला.,Positive
चित्रपटाने कथा शेवटपर्यंत पकडून ठेवते आणि मुख्य कलाकाराचा अभिनय खरोखर अप्रतिम आहे.,Positive
चित्रपट अजिबात निराशाजनक नाही; उलट दिग्दर्शन खूप उत्तम आहे.,Positive
चित्रपट अजिबात वाईट नाही; उलट कथानक खूप रंजक आहे.,Positive
पार्श्वसंगीत इतका दर्जेदार आहे की कथा शेवटपर्यंत पकडून ठेवते.,Positive
हा चित्रपट पुन्हा पाहावासा वाटतो कारण दृश्यरचना खूप हृदयस्पर्शी आहे.,Positive
हा चित्रपट अतिशय संथ वाटतो; कथा पुढे सरकत नाही.,Negative
या चित्रपटाची अभिनय निराश करते आणि शेवट निराश करतो.,Negative
फारसा वाईट नाही असे अंतिम निष्कर्ष काढणे योग्य ठरणार नाही. सुरुवात थोडी कंटाळवाणी आणि संथ आहे; तरी पुढे पात्रांचा प्रवास खूप प्रभावी होतो. उणिवा असूनही शेवटी चित्रपट मन जिंकून घेतो.,Positive
चित्रपटातील संवाद पाहून काही दृश्ये अजिबात गरजेची वाटत नाहीत; एकूण अनुभव अप्रभावी आहे.,Negative
हा अनुभव रंजक नसून खूप अंदाजे आहे; चित्रपट पाहताना वारंवार कंटाळा आला.,Negative
"चित्रपटात पटकथा कमकुवत आहे, त्यामुळे अनेक प्रसंग विनाकारण लांबवले आहेत.",Negative
निराश केले नाही असे अंतिम निष्कर्ष काढणे योग्य ठरणार नाही. सुरुवात थोडी कंटाळवाणी आणि संथ आहे; पण पुढे कथा इतकी सुंदर उलगडते. चित्रपटाने निराश केले नाही; उलट तो खूप आवडला.,Positive
सुरुवात थोडी कंटाळवाणी आणि संथ आहे; असमाधानकारक नाही असे एकूण चित्रपटाबद्दल म्हणता येणार नाही. मात्र दुसऱ्या अर्ध्यात चित्रपट पूर्णपणे बदलतो. अखेरीस हा अनुभव अजिबात असमाधानकारक राहत नाही.,Positive
"क्लास सिनेमा, टाइमपास एकदम भारी झाला.",Positive
"चित्रपटात मुख्य कलाकाराचा अभिनय उत्तम आहे, त्यामुळे दिग्दर्शकाने विषयाला योग्य न्याय दिला.",Positive
सिनेमागृहातून बाहेर पडताना खूप वैताग आला. दिग्दर्शन अगदीच कमकुवत असून प्रसंगांची मांडणी विस्कळीत आहे. अॅक्शन सीन्स अगदीच बनावट आणि कंटाळवाणे वाटतात. थिएटरमध्ये पैसे खर्च करण्याआधी नक्की विचार करा.,Negative
चित्रपटाची दिग्दर्शन खूप अतिशय संथ आहे आणि कलाकारांच्या कामगिरीत उत्साह जाणवत नाही.,Negative
या चित्रपटाची मुख्य कलाकाराचा अभिनय मनाला भिडते आणि शेवट समाधानकारक वाटतो.,Positive
मनाला भिडणारा नाही असे अंतिम निष्कर्ष काढणे योग्य ठरणार नाही. सुरुवातीला कथा सुंदर आणि आकर्षक वाटते; तरी दुसऱ्या अर्ध्यात दिग्दर्शन कमकुवत होते. एकूण चित्रपट सकारात्मक कारणांसाठी लक्षात राहत नाही.,Negative
चित्रपटाने पटकथा शेवटपर्यंत प्रभावी राहत नाही आणि मांडणी खरोखर अंदाजे आहे.,Negative
सुरुवात थोडी कंटाळवाणी आणि संथ आहे; वाईट नाही असे एकूण चित्रपटाबद्दल म्हणता येणार नाही. मात्र दुसऱ्या अर्ध्यात चित्रपट पूर्णपणे बदलतो. म्हणून एकूण चित्रपट अपेक्षेपेक्षा सुंदर वाटतो.,Positive
"चित्रपटात मांडणी कमकुवत आहे, त्यामुळे चित्रपट पाहिल्यानंतर विशेष काही लक्षात राहत नाही.",Negative
चित्रपटचा छायाचित्रण फिका असून कलाकारांच्या कामगिरीत उत्साह जाणवत नाही.,Negative
या चित्रपटाची छायाचित्रण मनाला भिडते आणि कलाकारांनी भूमिका जिवंत केल्या आहेत.,Positive
सुरुवातीपासून शेवटपर्यंत चित्रपट रंजक राहतो आणि चित्रपट पाहताना उत्सुकता कायम राहते.,Positive
कंटाळवाणा नाही असे अंतिम निष्कर्ष काढणे योग्य ठरणार नाही. सुरुवात थोडी कंटाळवाणी आणि संथ आहे; तरी पुढे पात्रांचा प्रवास खूप प्रभावी होतो. चित्रपटाने निराश केले नाही; उलट तो खूप आवडला.,Positive
संपूर्ण मांडणीमध्ये काहीही निरस वाटत नाही; शेवट खूप नैसर्गिक आहे.,Positive
कथेपासून अभिनयापर्यंत सर्व काही दर्जेदार वाटले; कथा शेवटपर्यंत पकडून ठेवते.,Positive
कथामध्ये काहीही फिका वाटत नाही; मांडणी खूप उत्तम आहे.,Positive
या चित्रपटाची दिग्दर्शन मनाला भिडते आणि कलाकारांनी भूमिका जिवंत केल्या आहेत.,Positive
"चित्रपटात संगीत कमकुवत आहे, त्यामुळे अनेक प्रसंग विनाकारण लांबवले आहेत.",Negative
संपूर्ण चित्रपट सुंदर आहे आणि पटकथा मुळे अनुभव आणखी सुंदर झाला.,Positive
चांगला नाही असे अंतिम निष्कर्ष काढणे योग्य ठरणार नाही. सुरुवातीला कथा सुंदर आणि आकर्षक वाटते; पण पुढे पटकथा पूर्णपणे गोंधळते. अखेरीस एकूण परिणाम कमकुवत ठरतो.,Negative
चित्रपटाने पूर्णपणे निराश केले; भावनिक सादरीकरण विशेष अस्ताव्यस्त आहे.,Negative
अगदीच वाईट्ट आहे गड्या हा सिनेमा. भावनिक प्रसंगांमध्ये सुद्धा काहीच परिणाम जाणवत नाही.,Negative
सुरुवात थोडी कंटाळवाणी आणि संथ आहे; कंटाळवाणा नाही असे एकूण चित्रपटाबद्दल म्हणता येणार नाही. पण पुढे कथा इतकी सुंदर उलगडते. सुरुवातीच्या उणिवा असूनही हा चित्रपट लक्षात राहतो.,Positive
चित्रपटाची संगीत खूप कंटाळवाणा आहे आणि वेळ वाया गेल्यासारखे वाटले.,Negative
हा अनुभव दर्जेदार नसून खूप कृत्रिम आहे; कथा पुढे सरकत नाही.,Negative
कथानक इतका अस्ताव्यस्त आहे की वेळ वाया गेल्यासारखे वाटले.,Negative
"दिग्दर्शन कमजोर नाही, उलट ते खूप प्रभावी आहे. त्यामुळे एकूण अनुभव खूप चांगला झाला.",Positive
मित्रांच्या सांगण्यावरून गेलो पण खूप पश्चाताप झाला. दिग्दर्शन अगदीच कमकुवत असून प्रसंगांची मांडणी विस्कळीत आहे. भावनिक प्रसंगांमध्ये सुद्धा काहीच परिणाम जाणवत नाही. थिएटरमध्ये पैसे खर्च करण्याआधी नक्की विचार करा.,Negative
हा चित्रपट अपेक्षेपेक्षा फिका निघाला आणि कलाकारांच्या कामगिरीत उत्साह जाणवत नाही.,Negative
चित्रपटातील दृश्यरचना पाहून पटकथा शेवटपर्यंत प्रभावी राहत नाही; एकूण अनुभव फिका आहे.,Negative
हा अनुभव अप्रतिम नसून खूप कंटाळवाणा आहे; कथा पुढे सरकत नाही.,Negative
निराशाजनक नाही असे अंतिम निष्कर्ष काढणे योग्य ठरणार नाही. सुरुवात थोडी कंटाळवाणी आणि संथ आहे; तरी पुढे पात्रांचा प्रवास खूप प्रभावी होतो. त्यामुळे सुरुवातीचे नकारात्मक संकेत दिशाभूल करणारे ठरतात.,Positive
कथानकमध्ये काहीही कंटाळवाणा वाटत नाही; मुख्य कलाकाराचा अभिनय खूप रंजक आहे.,Positive
हा अनुभव अप्रतिम नसून खूप गोंधळलेला आहे; कलाकारांच्या कामगिरीत उत्साह जाणवत नाही.,Negative
सिनेमागृहातून बाहेर पडताना खूप वैताग आला. कथेत इतके लॉजिकल गॅप्स आहेत की डोकं दुखायला लागतं. अॅक्शन सीन्स अगदीच बनावट आणि कंटाळवाणे वाटतात. OTT वर आला तरी बघावासा वाटत नाही.,Negative
सुरुवातीला कथा सुंदर आणि आकर्षक वाटते; यशस्वी नाही असे एकूण चित्रपटाबद्दल म्हणता येणार नाही. तरी दुसऱ्या अर्ध्यात दिग्दर्शन कमकुवत होते. त्यामुळे हा चित्रपट समाधानकारक म्हणता येत नाही.,Negative
हा चित्रपट अपेक्षेपेक्षा उत्कृष्ट निघाला आणि दिग्दर्शकाने विषयाला योग्य न्याय दिला.,Positive
कथा अजिबात वाईट नाही आणि प्रत्येक फ्रेम विचारपूर्वक सादर केली आहे.,Positive
सिनेमा सुरु झाल्यापासूनच कंटाळा येऊ लागला. संगीत काहीच लक्षात राहण्यासारखं नाही. अभिनेत्यांचा अभिनय अगदीच सुमार आणि कृत्रिम वाटला. पूर्णपणे टाइमपास वाया गेला असं वाटलं.,Negative
सुरुवातीला कथा सुंदर आणि आकर्षक वाटते; समाधानकारक नाही असे एकूण चित्रपटाबद्दल म्हणता येणार नाही. पण पुढे पटकथा पूर्णपणे गोंधळते. शेवटामुळे आधीचे चांगले क्षणही फिके पडतात.,Negative
यशस्वी नाही असे अंतिम निष्कर्ष काढणे योग्य ठरणार नाही. सुरुवातीला कथा सुंदर आणि आकर्षक वाटते; मात्र नंतर कथा इतकी रटाळ होते. एकूण परिणाम वाईट आणि असमाधानकारक राहतो.,Negative
मांडणी इतका मनमोहक आहे की कुटुंबासोबत पाहण्यासारखा अनुभव मिळतो.,Positive
चांगला नाही असे अंतिम निष्कर्ष काढणे योग्य ठरणार नाही. सुरुवातीला कथा सुंदर आणि आकर्षक वाटते; तरी दुसऱ्या अर्ध्यात दिग्दर्शन कमकुवत होते. त्यामुळे हा चित्रपट समाधानकारक म्हणता येत नाही.,Negative
सुरुवात थोडी कंटाळवाणी आणि संथ आहे; पण पुढे कथा इतकी सुंदर उलगडते. अखेरीस हा अनुभव अजिबात असमाधानकारक राहत नाही.,Positive
खूप वेळाने मराठी चित्रपटसृष्टीत असा दर्जेदार सिनेमा आला. सहकलाकारांचाही अभिनय तितकाच दमदार आहे. संगीत कानाला खूप गोड लागतं आणि गाणी सुद्धा सुरेख आहेत. असे चित्रपट वारंवार यायला हवेत.,Positive
सिनेमा सुरुवातीपासून शेवटपर्यंत खिळवून ठेवतो. प्रत्येक कलाकाराने आपल्या भूमिकेला योग्य न्याय दिला आहे. गाण्यांचे शब्द आणि चाल दोन्ही मनाला भावतात. सर्वांना शिफारस करेन असा हा चित्रपट आहे.,Positive
सुरुवात थोडी कंटाळवाणी आणि संथ आहे; पण पुढे कथा इतकी सुंदर उलगडते. एकूण परिणाम सकारात्मक आणि समाधान देणारा आहे.,Positive
सुरुवातीपासून शेवटपर्यंत चित्रपट सुंदर राहतो आणि चित्रपट पाहताना उत्सुकता कायम राहते.,Positive
सुरुवात थोडी कंटाळवाणी आणि संथ आहे; वाईट नाही असे एकूण चित्रपटाबद्दल म्हणता येणार नाही. तरी पुढे पात्रांचा प्रवास खूप प्रभावी होतो. म्हणून एकूण चित्रपट अपेक्षेपेक्षा सुंदर वाटतो.,Positive
"हा चित्रपट अजिबात बघण्यासारखा नाही. कथेत इतके लॉजिकल गॅप्स आहेत की डोकं दुखायला लागतं. विनोदी प्रसंग हास्यास्पद वाटतात, हसू येण्याऐवजी वैताग येतो.",Negative
चित्रपट अजिबात अप्रभावी नाही; उलट दिग्दर्शन खूप मनमोहक आहे.,Positive
सुरुवातीला कथा सुंदर आणि आकर्षक वाटते; प्रभावी नाही असे एकूण चित्रपटाबद्दल म्हणता येणार नाही. तरी दुसऱ्या अर्ध्यात दिग्दर्शन कमकुवत होते. त्यामुळे हा चित्रपट समाधानकारक म्हणता येत नाही.,Negative
सुरुवातीपासून शेवटपर्यंत चित्रपट गोंधळलेला राहतो आणि चित्रपटाची लांबी त्रासदायक ठरते.,Negative
हा अनुभव प्रभावी नसून खूप अतिशय संथ आहे; चित्रपट पाहताना वारंवार कंटाळा आला.,Negative
"चित्रपट संथ नाही असे सुरुवातीला वाटले, पण नंतर वेग पूर्णपणे कमी झाला. त्यामुळे पुन्हा पाहण्याची इच्छा होत नाही.",Negative
"कंटाळवाणा नाही असे अंतिम निष्कर्ष काढणे योग्य ठरणार नाही. सुरुवात थोडी कंटाळवाणी आणि संथ आहे; मात्र दुसऱ्या अर्ध्यात चित्रपट पूर्णपणे बदलतो. शेवट अजिबात खराब नाही, उलट मनाला भिडतो.",Positive
"चित्रपट पाहताना वेळ कसा गेला कळले नाही, कारण मांडणी खूप दर्जेदार आहे.",Positive
"एकदम भारी चित्रपट, अपेक्षेपेक्षा जास्त आवडला. संवाद खूप प्रभावी असून थेट मनाला भिडतात. विनोदी प्रसंग अगदी सहज आणि टाइमिंगसह मांडले आहेत. एकदा तरी नक्की बघावा असा हा चित्रपट आहे.",Positive
"पैसे वसूल चित्रपट, अजिबात निराश करत नाही. छायाचित्रण अप्रतिम आहे, प्रत्येक फ्रेम एखाद्या चित्रासारखी वाटते.",Positive
"चित्रपट पाहताना चित्रपट पाहताना उत्सुकता कायम राहते, कारण कथानक खूप कौतुकास्पद आहे.",Positive
हा चित्रपट खरंच अप्रतिम होता. पार्श्वसंगीत प्रसंगांची तीव्रता अजून वाढवतं.,Positive
सुरुवातीपासून शेवटपर्यंत चित्रपट उत्कृष्ट राहतो आणि कुटुंबासोबत पाहण्यासारखा अनुभव मिळतो.,Positive
चित्रपटाने कथा पुढे सरकत नाही आणि कथानक खरोखर गोंधळलेला आहे.,Negative
चित्रपटाने भावनिक प्रसंगांचा परिणाम होत नाही आणि कथानक खरोखर सुमार आहे.,Negative
अभिनय अजिबात खराब नाही आणि कलाकारांची केमिस्ट्री छान आहे. कलाकारांचे कामही मनापासून आवडले.,Positive
खूप दिवसांनी असा जबरदस्त चित्रपट पाहिला. अभिनेत्यांचा अभिनय खूपच नैसर्गिक आणि प्रभावी वाटला. या चित्रपटाला पाच पैकी पाच स्टार्स.,Positive
हा चित्रपट रंजक वाटतो; प्रत्येक फ्रेम विचारपूर्वक सादर केली आहे.,Positive
सिनेमागृहातून बाहेर पडताना खूप वैताग आला. संवाद खूपच सुमार आणि ओढून ताणून लिहिलेले वाटतात.,Negative
पैसे वाया गेले असं वाटलं सिनेमा बघून. दिग्दर्शकाला नेमकं काय दाखवायचं आहे हेच कळत नाही. संवाद खूपच सुमार आणि ओढून ताणून लिहिलेले वाटतात.,Negative
छायाचित्रण आणि मांडणी दोन्ही अप्रभावी आहेत; त्यामुळे चित्रपट पाहताना वारंवार कंटाळा आला.,Negative
"चित्रपटात भावनिक सादरीकरण उत्तम आहे, त्यामुळे प्रत्येक फ्रेम विचारपूर्वक सादर केली आहे.",Positive
सुंदर नाही असे अंतिम निष्कर्ष काढणे योग्य ठरणार नाही. सुरुवातीला कथा सुंदर आणि आकर्षक वाटते; तरी दुसऱ्या अर्ध्यात दिग्दर्शन कमकुवत होते. एकूण परिणाम वाईट आणि असमाधानकारक राहतो.,Negative
चित्रपटाने पूर्णपणे निराश केले; संगीत विशेष अप्रभावी आहे.,Negative
"पैसे वसूल चित्रपट, अजिबात निराश करत नाही. छायाचित्रण अप्रतिम आहे, प्रत्येक फ्रेम एखाद्या चित्रासारखी वाटते. अभिनेत्यांचा अभिनय खूपच नैसर्गिक आणि प्रभावी वाटला.",Positive
विनोदी प्रसंग इतका गोंधळलेला आहे की पटकथा शेवटपर्यंत प्रभावी राहत नाही.,Negative
चित्रपट अजिबात कंटाळवाणा नाही; उलट शेवट खूप नैसर्गिक आहे.,Positive
चित्रपट अजिबात मनमोहक नाही; उलट दिग्दर्शन खूप सुमार आहे.,Negative
या कलाकृतीचा मांडणी निरस असून शेवट निराश करतो.,Negative
आशादायक नाही असे अंतिम निष्कर्ष काढणे योग्य ठरणार नाही. सुरुवातीला कथा सुंदर आणि आकर्षक वाटते; तरी दुसऱ्या अर्ध्यात दिग्दर्शन कमकुवत होते. एकूण अनुभव मात्र निराशाजनक आहे.,Negative
चित्रपटाने कथानकात नवीनपणा जाणवत नाही आणि कथा खरोखर गोंधळलेला आहे.,Negative
विनोदी प्रसंग आणि पटकथा दोन्ही हृदयस्पर्शी आहेत; त्यामुळे दिग्दर्शकाने विषयाला योग्य न्याय दिला.,Positive
या चित्रपटाची कथानक मनाला भिडते आणि कलाकारांनी भूमिका जिवंत केल्या आहेत.,Positive
काहीच खास नव्हतं या चित्रपटात. दिग्दर्शन अगदीच कमकुवत असून प्रसंगांची मांडणी विस्कळीत आहे.,Negative
"चित्रपटात पटकथा उत्तम आहे, त्यामुळे वेळ कसा गेला कळले नाही.",Positive
दिग्दर्शन आणि कथानक दोन्ही अप्रभावी आहेत; त्यामुळे चित्रपटाची लांबी त्रासदायक ठरते.,Negative
कथेपासून अभिनयापर्यंत बरेच काही कंटाळवाणा वाटले; चित्रपटाची लांबी त्रासदायक ठरते.,Negative
चित्रपटाची संवाद खूप निरस आहे आणि भावनिक प्रसंगांचा परिणाम होत नाही.,Negative
कथाचा भावनिक सादरीकरण दर्जेदार असून वेळ कसा गेला कळले नाही.,Positive
"चित्रपट पाहताना कथानकात नवीनपणा जाणवत नाही, कारण शेवट खूप गोंधळलेला आहे.",Negative
प्रभावी नाही असे अंतिम निष्कर्ष काढणे योग्य ठरणार नाही. सुरुवातीला कथा सुंदर आणि आकर्षक वाटते; पण पुढे पटकथा पूर्णपणे गोंधळते. अखेरीस एकूण परिणाम कमकुवत ठरतो.,Negative
हा अनुभव कंटाळवाणा नसून खूप नैसर्गिक आहे; कुटुंबासोबत पाहण्यासारखा अनुभव मिळतो.,Positive
हा चित्रपट पुन्हा पाहावासा वाटत नाही कारण दिग्दर्शन खूप अतिशय संथ आहे.,Negative
हा चित्रपट पुन्हा पाहावासा वाटतो कारण छायाचित्रण खूप नैसर्गिक आहे.,Positive
"सुरुवात थोडी कंटाळवाणी आणि संथ आहे; कमकुवत नाही असे एकूण चित्रपटाबद्दल म्हणता येणार नाही. तरी पुढे पात्रांचा प्रवास खूप प्रभावी होतो. एकूण अनुभव वाईट नाही, उलट समाधानकारक आहे.",Positive
कथानकचा संगीत रंजक असून वेळ कसा गेला कळले नाही.,Positive
"चित्रपट पाहताना दिग्दर्शकाने विषयाला योग्य न्याय दिला, कारण कथा खूप प्रभावी आहे.",Positive
चित्रपट अजिबात अप्रतिम नाही; उलट पटकथा खूप निराशाजनक आहे.,Negative
खराब नाही असे अंतिम निष्कर्ष काढणे योग्य ठरणार नाही. सुरुवात थोडी कंटाळवाणी आणि संथ आहे; पण पुढे कथा इतकी सुंदर उलगडते. त्यामुळे चित्रपट पाहिल्याचा निर्णय योग्य वाटतो.,Positive
संपूर्ण चित्रपट दर्जेदार आहे आणि दृश्यरचना मुळे अनुभव आणखी सुंदर झाला.,Positive
सुरुवातीपासूनच चित्रपट प्रेक्षकांना पकडून ठेवतो. गाण्यांचे शब्द आणि चाल दोन्ही मनाला भावतात. भावनिक प्रसंगांमध्ये डोळ्यात पाणी आल्याशिवाय राहत नाही.,Positive
पूर्ण कुटुंबासोबत बघण्यासारखा सुंदर चित्रपट आहे. अॅक्शन सीन्स एकदम जबरदस्त आणि रिअलिस्टिक वाटतात. संवाद खूप प्रभावी असून थेट मनाला भिडतात.,Positive
कथा अजिबात निराशाजनक नाही आणि चित्रपट पाहून मन प्रसन्न झाले.,Positive
सुंदर नाही असे अंतिम निष्कर्ष काढणे योग्य ठरणार नाही. सुरुवातीला कथा सुंदर आणि आकर्षक वाटते; मात्र नंतर कथा इतकी रटाळ होते. त्यामुळे हा चित्रपट समाधानकारक म्हणता येत नाही.,Negative
हा चित्रपट अपेक्षेपेक्षा उत्तम निघाला आणि वेळ कसा गेला कळले नाही.,Positive
सिनेमागृहातून बाहेर पडताना चेहऱ्यावर हसू होतं. क्लायमॅक्स इतका जबरदस्त आहे की अंगावर काटा येतो. दिग्दर्शनातली बारकाई प्रत्येक दृश्यात जाणवते. असे चित्रपट वारंवार यायला हवेत.,Positive
"काहीच खास नव्हतं या चित्रपटात. गाणी उगाचच घुसवल्यासारखी वाटतात, कथेशी संबंधच नाही. या चित्रपटाला दोन पैकी अर्धा स्टार सुद्धा जास्त आहे.",Negative
पूर्ण कुटुंबासोबत बघण्यासारखा सुंदर चित्रपट आहे. व्हीएफएक्स दर्जेदार असून हॉलिवूडच्या तोडीचे वाटतात. दिग्दर्शनातली बारकाई प्रत्येक दृश्यात जाणवते. कुटुंबासोबत थिएटरमध्ये जाऊन बघण्यासारखा सिनेमा आहे.,Positive
"सुरुवातीला कथा सुंदर आणि आकर्षक वाटते. पण पुढे पटकथा पूर्णपणे गोंधळते, पण एकूण चित्रपट सकारात्मक कारणांसाठी लक्षात राहत नाही.",Negative
कथानक इतका उत्तम आहे की संगीताने प्रसंगांची परिणामकारकता वाढवली.,Positive
सुरुवातीपासून शेवटपर्यंत चित्रपट अंदाजे राहतो आणि वेळ वाया गेल्यासारखे वाटले.,Negative
हा चित्रपट अपेक्षेपेक्षा निरस निघाला आणि संवाद कृत्रिम वाटतात.,Negative
हा अनुभव निरस नसून खूप आकर्षक आहे; प्रत्येक फ्रेम विचारपूर्वक सादर केली आहे.,Positive
चित्रपटाची मुख्य कलाकाराचा अभिनय खूप अप्रतिम आहे आणि चित्रपट पाहताना उत्सुकता कायम राहते.,Positive
पूर्ण कुटुंबासोबत बघण्यासारखा सुंदर चित्रपट आहे. कथा अगदी वेगळी आणि विचार करायला लावणारी आहे. शेवट अगदी समाधानकारक आणि हृदयस्पर्शी झाला आहे. पुन्हा एकदा बघायला नक्कीच आवडेल.,Positive
या कलाकृतीचा अभिनय आकर्षक असून दिग्दर्शकाने विषयाला योग्य न्याय दिला.,Positive
चित्रपटाची दिग्दर्शन खूप अप्रतिम आहे आणि चित्रपटाचा अनुभव मनाला आनंद देतो.,Positive
कथेपासून अभिनयापर्यंत बरेच काही अप्रभावी वाटले; दिग्दर्शनाने विषयाला योग्य न्याय दिला नाही.,Negative
"अभिनय वाईट नाही असे काही प्रसंगांत वाटते, पण एकूण कामगिरी कमकुवत आहे. एकूण अनुभव समाधानकारक वाटत नाही.",Negative
कथा अजिबात अप्रभावी नाही आणि चित्रपट पाहून मन प्रसन्न झाले.,Positive
"सुरुवात थोडी कंटाळवाणी आणि संथ आहे. मात्र दुसऱ्या अर्ध्यात चित्रपट पूर्णपणे बदलतो, पण त्यामुळे चित्रपट पाहिल्याचा निर्णय योग्य वाटतो.",Positive
मित्रांच्या सांगण्यावरून गेलो पण खूप पश्चाताप झाला. संगीत काहीच लक्षात राहण्यासारखं नाही. दिग्दर्शकाला नेमकं काय दाखवायचं आहे हेच कळत नाही.,Negative
हा चित्रपट खरंच अप्रतिम होता. भावनिक प्रसंगांमध्ये डोळ्यात पाणी आल्याशिवाय राहत नाही. पुन्हा एकदा बघायला नक्कीच आवडेल.,Positive
या चित्रपटाची संवाद निराश करते आणि कथा पुढे सरकत नाही.,Negative
"चित्रपटात मांडणी कमकुवत आहे, त्यामुळे शेवट निराश करतो.",Negative
कथामध्ये काहीही निरस वाटत नाही; दिग्दर्शन खूप आकर्षक आहे.,Positive
या चित्रपटाची संवाद मनाला भिडते आणि भावनिक प्रसंग मनाला स्पर्श करतात.,Positive
"हा चित्रपट वाईट नाही, उलट खूपच मनोरंजक आहे. कलाकारांचे कामही मनापासून आवडले.",Positive
"अभिनय बनावटीचा वाटला नाही, तो खूप नैसर्गिक आहे. हा अनुभव नक्कीच समाधानकारक वाटतो.",Positive
विनोदी प्रसंग इतका गोंधळलेला आहे की कथानकात नवीनपणा जाणवत नाही.,Negative
हा चित्रपट अपेक्षेपेक्षा मनमोहक निघाला आणि चित्रपट पाहून मन प्रसन्न झाले.,Positive
चित्रपटाने चित्रपट पाहिल्यानंतर विशेष काही लक्षात राहत नाही आणि पटकथा खरोखर कंटाळवाणा आहे.,Negative
चित्रपटातील विनोदी प्रसंग पाहून अनेक प्रसंग विनाकारण लांबवले आहेत; एकूण अनुभव कमकुवत आहे.,Negative
चित्रपटाची मुख्य कलाकाराचा अभिनय खूप कमकुवत आहे आणि काही दृश्ये अजिबात गरजेची वाटत नाहीत.,Negative
या चित्रपटाची कथानक मनाला भिडते आणि शेवट समाधानकारक वाटतो.,Positive
खूप दिवसांनी असा जबरदस्त चित्रपट पाहिला. व्हीएफएक्स दर्जेदार असून हॉलिवूडच्या तोडीचे वाटतात. सहकलाकारांचाही अभिनय तितकाच दमदार आहे.,Positive
हा अनुभव निराशाजनक नसून खूप आकर्षक आहे; प्रत्येक प्रसंग लक्षात राहतो.,Positive
कंटाळवाणा नाही असे अंतिम निष्कर्ष काढणे योग्य ठरणार नाही. सुरुवात थोडी कंटाळवाणी आणि संथ आहे; पण पुढे कथा इतकी सुंदर उलगडते. त्यामुळे सुरुवातीचे नकारात्मक संकेत दिशाभूल करणारे ठरतात.,Positive
चित्रपटाने अजिबात निराश केले नाही; भावनिक सादरीकरण विशेष प्रभावी आहे.,Positive
चित्रपटाची दृश्यरचना खूप आकर्षक आहे आणि चित्रपट पाहून मन प्रसन्न झाले.,Positive
सुरुवात थोडी कंटाळवाणी आणि संथ आहे; खराब नाही असे एकूण चित्रपटाबद्दल म्हणता येणार नाही. पण पुढे कथा इतकी सुंदर उलगडते. त्यामुळे चित्रपट पाहिल्याचा निर्णय योग्य वाटतो.,Positive
चित्रपटातील भावनिक सादरीकरण पाहून चित्रपट पाहताना वारंवार कंटाळा आला; एकूण अनुभव कृत्रिम आहे.,Negative
हा अनुभव दर्जेदार नसून खूप कमकुवत आहे; कलाकारांच्या कामगिरीत उत्साह जाणवत नाही.,Negative
या चित्रपटाची दृश्यरचना निराश करते आणि चित्रपट पाहताना वारंवार कंटाळा आला.,Negative
हा चित्रपट पुन्हा पाहावासा वाटतो कारण पार्श्वसंगीत खूप उत्कृष्ट आहे.,Positive
"इतका रटाळ चित्रपट खूप दिवसांनी पाहिला. कथेत इतके लॉजिकल गॅप्स आहेत की डोकं दुखायला लागतं. गाणी उगाचच घुसवल्यासारखी वाटतात, कथेशी संबंधच नाही. OTT वर आला तरी बघावासा वाटत नाही.",Negative
चित्रपटचा भावनिक सादरीकरण अतिशय संथ असून चित्रपटाची लांबी त्रासदायक ठरते.,Negative
"चित्रपटात अभिनय कमकुवत आहे, त्यामुळे पटकथा शेवटपर्यंत प्रभावी राहत नाही.",Negative
चित्रपटाने अजिबात निराश केले नाही; दृश्यरचना विशेष कौतुकास्पद आहे.,Positive
चित्रपट अजिबात कमकुवत नाही; उलट दिग्दर्शन खूप दर्जेदार आहे.,Positive
सुरुवातीपासूनच चित्रपट प्रेक्षकांना पकडून ठेवतो. कथेची मांडणी अशी आहे की पुढे काय होणार याची उत्सुकता कायम राहते. भावनिक प्रसंगांमध्ये डोळ्यात पाणी आल्याशिवाय राहत नाही. एकदा तरी नक्की बघावा असा हा चित्रपट आहे.,Positive
भावनिक सादरीकरण आणि दृश्यरचना दोन्ही दर्जेदार आहेत; त्यामुळे संगीताने प्रसंगांची परिणामकारकता वाढवली.,Positive
पूर्ण कुटुंबासोबत बघण्यासारखा सुंदर चित्रपट आहे. प्रत्येक कलाकाराने आपल्या भूमिकेला योग्य न्याय दिला आहे. अॅक्शन सीन्स एकदम जबरदस्त आणि रिअलिस्टिक वाटतात.,Positive
खूप वेळाने मराठी चित्रपटसृष्टीत असा दर्जेदार सिनेमा आला. मुख्य कलाकारांनी आपापल्या भूमिका उत्कृष्टपणे साकारल्या आहेत.,Positive
चित्रपटातील मुख्य कलाकाराचा अभिनय पाहून प्रत्येक प्रसंग लक्षात राहतो; एकूण अनुभव हृदयस्पर्शी आहे.,Positive
या वर्षीचा सर्वोत्तम मराठी चित्रपट असं म्हणता येईल. शेवट अगदी समाधानकारक आणि हृदयस्पर्शी झाला आहे.,Positive
चित्रपटाने संगीताने प्रसंगांची परिणामकारकता वाढवली आणि दृश्यरचना खरोखर नैसर्गिक आहे.,Positive
या चित्रपटाची विनोदी प्रसंग निराश करते आणि अनेक प्रसंग विनाकारण लांबवले आहेत.,Negative
या कलाकृतीचा छायाचित्रण अतिशय संथ असून अनेक प्रसंग विनाकारण लांबवले आहेत.,Negative
फारसा वाईट नाही असे अंतिम निष्कर्ष काढणे योग्य ठरणार नाही. सुरुवात थोडी कंटाळवाणी आणि संथ आहे; मात्र दुसऱ्या अर्ध्यात चित्रपट पूर्णपणे बदलतो. चित्रपटाने निराश केले नाही; उलट तो खूप आवडला.,Positive
हा चित्रपट हृदयस्पर्शी वाटतो; कलाकारांनी भूमिका जिवंत केल्या आहेत.,Positive
अपेक्षाभंग करणारा सिनेमा आहे हा.,Negative
संगीत इतका सुंदर आहे की प्रत्येक फ्रेम विचारपूर्वक सादर केली आहे.,Positive
चित्रपट अजिबात मनमोहक नाही; उलट दिग्दर्शन खूप अतिशय संथ आहे.,Negative
सुरुवातीला कथा सुंदर आणि आकर्षक वाटते; उत्तम नाही असे एकूण चित्रपटाबद्दल म्हणता येणार नाही. पण पुढे पटकथा पूर्णपणे गोंधळते. एकूण चित्रपट सकारात्मक कारणांसाठी लक्षात राहत नाही.,Negative
चित्रपटाने शेवट समाधानकारक वाटतो आणि अभिनय खरोखर दर्जेदार आहे.,Positive
संवाद इतका अस्ताव्यस्त आहे की कथा पुढे सरकत नाही.,Negative
पूर्ण कुटुंबासोबत बघण्यासारखा सुंदर चित्रपट आहे. सहकलाकारांचाही अभिनय तितकाच दमदार आहे. या चित्रपटाला पाच पैकी पाच स्टार्स.,Positive
हा अनुभव निराशाजनक नसून खूप रंजक आहे; चित्रपटाचा अनुभव मनाला आनंद देतो.,Positive
संपूर्ण मांडणीचा कथा प्रभावी असून शेवट समाधानकारक वाटतो.,Positive
सुरुवातीला कथा सुंदर आणि आकर्षक वाटते; समाधानकारक नाही असे एकूण चित्रपटाबद्दल म्हणता येणार नाही. तरी दुसऱ्या अर्ध्यात दिग्दर्शन कमकुवत होते. एकूण अनुभव मात्र निराशाजनक आहे.,Negative
असमाधानकारक नाही असे अंतिम निष्कर्ष काढणे योग्य ठरणार नाही. सुरुवात थोडी कंटाळवाणी आणि संथ आहे; तरी पुढे पात्रांचा प्रवास खूप प्रभावी होतो. अखेरीस हा अनुभव अजिबात असमाधानकारक राहत नाही.,Positive
सिनेमागृहातून बाहेर पडताना खूप वैताग आला. दिग्दर्शकाला नेमकं काय दाखवायचं आहे हेच कळत नाही. पुन्हा असा चित्रपट बघण्याची इच्छा नाही.,Negative
सुरुवातीपासून शेवटपर्यंत चित्रपट नैसर्गिक राहतो आणि प्रत्येक फ्रेम विचारपूर्वक सादर केली आहे.,Positive
"मित्रांच्या सांगण्यावरून गेलो पण खूप पश्चाताप झाला. कथेत काहीच नावीन्य नाही, सगळं आधीच पाहिलेलं वाटतं. थिएटरमध्ये पैसे खर्च करण्याआधी नक्की विचार करा.",Negative
सुरुवातीला कथा सुंदर आणि आकर्षक वाटते; तरी दुसऱ्या अर्ध्यात दिग्दर्शन कमकुवत होते. शेवटामुळे आधीचे चांगले क्षणही फिके पडतात.,Negative
निराश केले नाही असे अंतिम निष्कर्ष काढणे योग्य ठरणार नाही. सुरुवात थोडी कंटाळवाणी आणि संथ आहे; तरी पुढे पात्रांचा प्रवास खूप प्रभावी होतो. अखेरीस हा अनुभव अजिबात असमाधानकारक राहत नाही.,Positive
चित्रपटाने प्रत्येक प्रसंग लक्षात राहतो आणि भावनिक सादरीकरण खरोखर हृदयस्पर्शी आहे.,Positive
कथेपासून अभिनयापर्यंत सर्व काही दर्जेदार वाटले; प्रत्येक प्रसंग लक्षात राहतो.,Positive
"अपेक्षा खूप होत्या पण चित्रपटाने साफ निराश केलं. सहकलाकारांचा अभिनयही अगदीच सामान्य आहे. गाणी उगाचच घुसवल्यासारखी वाटतात, कथेशी संबंधच नाही.",Negative
"चित्रपटात छायाचित्रण उत्तम आहे, त्यामुळे कुटुंबासोबत पाहण्यासारखा अनुभव मिळतो.",Positive
सुरुवात थोडी कंटाळवाणी आणि संथ आहे; मनाला न पटणारा नाही असे एकूण चित्रपटाबद्दल म्हणता येणार नाही. मात्र दुसऱ्या अर्ध्यात चित्रपट पूर्णपणे बदलतो. म्हणून एकूण चित्रपट अपेक्षेपेक्षा सुंदर वाटतो.,Positive
हा अनुभव मनमोहक नसून खूप कंटाळवाणा आहे; शेवट निराश करतो.,Negative
"सिनेमागृहातून बाहेर पडताना खूप वैताग आला. विनोदी प्रसंग हास्यास्पद वाटतात, हसू येण्याऐवजी वैताग येतो. दिग्दर्शकाला नेमकं काय दाखवायचं आहे हेच कळत नाही. मराठी सिनेमाच्या नावाला कमीपणा आणणारा चित्रपट आहे.",Negative
सिनेमा बघून मन अगदी प्रसन्न झालं. दिग्दर्शनातली बारकाई प्रत्येक दृश्यात जाणवते. व्हीएफएक्स दर्जेदार असून हॉलिवूडच्या तोडीचे वाटतात.,Positive
संगीत इतका कृत्रिम आहे की संवाद कृत्रिम वाटतात.,Negative
कथानकचा मुख्य कलाकाराचा अभिनय अंदाजे असून काही दृश्ये अजिबात गरजेची वाटत नाहीत.,Negative
"गाणी कंटाळवाणी नाहीत, त्यातील संगीत खूप छान आहे. कलाकारांचे कामही मनापासून आवडले.",Positive
चित्रपटातील मुख्य कलाकाराचा अभिनय पाहून कलाकारांच्या कामगिरीत उत्साह जाणवत नाही; एकूण अनुभव कंटाळवाणा आहे.,Negative
कथानक इतका अस्ताव्यस्त आहे की संवाद कृत्रिम वाटतात.,Negative
हा अनुभव वाईट नसून खूप अप्रतिम आहे; शेवट समाधानकारक वाटतो.,Positive
या चित्रपटाची संवाद निराश करते आणि अनेक प्रसंग विनाकारण लांबवले आहेत.,Negative
"चित्रपट पाहताना काही दृश्ये अजिबात गरजेची वाटत नाहीत, कारण शेवट खूप फिका आहे.",Negative
या कलाकृतीचा दिग्दर्शन अंदाजे असून चित्रपटाची लांबी त्रासदायक ठरते.,Negative
संपूर्ण चित्रपट आकर्षक आहे आणि दृश्यरचना मुळे अनुभव आणखी सुंदर झाला.,Positive
कथामध्ये काहीही सुंदर वाटत नाही; अभिनय खूप अतिशय संथ आहे.,Negative
पूर्ण कुटुंबासोबत बघण्यासारखा सुंदर चित्रपट आहे. सहकलाकारांचाही अभिनय तितकाच दमदार आहे. अभिनेत्यांचा अभिनय खूपच नैसर्गिक आणि प्रभावी वाटला. मराठी चित्रपटसृष्टीसाठी अभिमानास्पद कलाकृती आहे.,Positive
थिएटरमध्ये अर्ध्यातच झोप येत होती. पार्श्वसंगीत उगाचच मोठ्या आवाजात आणि त्रासदायक वाटतं. OTT वर आला तरी बघावासा वाटत नाही.,Negative
कथेपासून अभिनयापर्यंत सर्व काही दर्जेदार वाटले; सर्व कलाकारांची कामगिरी लक्षात राहते.,Positive
या वर्षीचा सर्वोत्तम मराठी चित्रपट असं म्हणता येईल. पटकथा घट्ट बांधलेली असल्यामुळे कुठेही कंटाळा येत नाही. क्लायमॅक्स इतका जबरदस्त आहे की अंगावर काटा येतो. या चित्रपटाला पाच पैकी पाच स्टार्स.,Positive
सुरुवातीपासून शेवटपर्यंत चित्रपट निरस राहतो आणि पटकथा शेवटपर्यंत प्रभावी राहत नाही.,Negative
चित्रपटाची मुख्य कलाकाराचा अभिनय खूप रंजक आहे आणि सर्व कलाकारांची कामगिरी लक्षात राहते.,Positive
एवढा भिकार सिनेमा अलीकडे बघितला नव्हता. व्हीएफएक्स इतके स्वस्त वाटतात की हसू येतं. पुन्हा असा चित्रपट बघण्याची इच्छा नाही.,Negative
कथा अजिबात सुंदर नाही आणि चित्रपटाची लांबी त्रासदायक ठरते.,Negative
"चित्रपटात संवाद उत्तम आहे, त्यामुळे कुटुंबासोबत पाहण्यासारखा अनुभव मिळतो.",Positive
कथा अजिबात कमकुवत नाही आणि कुटुंबासोबत पाहण्यासारखा अनुभव मिळतो.,Positive
संपूर्ण चित्रपट रंजक आहे आणि अभिनय मुळे अनुभव आणखी सुंदर झाला.,Positive
मांडणी इतका प्रभावी आहे की वेळ कसा गेला कळले नाही.,Positive
फारसा वाईट नाही असे अंतिम निष्कर्ष काढणे योग्य ठरणार नाही. सुरुवात थोडी कंटाळवाणी आणि संथ आहे; पण पुढे कथा इतकी सुंदर उलगडते. सुरुवातीच्या उणिवा असूनही हा चित्रपट लक्षात राहतो.,Positive
"चित्रपट पाहताना कथा शेवटपर्यंत पकडून ठेवते, कारण मांडणी खूप दर्जेदार आहे.",Positive
चित्रपटाने वेळ कसा गेला कळले नाही आणि कथानक खरोखर कौतुकास्पद आहे.,Positive
संगीत आणि छायाचित्रण दोन्ही उत्कृष्ट आहेत; त्यामुळे कलाकारांनी भूमिका जिवंत केल्या आहेत.,Positive
कथा अजिबात निरस नाही आणि भावनिक प्रसंग मनाला स्पर्श करतात.,Positive
वेळेचा आणि पैशांचा पूर्ण अपव्यय झाला. दिग्दर्शकाला नेमकं काय दाखवायचं आहे हेच कळत नाही. पटकथा खूपच विस्कळीत असल्यामुळे कथा नीट समजतच नाही. क्लायमॅक्स अगदीच अपेक्षित आणि सपक झाला आहे.,Negative
कथानकचा पार्श्वसंगीत गोंधळलेला असून काही दृश्ये अजिबात गरजेची वाटत नाहीत.,Negative
समाधानकारक नाही असे अंतिम निष्कर्ष काढणे योग्य ठरणार नाही. सुरुवातीला कथा सुंदर आणि आकर्षक वाटते; पण पुढे पटकथा पूर्णपणे गोंधळते. एकूण परिणाम वाईट आणि असमाधानकारक राहतो.,Negative
हा चित्रपट खरंच अप्रतिम होता. क्लायमॅक्स इतका जबरदस्त आहे की अंगावर काटा येतो.,Positive
या चित्रपटाची मांडणी मनाला भिडते आणि कुटुंबासोबत पाहण्यासारखा अनुभव मिळतो.,Positive
दृश्यरचना इतका प्रभावी आहे की प्रत्येक फ्रेम विचारपूर्वक सादर केली आहे.,Positive
चित्रपटाची संवाद खूप निरस आहे आणि शेवट निराश करतो.,Negative
संपूर्ण चित्रपट नैसर्गिक आहे आणि कथानक मुळे अनुभव आणखी सुंदर झाला.,Positive
कथा अजिबात कंटाळवाणा नाही आणि शेवट समाधानकारक वाटतो.,Positive
चित्रपटाने अजिबात निराश केले नाही; मांडणी विशेष अप्रतिम आहे.,Positive
मित्रांसोबत बघितला आणि सगळ्यांनाच खूप आवडला. संवाद खूप प्रभावी असून थेट मनाला भिडतात. अॅक्शन सीन्स एकदम जबरदस्त आणि रिअलिस्टिक वाटतात. थिएटरमध्ये जाऊन नक्की एन्जॉय करा.,Positive
सुरुवातीला कथा सुंदर आणि आकर्षक वाटते; आशादायक नाही असे एकूण चित्रपटाबद्दल म्हणता येणार नाही. पण पुढे पटकथा पूर्णपणे गोंधळते. त्यामुळे हा चित्रपट समाधानकारक म्हणता येत नाही.,Negative
कथेपासून अभिनयापर्यंत सर्व काही सुंदर वाटले; दिग्दर्शकाने विषयाला योग्य न्याय दिला.,Positive
चित्रपटाने पूर्णपणे निराश केले; मुख्य कलाकाराचा अभिनय विशेष निराशाजनक आहे.,Negative
चित्रपटातील विनोदी प्रसंग पाहून वेळ कसा गेला कळले नाही; एकूण अनुभव कौतुकास्पद आहे.,Positive
"चित्रपटात शेवट उत्तम आहे, त्यामुळे कलाकारांनी भूमिका जिवंत केल्या आहेत.",Positive
हा चित्रपट पुन्हा पाहावासा वाटतो कारण विनोदी प्रसंग खूप सुंदर आहे.,Positive
हा अनुभव निरस नसून खूप उत्कृष्ट आहे; दिग्दर्शकाने विषयाला योग्य न्याय दिला.,Positive
भावनिक सादरीकरण इतका उत्कृष्ट आहे की प्रत्येक फ्रेम विचारपूर्वक सादर केली आहे.,Positive
खरंच अशा चित्रपटांची गरज आहे मराठी सृष्टीला. अभिनेत्यांचा अभिनय खूपच नैसर्गिक आणि प्रभावी वाटला.,Positive
हा चित्रपट पुन्हा पाहावासा वाटत नाही कारण मांडणी खूप कृत्रिम आहे.,Negative
चित्रपटाची पटकथा खूप प्रभावी आहे आणि चित्रपट पाहताना उत्सुकता कायम राहते.,Positive
हा चित्रपट पुन्हा पाहावासा वाटत नाही कारण विनोदी प्रसंग खूप गोंधळलेला आहे.,Negative
चित्रपट अजिबात दर्जेदार नाही; उलट संगीत खूप अतिशय संथ आहे.,Negative
"कंटाळवाणा नाही असे अंतिम निष्कर्ष काढणे योग्य ठरणार नाही. सुरुवात थोडी कंटाळवाणी आणि संथ आहे; तरी पुढे पात्रांचा प्रवास खूप प्रभावी होतो. एकूण अनुभव वाईट नाही, उलट समाधानकारक आहे.",Positive
निराशाजनक नाही असे अंतिम निष्कर्ष काढणे योग्य ठरणार नाही. सुरुवात थोडी कंटाळवाणी आणि संथ आहे; पण पुढे कथा इतकी सुंदर उलगडते. एकूण परिणाम सकारात्मक आणि समाधान देणारा आहे.,Positive
सुरुवातीला कथा सुंदर आणि आकर्षक वाटते; उत्कृष्ट नाही असे एकूण चित्रपटाबद्दल म्हणता येणार नाही. पण पुढे पटकथा पूर्णपणे गोंधळते. त्यामुळे अंतिम अनुभव अपेक्षाभंग करणारा ठरतो.,Negative
चित्रपटातील दिग्दर्शन पाहून कथानकात नवीनपणा जाणवत नाही; एकूण अनुभव अस्ताव्यस्त आहे.,Negative
हा चित्रपट अपेक्षेपेक्षा कंटाळवाणा निघाला आणि चित्रपट पाहताना वारंवार कंटाळा आला.,Negative
सुरुवातीपासून शेवटपर्यंत चित्रपट मनमोहक राहतो आणि चित्रपटाचा अनुभव मनाला आनंद देतो.,Positive
"सुरुवात थोडी कंटाळवाणी आणि संथ आहे. मात्र दुसऱ्या अर्ध्यात चित्रपट पूर्णपणे बदलतो, पण एकूण परिणाम सकारात्मक आणि समाधान देणारा आहे.",Positive
हा चित्रपट पुन्हा पाहावासा वाटत नाही कारण दृश्यरचना खूप कंटाळवाणा आहे.,Negative
हा चित्रपट पुन्हा पाहावासा वाटतो कारण पार्श्वसंगीत खूप अप्रतिम आहे.,Positive
सुरुवातीला कथा सुंदर आणि आकर्षक वाटते; यशस्वी नाही असे एकूण चित्रपटाबद्दल म्हणता येणार नाही. तरी दुसऱ्या अर्ध्यात दिग्दर्शन कमकुवत होते. शेवटी चित्रपट समाधान देत नाही.,Negative
"कमकुवत नाही असे अंतिम निष्कर्ष काढणे योग्य ठरणार नाही. सुरुवात थोडी कंटाळवाणी आणि संथ आहे; मात्र दुसऱ्या अर्ध्यात चित्रपट पूर्णपणे बदलतो. एकूण अनुभव वाईट नाही, उलट समाधानकारक आहे.",Positive
कथा अजिबात प्रभावी नाही आणि पटकथा खूप संथ आहे. त्यामुळे पुन्हा पाहण्याची इच्छा होत नाही.,Negative
"मस्त सिनेमा आहे, नक्की बघा. सहकलाकारांचाही अभिनय तितकाच दमदार आहे. अॅक्शन सीन्स एकदम जबरदस्त आणि रिअलिस्टिक वाटतात. पार्श्वसंगीत प्रसंगांची तीव्रता अजून वाढवतं. पुन्हा एकदा बघायला नक्कीच आवडेल.",Positive
सुरुवातीला कथा सुंदर आणि आकर्षक वाटते; उत्तम नाही असे एकूण चित्रपटाबद्दल म्हणता येणार नाही. पण पुढे पटकथा पूर्णपणे गोंधळते. शेवटी चित्रपट समाधान देत नाही.,Negative
सुरुवातीला कथा सुंदर आणि आकर्षक वाटते; मनाला भिडणारा नाही असे एकूण चित्रपटाबद्दल म्हणता येणार नाही. तरी दुसऱ्या अर्ध्यात दिग्दर्शन कमकुवत होते. शेवटी चित्रपट समाधान देत नाही.,Negative
संपूर्ण मांडणीचा पार्श्वसंगीत हृदयस्पर्शी असून प्रत्येक प्रसंग लक्षात राहतो.,Positive
चित्रपटाची मांडणी खूप रंजक आहे आणि दिग्दर्शकाने विषयाला योग्य न्याय दिला.,Positive
"एकदम भारी चित्रपट, अपेक्षेपेक्षा जास्त आवडला. पटकथा घट्ट बांधलेली असल्यामुळे कुठेही कंटाळा येत नाही. भावनिक प्रसंगांमध्ये डोळ्यात पाणी आल्याशिवाय राहत नाही. दिग्दर्शकाने प्रत्येक प्रसंग अतिशय सुंदर पद्धतीने मांडला आहे. मराठी चित्रपटसृष्टीसाठी अभिमानास्पद कलाकृती आहे.",Positive
"चित्रपट पाहताना वेळ कसा गेला कळले नाही, कारण कथानक खूप अप्रतिम आहे.",Positive
चित्रपटातील दृश्यरचना पाहून चित्रपट पाहून मन प्रसन्न झाले; एकूण अनुभव नैसर्गिक आहे.,Positive
सुरुवात थोडी कंटाळवाणी आणि संथ आहे; फारसा वाईट नाही असे एकूण चित्रपटाबद्दल म्हणता येणार नाही. पण पुढे कथा इतकी सुंदर उलगडते. अखेरीस हा अनुभव अजिबात असमाधानकारक राहत नाही.,Positive
कथा अजिबात प्रभावी नाही आणि संवाद कृत्रिम वाटतात.,Negative
सुरुवातीला कथा सुंदर आणि आकर्षक वाटते; प्रभावी नाही असे एकूण चित्रपटाबद्दल म्हणता येणार नाही. तरी दुसऱ्या अर्ध्यात दिग्दर्शन कमकुवत होते. अखेरीस एकूण परिणाम कमकुवत ठरतो.,Negative
प्रभावी नाही असे अंतिम निष्कर्ष काढणे योग्य ठरणार नाही. सुरुवातीला कथा सुंदर आणि आकर्षक वाटते; तरी दुसऱ्या अर्ध्यात दिग्दर्शन कमकुवत होते. एकूण अनुभव मात्र निराशाजनक आहे.,Negative
सुरुवातीपासून शेवटपर्यंत चित्रपट गोंधळलेला राहतो आणि चित्रपट पाहिल्यानंतर विशेष काही लक्षात राहत नाही.,Negative
"काहीच खास नव्हतं या चित्रपटात. विनोदी प्रसंग हास्यास्पद वाटतात, हसू येण्याऐवजी वैताग येतो. मुख्य कलाकारांच्या भूमिकेत जीव ओतलेला जाणवलाच नाही. अभिनेत्यांचा अभिनय अगदीच सुमार आणि कृत्रिम वाटला. पुन्हा असा चित्रपट बघण्याची इच्छा नाही.",Negative
कथानक आणि भावनिक सादरीकरण दोन्ही फिका आहेत; त्यामुळे कथानकात नवीनपणा जाणवत नाही.,Negative
चित्रपट अजिबात उत्तम नाही; उलट पार्श्वसंगीत खूप कृत्रिम आहे.,Negative
कथेपासून अभिनयापर्यंत सर्व काही दर्जेदार वाटले; चित्रपटाचा अनुभव मनाला आनंद देतो.,Positive
"सुरुवात थोडी कंटाळवाणी आणि संथ आहे; कंटाळवाणा नाही असे एकूण चित्रपटाबद्दल म्हणता येणार नाही. तरी पुढे पात्रांचा प्रवास खूप प्रभावी होतो. एकूण अनुभव वाईट नाही, उलट समाधानकारक आहे.",Positive
कथा अजिबात निरस नाही आणि शेवट समाधानकारक वाटतो.,Positive
हा चित्रपट पुन्हा पाहावासा वाटतो कारण कथानक खूप मनमोहक आहे.,Positive
चित्रपट अजिबात कंटाळवाणा नाही; उलट दृश्यरचना खूप हृदयस्पर्शी आहे.,Positive
चित्रपटाची संवाद खूप सुंदर आहे आणि दिग्दर्शकाने विषयाला योग्य न्याय दिला.,Positive
चित्रपटाने पूर्णपणे निराश केले; दिग्दर्शन विशेष सुमार आहे.,Negative
या चित्रपटाची कथा मनाला भिडते आणि चित्रपटाचा अनुभव मनाला आनंद देतो.,Positive
संगीत विशेष आवडले नाही आणि गाणी कथेत बसत नाहीत. यामुळे चित्रपटाचा प्रभाव कमी होतो.,Negative
"उगाच हाईप केलेला सिनेमा, प्रत्यक्षात काही दम नाही. पार्श्वसंगीत उगाचच मोठ्या आवाजात आणि त्रासदायक वाटतं. क्लायमॅक्स अगदीच अपेक्षित आणि सपक झाला आहे. पटकथा खूपच विस्कळीत असल्यामुळे कथा नीट समजतच नाही. OTT वर आला तरी बघावासा वाटत नाही.",Negative
सुरुवातीपासूनच चित्रपट प्रेक्षकांना पकडून ठेवतो. क्लायमॅक्स इतका जबरदस्त आहे की अंगावर काटा येतो. पार्श्वसंगीत प्रसंगांची तीव्रता अजून वाढवतं. थिएटरमध्ये जाऊन नक्की एन्जॉय करा.,Positive
संपूर्ण चित्रपट उत्तम आहे आणि विनोदी प्रसंग मुळे अनुभव आणखी सुंदर झाला.,Positive
हा चित्रपट हृदयस्पर्शी वाटतो; प्रत्येक प्रसंग लक्षात राहतो.,Positive
सिनेमा सुरुवातीपासून शेवटपर्यंत खिळवून ठेवतो. कथा अगदी वेगळी आणि विचार करायला लावणारी आहे.,Positive
"पैसे वसूल चित्रपट, अजिबात निराश करत नाही. पार्श्वसंगीत प्रसंगांची तीव्रता अजून वाढवतं. पटकथा घट्ट बांधलेली असल्यामुळे कुठेही कंटाळा येत नाही. थिएटरमध्ये जाऊन नक्की एन्जॉय करा.",Positive
संपूर्ण चित्रपट सुमार आहे आणि छायाचित्रण मुळे अनुभव खराब झाला.,Negative
कथा अजिबात वाईट नाही आणि कलाकारांनी भूमिका जिवंत केल्या आहेत.,Positive
कमकुवत नाही असे अंतिम निष्कर्ष काढणे योग्य ठरणार नाही. सुरुवात थोडी कंटाळवाणी आणि संथ आहे; पण पुढे कथा इतकी सुंदर उलगडते. चित्रपटाने निराश केले नाही; उलट तो खूप आवडला.,Positive
चित्रपटाची शेवट खूप गोंधळलेला आहे आणि कथा पुढे सरकत नाही.,Negative
खूप वेळाने मराठी चित्रपटसृष्टीत असा दर्जेदार सिनेमा आला. दिग्दर्शकाने प्रत्येक प्रसंग अतिशय सुंदर पद्धतीने मांडला आहे. गाण्यांचे शब्द आणि चाल दोन्ही मनाला भावतात. व्हीएफएक्स दर्जेदार असून हॉलिवूडच्या तोडीचे वाटतात. सर्वांना शिफारस करेन असा हा चित्रपट आहे.,Positive
या चित्रपटाची संगीत निराश करते आणि दिग्दर्शनाने विषयाला योग्य न्याय दिला नाही.,Negative
हा चित्रपट सुंदर वाटतो; चित्रपट पाहताना उत्सुकता कायम राहते.,Positive
चित्रपट अजिबात निरस नाही; उलट भावनिक सादरीकरण खूप नैसर्गिक आहे.,Positive
सुरुवात थोडी कंटाळवाणी आणि संथ आहे; खराब नाही असे एकूण चित्रपटाबद्दल म्हणता येणार नाही. पण पुढे कथा इतकी सुंदर उलगडते. त्यामुळे सुरुवातीचे नकारात्मक संकेत दिशाभूल करणारे ठरतात.,Positive
"चित्रपट पाहताना कलाकारांच्या कामगिरीत उत्साह जाणवत नाही, कारण संवाद खूप फिका आहे.",Negative
"इतका रटाळ चित्रपट खूप दिवसांनी पाहिला. भावनिक प्रसंगांमध्ये सुद्धा काहीच परिणाम जाणवत नाही. विनोदी प्रसंग हास्यास्पद वाटतात, हसू येण्याऐवजी वैताग येतो. वेळ असेल तरी बघू नका असा सल्ला देईन.",Negative
"सुरुवात थोडी कंटाळवाणी आणि संथ आहे; निराश केले नाही असे एकूण चित्रपटाबद्दल म्हणता येणार नाही. मात्र दुसऱ्या अर्ध्यात चित्रपट पूर्णपणे बदलतो. शेवट अजिबात खराब नाही, उलट मनाला भिडतो.",Positive
सुरुवात थोडी कंटाळवाणी आणि संथ आहे; खराब नाही असे एकूण चित्रपटाबद्दल म्हणता येणार नाही. मात्र दुसऱ्या अर्ध्यात चित्रपट पूर्णपणे बदलतो. उणिवा असूनही शेवटी चित्रपट मन जिंकून घेतो.,Positive
चित्रपटाने अजिबात निराश केले नाही; संगीत विशेष मनमोहक आहे.,Positive
"सुरुवातीला कथा सुंदर आणि आकर्षक वाटते. मात्र नंतर कथा इतकी रटाळ होते, पण त्यामुळे हा चित्रपट समाधानकारक म्हणता येत नाही.",Negative
सुरुवातीला कथा सुंदर आणि आकर्षक वाटते; समाधानकारक नाही असे एकूण चित्रपटाबद्दल म्हणता येणार नाही. मात्र नंतर कथा इतकी रटाळ होते. त्यामुळे सुंदर क्षण असूनही चित्रपट आवडत नाही.,Negative
भावनिक सादरीकरण आणि अभिनय दोन्ही उत्तम आहेत; त्यामुळे संगीताने प्रसंगांची परिणामकारकता वाढवली.,Positive
हा चित्रपट निराश करणारा नाही; एकूण अनुभव चांगला आहे. हा अनुभव नक्कीच समाधानकारक वाटतो.,Positive
संपूर्ण चित्रपट प्रभावी आहे आणि मुख्य कलाकाराचा अभिनय मुळे अनुभव आणखी सुंदर झाला.,Positive
या चित्रपटाची मुख्य कलाकाराचा अभिनय निराश करते आणि दिग्दर्शनाने विषयाला योग्य न्याय दिला नाही.,Negative
मनाला भिडणारा नाही असे अंतिम निष्कर्ष काढणे योग्य ठरणार नाही. सुरुवातीला कथा सुंदर आणि आकर्षक वाटते; तरी दुसऱ्या अर्ध्यात दिग्दर्शन कमकुवत होते. शेवटामुळे आधीचे चांगले क्षणही फिके पडतात.,Negative
चित्रपटाने वेळ कसा गेला कळले नाही आणि मांडणी खरोखर हृदयस्पर्शी आहे.,Positive
सुरुवात थोडी कंटाळवाणी आणि संथ आहे; निराशाजनक नाही असे एकूण चित्रपटाबद्दल म्हणता येणार नाही. पण पुढे कथा इतकी सुंदर उलगडते. एकूण परिणाम सकारात्मक आणि समाधान देणारा आहे.,Positive
कथानकमध्ये काहीही वाईट वाटत नाही; मांडणी खूप कौतुकास्पद आहे.,Positive
सुरुवातीला कथा सुंदर आणि आकर्षक वाटते; प्रभावी नाही असे एकूण चित्रपटाबद्दल म्हणता येणार नाही. तरी दुसऱ्या अर्ध्यात दिग्दर्शन कमकुवत होते. शेवटी चित्रपट समाधान देत नाही.,Negative
चित्रपटातील दिग्दर्शन पाहून दिग्दर्शनाने विषयाला योग्य न्याय दिला नाही; एकूण अनुभव कमकुवत आहे.,Negative
चित्रपटाने कुटुंबासोबत पाहण्यासारखा अनुभव मिळतो आणि शेवट खरोखर कौतुकास्पद आहे.,Positive
या चित्रपटाची संवाद मनाला भिडते आणि प्रत्येक फ्रेम विचारपूर्वक सादर केली आहे.,Positive
चित्रपटातील मुख्य कलाकाराचा अभिनय पाहून काही दृश्ये अजिबात गरजेची वाटत नाहीत; एकूण अनुभव निरस आहे.,Negative
कथाचा दृश्यरचना अप्रतिम असून संगीताने प्रसंगांची परिणामकारकता वाढवली.,Positive
सुरुवातीपासून शेवटपर्यंत चित्रपट प्रभावी राहतो आणि प्रत्येक प्रसंग लक्षात राहतो.,Positive
चित्रपटातील दृश्यरचना पाहून शेवट निराश करतो; एकूण अनुभव अतिशय संथ आहे.,Negative
खूप वेळाने मराठी चित्रपटसृष्टीत असा दर्जेदार सिनेमा आला. दिग्दर्शनातली बारकाई प्रत्येक दृश्यात जाणवते. कुटुंबासोबत थिएटरमध्ये जाऊन बघण्यासारखा सिनेमा आहे.,Positive
सुरुवातीला कथा सुंदर आणि आकर्षक वाटते; तरी दुसऱ्या अर्ध्यात दिग्दर्शन कमकुवत होते. त्यामुळे अंतिम अनुभव अपेक्षाभंग करणारा ठरतो.,Negative
या चित्रपटाची पटकथा निराश करते आणि पटकथा शेवटपर्यंत प्रभावी राहत नाही.,Negative
सुरुवातीपासून शेवटपर्यंत चित्रपट फिका राहतो आणि चित्रपट पाहिल्यानंतर विशेष काही लक्षात राहत नाही.,Negative
हा चित्रपट रंजक वाटतो; कुटुंबासोबत पाहण्यासारखा अनुभव मिळतो.,Positive
चित्रपटाने संवाद कृत्रिम वाटतात आणि शेवट खरोखर गोंधळलेला आहे.,Negative
खरंच अशा चित्रपटांची गरज आहे मराठी सृष्टीला. दिग्दर्शकाने प्रत्येक प्रसंग अतिशय सुंदर पद्धतीने मांडला आहे. पटकथा घट्ट बांधलेली असल्यामुळे कुठेही कंटाळा येत नाही.,Positive
थिएटरमध्ये जाऊन बघण्यासारखा चित्रपट आहे हा. संगीत कानाला खूप गोड लागतं आणि गाणी सुद्धा सुरेख आहेत. दिग्दर्शकाने प्रत्येक प्रसंग अतिशय सुंदर पद्धतीने मांडला आहे. पटकथा घट्ट बांधलेली असल्यामुळे कुठेही कंटाळा येत नाही. असे चित्रपट वारंवार यायला हवेत.,Positive
दृश्यरचना इतका नैसर्गिक आहे की भावनिक प्रसंग मनाला स्पर्श करतात.,Positive
चित्रपटाने अजिबात निराश केले नाही; मुख्य कलाकाराचा अभिनय विशेष हृदयस्पर्शी आहे.,Positive
एवढा भिकार सिनेमा अलीकडे बघितला नव्हता. व्हीएफएक्स इतके स्वस्त वाटतात की हसू येतं. थिएटरमध्ये पैसे खर्च करण्याआधी नक्की विचार करा.,Negative
मुख्य कलाकाराचा अभिनय आणि संगीत दोन्ही गोंधळलेला आहेत; त्यामुळे चित्रपटाची लांबी त्रासदायक ठरते.,Negative
खूप दिवसांनी असा जबरदस्त चित्रपट पाहिला. विनोदी प्रसंग अगदी सहज आणि टाइमिंगसह मांडले आहेत. एकदा तरी नक्की बघावा असा हा चित्रपट आहे.,Positive
"मस्त सिनेमा आहे, नक्की बघा. अॅक्शन सीन्स एकदम जबरदस्त आणि रिअलिस्टिक वाटतात. अभिनेत्यांचा अभिनय खूपच नैसर्गिक आणि प्रभावी वाटला.",Positive
या कलाकृतीचा विनोदी प्रसंग कमकुवत असून चित्रपट पाहताना वारंवार कंटाळा आला.,Negative
चित्रपटाची कथा खूप नैसर्गिक आहे आणि चित्रपट पाहून मन प्रसन्न झाले.,Positive
चित्रपटातील पटकथा पाहून प्रत्येक प्रसंग लक्षात राहतो; एकूण अनुभव प्रभावी आहे.,Positive
सुरुवातीला कथा सुंदर आणि आकर्षक वाटते; उत्तम नाही असे एकूण चित्रपटाबद्दल म्हणता येणार नाही. मात्र नंतर कथा इतकी रटाळ होते. त्यामुळे हा चित्रपट समाधानकारक म्हणता येत नाही.,Negative
सुरुवातीपासून शेवटपर्यंत चित्रपट कौतुकास्पद राहतो आणि दिग्दर्शकाने विषयाला योग्य न्याय दिला.,Positive
कंटाळवाणा नाही असे अंतिम निष्कर्ष काढणे योग्य ठरणार नाही. सुरुवात थोडी कंटाळवाणी आणि संथ आहे; मात्र दुसऱ्या अर्ध्यात चित्रपट पूर्णपणे बदलतो. उणिवा असूनही शेवटी चित्रपट मन जिंकून घेतो.,Positive
"चित्रपटात संगीत कमकुवत आहे, त्यामुळे चित्रपट पाहताना वारंवार कंटाळा आला.",Negative
सुरुवात थोडी कंटाळवाणी आणि संथ आहे; निराशाजनक नाही असे एकूण चित्रपटाबद्दल म्हणता येणार नाही. पण पुढे कथा इतकी सुंदर उलगडते. अखेरीस हा अनुभव अजिबात असमाधानकारक राहत नाही.,Positive
सुरुवातीला कथा सुंदर आणि आकर्षक वाटते; सुंदर नाही असे एकूण चित्रपटाबद्दल म्हणता येणार नाही. पण पुढे पटकथा पूर्णपणे गोंधळते. अखेरीस एकूण परिणाम कमकुवत ठरतो.,Negative
चित्रपट अपेक्षेइतका चांगला नाही आणि अनेक प्रसंग फिके आहेत. त्यामुळे चित्रपट फारसा प्रभावी वाटत नाही.,Negative
"चित्रपट पाहताना सर्व कलाकारांची कामगिरी लक्षात राहते, कारण मुख्य कलाकाराचा अभिनय खूप नैसर्गिक आहे.",Positive
"चित्रपट पाहताना वेळ वाया गेल्यासारखे वाटले, कारण भावनिक सादरीकरण खूप अतिशय संथ आहे.",Negative
हा अनुभव वाईट नसून खूप उत्तम आहे; कलाकारांनी भूमिका जिवंत केल्या आहेत.,Positive
मुख्य कलाकाराचा अभिनय आणि कथानक दोन्ही अप्रतिम आहेत; त्यामुळे चित्रपटाचा अनुभव मनाला आनंद देतो.,Positive
"सुरुवात थोडी कंटाळवाणी आणि संथ आहे. पण पुढे कथा इतकी सुंदर उलगडते, पण चित्रपटाने निराश केले नाही; उलट तो खूप आवडला.",Positive
कथानकमध्ये काहीही कमकुवत वाटत नाही; मांडणी खूप हृदयस्पर्शी आहे.,Positive
"सुरुवात थोडी कंटाळवाणी आणि संथ आहे; मनाला न पटणारा नाही असे एकूण चित्रपटाबद्दल म्हणता येणार नाही. पण पुढे कथा इतकी सुंदर उलगडते. एकूण अनुभव वाईट नाही, उलट समाधानकारक आहे.",Positive
हा चित्रपट अपेक्षेपेक्षा अप्रतिम निघाला आणि वेळ कसा गेला कळले नाही.,Positive
संपूर्ण मांडणीचा कथानक रंजक असून चित्रपट पाहताना उत्सुकता कायम राहते.,Positive
कथा अजिबात कंटाळवाणा नाही आणि संगीताने प्रसंगांची परिणामकारकता वाढवली.,Positive
चित्रपटाची मांडणी खूप निरस आहे आणि वेळ वाया गेल्यासारखे वाटले.,Negative
सुरुवातीला कथा सुंदर आणि आकर्षक वाटते; मनाला भिडणारा नाही असे एकूण चित्रपटाबद्दल म्हणता येणार नाही. मात्र नंतर कथा इतकी रटाळ होते. एकूण परिणाम वाईट आणि असमाधानकारक राहतो.,Negative
"एकदम भारी चित्रपट, अपेक्षेपेक्षा जास्त आवडला. भावनिक प्रसंगांमध्ये डोळ्यात पाणी आल्याशिवाय राहत नाही. थिएटरमध्ये जाऊन नक्की एन्जॉय करा.",Positive
हा चित्रपट अपेक्षेपेक्षा उत्कृष्ट निघाला आणि चित्रपटाचा अनुभव मनाला आनंद देतो.,Positive
या चित्रपटाची पटकथा मनाला भिडते आणि दिग्दर्शकाने विषयाला योग्य न्याय दिला.,Positive
सुरुवातीला कथा सुंदर आणि आकर्षक वाटते; आशादायक नाही असे एकूण चित्रपटाबद्दल म्हणता येणार नाही. पण पुढे पटकथा पूर्णपणे गोंधळते. शेवटी चित्रपट समाधान देत नाही.,Negative
खूप दिवसांनी असा जबरदस्त चित्रपट पाहिला. शेवट अगदी समाधानकारक आणि हृदयस्पर्शी झाला आहे. अभिनेत्यांचा अभिनय खूपच नैसर्गिक आणि प्रभावी वाटला. प्रत्येक कलाकाराने आपल्या भूमिकेला योग्य न्याय दिला आहे.,Positive
फारसा वाईट नाही असे अंतिम निष्कर्ष काढणे योग्य ठरणार नाही. सुरुवात थोडी कंटाळवाणी आणि संथ आहे; तरी पुढे पात्रांचा प्रवास खूप प्रभावी होतो. सुरुवातीच्या उणिवा असूनही हा चित्रपट लक्षात राहतो.,Positive
या कलाकृतीमध्ये काहीही निरस वाटत नाही; शेवट खूप रंजक आहे.,Positive
संपूर्ण मांडणीचा दृश्यरचना प्रभावी असून कुटुंबासोबत पाहण्यासारखा अनुभव मिळतो.,Positive
सिनेमा सुरु झाल्यापासूनच कंटाळा येऊ लागला. छायाचित्रण अगदीच सामान्य दर्जाचं आहे.,Negative
सुरुवातीपासून शेवटपर्यंत चित्रपट उत्कृष्ट राहतो आणि चित्रपट पाहताना उत्सुकता कायम राहते.,Positive
कथेपासून अभिनयापर्यंत सर्व काही आकर्षक वाटले; संगीताने प्रसंगांची परिणामकारकता वाढवली.,Positive
चित्रपटाने चित्रपटाची लांबी त्रासदायक ठरते आणि पार्श्वसंगीत खरोखर निराशाजनक आहे.,Negative
सुरुवातीला कथा सुंदर आणि आकर्षक वाटते; मनाला भिडणारा नाही असे एकूण चित्रपटाबद्दल म्हणता येणार नाही. मात्र नंतर कथा इतकी रटाळ होते. म्हणून चांगल्या सुरुवातीचा फारसा उपयोग होत नाही.,Negative
सुरुवातीपासून शेवटपर्यंत चित्रपट अप्रतिम राहतो आणि भावनिक प्रसंग मनाला स्पर्श करतात.,Positive
सुरुवातीला कथा सुंदर आणि आकर्षक वाटते; यशस्वी नाही असे एकूण चित्रपटाबद्दल म्हणता येणार नाही. पण पुढे पटकथा पूर्णपणे गोंधळते. एकूण चित्रपट सकारात्मक कारणांसाठी लक्षात राहत नाही.,Negative
सुरुवात थोडी कंटाळवाणी आणि संथ आहे; अपेक्षाभंग करणारा नाही असे एकूण चित्रपटाबद्दल म्हणता येणार नाही. मात्र दुसऱ्या अर्ध्यात चित्रपट पूर्णपणे बदलतो. म्हणून एकूण चित्रपट अपेक्षेपेक्षा सुंदर वाटतो.,Positive
चित्रपटाने अजिबात निराश केले नाही; दिग्दर्शन विशेष रंजक आहे.,Positive
सिनेमागृहातून बाहेर पडताना खूप वैताग आला. व्हीएफएक्स इतके स्वस्त वाटतात की हसू येतं. सहकलाकारांचा अभिनयही अगदीच सामान्य आहे.,Negative
चित्रपटाची कथानक खूप कंटाळवाणा आहे आणि काही दृश्ये अजिबात गरजेची वाटत नाहीत.,Negative
हा अनुभव मनमोहक नसून खूप निरस आहे; चित्रपट पाहिल्यानंतर विशेष काही लक्षात राहत नाही.,Negative
अपेक्षा खूप होत्या पण चित्रपटाने साफ निराश केलं. शेवट इतका घाईघाईत गुंडाळलेला आहे की निराशा होते. दिग्दर्शन अगदीच कमकुवत असून प्रसंगांची मांडणी विस्कळीत आहे.,Negative
चित्रपटाची छायाचित्रण खूप कौतुकास्पद आहे आणि प्रत्येक फ्रेम विचारपूर्वक सादर केली आहे.,Positive
चित्रपटाने पूर्णपणे निराश केले; कथानक विशेष अस्ताव्यस्त आहे.,Negative
सुरुवातीला कथा सुंदर आणि आकर्षक वाटते; पण पुढे पटकथा पूर्णपणे गोंधळते. एकूण परिणाम वाईट आणि असमाधानकारक राहतो.,Negative
चित्रपटाने अजिबात निराश केले नाही; संवाद विशेष आकर्षक आहे.,Positive
कथेपासून अभिनयापर्यंत सर्व काही अप्रतिम वाटले; चित्रपट पाहून मन प्रसन्न झाले.,Positive
सुरुवातीपासून शेवटपर्यंत चित्रपट गोंधळलेला राहतो आणि पटकथा शेवटपर्यंत प्रभावी राहत नाही.,Negative
या चित्रपटाची मुख्य कलाकाराचा अभिनय निराश करते आणि कलाकारांच्या कामगिरीत उत्साह जाणवत नाही.,Negative
चित्रपटातील संवाद पाहून चित्रपटाची लांबी त्रासदायक ठरते; एकूण अनुभव फिका आहे.,Negative
कथेपासून अभिनयापर्यंत सर्व काही हृदयस्पर्शी वाटले; दिग्दर्शकाने विषयाला योग्य न्याय दिला.,Positive
संगीत इतका अस्ताव्यस्त आहे की अनेक प्रसंग विनाकारण लांबवले आहेत.,Negative
सुरुवातीपासून शेवटपर्यंत चित्रपट अंदाजे राहतो आणि काही दृश्ये अजिबात गरजेची वाटत नाहीत.,Negative
सुरुवातीला कथा सुंदर आणि आकर्षक वाटते; समाधानकारक नाही असे एकूण चित्रपटाबद्दल म्हणता येणार नाही. तरी दुसऱ्या अर्ध्यात दिग्दर्शन कमकुवत होते. एकूण परिणाम वाईट आणि असमाधानकारक राहतो.,Negative
सुंदर नाही असे अंतिम निष्कर्ष काढणे योग्य ठरणार नाही. सुरुवातीला कथा सुंदर आणि आकर्षक वाटते; पण पुढे पटकथा पूर्णपणे गोंधळते. शेवटामुळे आधीचे चांगले क्षणही फिके पडतात.,Negative
या वर्षीचा सर्वोत्तम मराठी चित्रपट असं म्हणता येईल. पार्श्वसंगीत प्रसंगांची तीव्रता अजून वाढवतं. कुटुंबासोबत थिएटरमध्ये जाऊन बघण्यासारखा सिनेमा आहे.,Positive
यशस्वी नाही असे अंतिम निष्कर्ष काढणे योग्य ठरणार नाही. सुरुवातीला कथा सुंदर आणि आकर्षक वाटते; मात्र नंतर कथा इतकी रटाळ होते. एकूण चित्रपट सकारात्मक कारणांसाठी लक्षात राहत नाही.,Negative
या चित्रपटाची भावनिक सादरीकरण निराश करते आणि काही दृश्ये अजिबात गरजेची वाटत नाहीत.,Negative
संवाद इतका सुंदर आहे की कलाकारांनी भूमिका जिवंत केल्या आहेत.,Positive
चित्रपटाची मांडणी खूप कृत्रिम आहे आणि चित्रपट पाहिल्यानंतर विशेष काही लक्षात राहत नाही.,Negative
"धमाल आहे एकदम, मजा आली. शेवट अगदी समाधानकारक आणि हृदयस्पर्शी झाला आहे.",Positive
संपूर्ण चित्रपट हृदयस्पर्शी आहे आणि संगीत मुळे अनुभव आणखी सुंदर झाला.,Positive
चित्रपटाची पटकथा खूप गोंधळलेला आहे आणि कथा पुढे सरकत नाही.,Negative
यशस्वी नाही असे अंतिम निष्कर्ष काढणे योग्य ठरणार नाही. सुरुवातीला कथा सुंदर आणि आकर्षक वाटते; तरी दुसऱ्या अर्ध्यात दिग्दर्शन कमकुवत होते. म्हणून चांगल्या सुरुवातीचा फारसा उपयोग होत नाही.,Negative
सुरुवातीपासूनच चित्रपट प्रेक्षकांना पकडून ठेवतो. क्लायमॅक्स इतका जबरदस्त आहे की अंगावर काटा येतो. संवाद खूप प्रभावी असून थेट मनाला भिडतात.,Positive
चित्रपट अजिबात दर्जेदार नाही; उलट पार्श्वसंगीत खूप कृत्रिम आहे.,Negative
सुरुवातीला कथा सुंदर आणि आकर्षक वाटते; समाधानकारक नाही असे एकूण चित्रपटाबद्दल म्हणता येणार नाही. पण पुढील भाग इतका कंटाळवाणा आहे. शेवटी चित्रपट समाधान देत नाही.,Negative
सुरुवातीला कथा सुंदर आणि आकर्षक वाटते; मात्र नंतर कथा इतकी रटाळ होते. त्यामुळे हा चित्रपट समाधानकारक म्हणता येत नाही.,Negative
"चित्रपटात मुख्य कलाकाराचा अभिनय कमकुवत आहे, त्यामुळे कलाकारांच्या कामगिरीत उत्साह जाणवत नाही.",Negative
पार्श्वसंगीत इतका गोंधळलेला आहे की कथानकात नवीनपणा जाणवत नाही.,Negative
आशादायक नाही असे अंतिम निष्कर्ष काढणे योग्य ठरणार नाही. सुरुवातीला कथा सुंदर आणि आकर्षक वाटते; मात्र नंतर कथा इतकी रटाळ होते. त्यामुळे हा चित्रपट समाधानकारक म्हणता येत नाही.,Negative
हा चित्रपट अपेक्षेपेक्षा निरस निघाला आणि काही दृश्ये अजिबात गरजेची वाटत नाहीत.,Negative
कथेपासून अभिनयापर्यंत सर्व काही आकर्षक वाटले; वेळ कसा गेला कळले नाही.,Positive
सुरुवात थोडी कंटाळवाणी आणि संथ आहे; कंटाळवाणा नाही असे एकूण चित्रपटाबद्दल म्हणता येणार नाही. तरी पुढे पात्रांचा प्रवास खूप प्रभावी होतो. म्हणून एकूण चित्रपट अपेक्षेपेक्षा सुंदर वाटतो.,Positive
चित्रपटाने कथा पुढे सरकत नाही आणि मुख्य कलाकाराचा अभिनय खरोखर अप्रभावी आहे.,Negative
कथेपासून अभिनयापर्यंत सर्व काही रंजक वाटले; भावनिक प्रसंग मनाला स्पर्श करतात.,Positive
"चित्रपट पाहताना दिग्दर्शनाने विषयाला योग्य न्याय दिला नाही, कारण दिग्दर्शन खूप अंदाजे आहे.",Negative
इतका रटाळ चित्रपट खूप दिवसांनी पाहिला. अॅक्शन सीन्स अगदीच बनावट आणि कंटाळवाणे वाटतात. वेळ असेल तरी बघू नका असा सल्ला देईन.,Negative
अभिनय इतका मनमोहक आहे की कथा शेवटपर्यंत पकडून ठेवते.,Positive
"धमाल आहे एकदम, मजा आली. पटकथा घट्ट बांधलेली असल्यामुळे कुठेही कंटाळा येत नाही.",Positive
संपूर्ण चित्रपट प्रभावी आहे आणि संगीत मुळे अनुभव आणखी सुंदर झाला.,Positive
"फुकट गेला वेळ यार पूर्ण. विनोदी प्रसंग हास्यास्पद वाटतात, हसू येण्याऐवजी वैताग येतो.",Negative
सुंदर नाही असे अंतिम निष्कर्ष काढणे योग्य ठरणार नाही. सुरुवातीला कथा सुंदर आणि आकर्षक वाटते; मात्र नंतर कथा इतकी रटाळ होते. एकूण चित्रपट सकारात्मक कारणांसाठी लक्षात राहत नाही.,Negative
चित्रपटातील भावनिक सादरीकरण पाहून भावनिक प्रसंगांचा परिणाम होत नाही; एकूण अनुभव निराशाजनक आहे.,Negative
"इतका रटाळ चित्रपट खूप दिवसांनी पाहिला. कथेत काहीच नावीन्य नाही, सगळं आधीच पाहिलेलं वाटतं. संगीत काहीच लक्षात राहण्यासारखं नाही. पूर्णपणे टाइमपास वाया गेला असं वाटलं.",Negative
सुरुवातीपासून शेवटपर्यंत चित्रपट फिका राहतो आणि शेवट निराश करतो.,Negative
उत्कृष्ट नाही असे अंतिम निष्कर्ष काढणे योग्य ठरणार नाही. सुरुवातीला कथा सुंदर आणि आकर्षक वाटते; पण पुढे पटकथा पूर्णपणे गोंधळते. शेवटी चित्रपट समाधान देत नाही.,Negative
"हा सिनेमा वाईट नाही असे वाटावे अशी सुरुवात झाली, पण पुढे तो खूप कंटाळवाणा झाला. त्यामुळे पुन्हा पाहण्याची इच्छा होत नाही.",Negative
या चित्रपटाची भावनिक सादरीकरण निराश करते आणि कथानकात नवीनपणा जाणवत नाही.,Negative
चित्रपट अजिबात उत्कृष्ट नाही; उलट संगीत खूप अंदाजे आहे.,Negative
"सिनेमा बघून मन अगदी प्रसन्न झालं. छायाचित्रण अप्रतिम आहे, प्रत्येक फ्रेम एखाद्या चित्रासारखी वाटते. सहकलाकारांचाही अभिनय तितकाच दमदार आहे. या चित्रपटाला पाच पैकी पाच स्टार्स.",Positive
चित्रपट अजिबात निराशाजनक नाही; उलट दृश्यरचना खूप मनमोहक आहे.,Positive
कथानकमध्ये काहीही मनमोहक वाटत नाही; छायाचित्रण खूप अप्रभावी आहे.,Negative
भावनिक सादरीकरण आणि संवाद दोन्ही उत्कृष्ट आहेत; त्यामुळे संगीताने प्रसंगांची परिणामकारकता वाढवली.,Positive
पूर्ण कुटुंबासोबत बघण्यासारखा सुंदर चित्रपट आहे. शेवट अगदी समाधानकारक आणि हृदयस्पर्शी झाला आहे. मराठी चित्रपटसृष्टीसाठी अभिमानास्पद कलाकृती आहे.,Positive
संपूर्ण चित्रपट कृत्रिम आहे आणि पार्श्वसंगीत मुळे अनुभव खराब झाला.,Negative
चित्रपट संथ नाही; कथा छान वेगाने पुढे जाते. पुन्हा पाहायला देखील आवडेल.,Positive
"फारसा वाईट नाही असे अंतिम निष्कर्ष काढणे योग्य ठरणार नाही. सुरुवात थोडी कंटाळवाणी आणि संथ आहे; पण पुढे कथा इतकी सुंदर उलगडते. एकूण अनुभव वाईट नाही, उलट समाधानकारक आहे.",Positive
सिनेमागृहातून बाहेर पडताना चेहऱ्यावर हसू होतं. दिग्दर्शकाने प्रत्येक प्रसंग अतिशय सुंदर पद्धतीने मांडला आहे.,Positive
सुरुवातीपासून शेवटपर्यंत चित्रपट अंदाजे राहतो आणि चित्रपट पाहताना वारंवार कंटाळा आला.,Negative
"चित्रपटात पार्श्वसंगीत कमकुवत आहे, त्यामुळे कथानकात नवीनपणा जाणवत नाही.",Negative
हा चित्रपट पुन्हा पाहावासा वाटतो कारण कथा खूप उत्कृष्ट आहे.,Positive
"चित्रपटात भावनिक सादरीकरण उत्तम आहे, त्यामुळे वेळ कसा गेला कळले नाही.",Positive
हा चित्रपट पुन्हा पाहावासा वाटतो कारण दृश्यरचना खूप आकर्षक आहे.,Positive
"चित्रपट पाहताना वेळ कसा गेला कळले नाही, कारण शेवट खूप आकर्षक आहे.",Positive
कथेपासून अभिनयापर्यंत बरेच काही सुमार वाटले; चित्रपटाची लांबी त्रासदायक ठरते.,Negative
पूर्ण कुटुंबासोबत बघण्यासारखा सुंदर चित्रपट आहे. संवाद खूप प्रभावी असून थेट मनाला भिडतात. मुख्य कलाकारांनी आपापल्या भूमिका उत्कृष्टपणे साकारल्या आहेत. एकदा तरी नक्की बघावा असा हा चित्रपट आहे.,Positive
संपूर्ण चित्रपट निरस आहे आणि अभिनय मुळे अनुभव खराब झाला.,Negative
चित्रपटाने कलाकारांनी भूमिका जिवंत केल्या आहेत आणि संगीत खरोखर उत्कृष्ट आहे.,Positive
"चित्रपटात दिग्दर्शन उत्तम आहे, त्यामुळे चित्रपट पाहताना उत्सुकता कायम राहते.",Positive
पूर्ण कुटुंबासोबत बघण्यासारखा सुंदर चित्रपट आहे. शेवट अगदी समाधानकारक आणि हृदयस्पर्शी झाला आहे. असे चित्रपट वारंवार यायला हवेत.,Positive
चित्रपटाने पूर्णपणे निराश केले; दिग्दर्शन विशेष अतिशय संथ आहे.,Negative
"चित्रपट पाहताना काही दृश्ये अजिबात गरजेची वाटत नाहीत, कारण छायाचित्रण खूप निरस आहे.",Negative
सुरुवातीला कथा सुंदर आणि आकर्षक वाटते; आकर्षक नाही असे एकूण चित्रपटाबद्दल म्हणता येणार नाही. तरी दुसऱ्या अर्ध्यात दिग्दर्शन कमकुवत होते. एकूण चित्रपट सकारात्मक कारणांसाठी लक्षात राहत नाही.,Negative
शेवट समाधानकारक नव्हता आणि संपूर्ण कथा विस्कळीत वाटली. यामुळे चित्रपटाचा प्रभाव कमी होतो.,Negative
शेवट इतका निरस आहे की कथानकात नवीनपणा जाणवत नाही.,Negative
हा अनुभव उत्कृष्ट नसून खूप अस्ताव्यस्त आहे; संवाद कृत्रिम वाटतात.,Negative
सिनेमा बघून मन अगदी प्रसन्न झालं. दिग्दर्शनातली बारकाई प्रत्येक दृश्यात जाणवते. कथेची मांडणी अशी आहे की पुढे काय होणार याची उत्सुकता कायम राहते. असे चित्रपट वारंवार यायला हवेत.,Positive
"चित्रपट पाहताना शेवट समाधानकारक वाटतो, कारण विनोदी प्रसंग खूप उत्कृष्ट आहे.",Positive
"चित्रपट पाहताना दिग्दर्शनाने विषयाला योग्य न्याय दिला नाही, कारण संगीत खूप सुमार आहे.",Negative
कथेपासून अभिनयापर्यंत बरेच काही अप्रभावी वाटले; शेवट निराश करतो.,Negative
"चित्रपट पाहताना चित्रपट पाहताना उत्सुकता कायम राहते, कारण मुख्य कलाकाराचा अभिनय खूप उत्तम आहे.",Positive
संपूर्ण मांडणीमध्ये काहीही अप्रभावी वाटत नाही; अभिनय खूप मनमोहक आहे.,Positive
थिएटरमध्ये जाऊन बघण्यासारखा चित्रपट आहे हा. कथा अगदी वेगळी आणि विचार करायला लावणारी आहे. पार्श्वसंगीत प्रसंगांची तीव्रता अजून वाढवतं. सर्वांना शिफारस करेन असा हा चित्रपट आहे.,Positive
संपूर्ण चित्रपट कमकुवत आहे आणि पटकथा मुळे अनुभव खराब झाला.,Negative
चित्रपटाची संवाद खूप सुमार आहे आणि शेवट निराश करतो.,Negative
खरंच अशा चित्रपटांची गरज आहे मराठी सृष्टीला. अॅक्शन सीन्स एकदम जबरदस्त आणि रिअलिस्टिक वाटतात. कथा अगदी वेगळी आणि विचार करायला लावणारी आहे. असे चित्रपट वारंवार यायला हवेत.,Positive
चित्रपट अजिबात प्रभावी नाही; उलट पार्श्वसंगीत खूप सुमार आहे.,Negative
हा चित्रपट अस्ताव्यस्त वाटतो; काही दृश्ये अजिबात गरजेची वाटत नाहीत.,Negative
चित्रपट अजिबात निरस नाही; उलट कथा खूप मनमोहक आहे.,Positive
सुरुवात थोडी कंटाळवाणी आणि संथ आहे; कमकुवत नाही असे एकूण चित्रपटाबद्दल म्हणता येणार नाही. तरी पुढे पात्रांचा प्रवास खूप प्रभावी होतो. एकूण परिणाम सकारात्मक आणि समाधान देणारा आहे.,Positive
हा चित्रपट पुन्हा पाहावासा वाटतो कारण कथा खूप आकर्षक आहे.,Positive
चित्रपटातील अभिनय पाहून भावनिक प्रसंगांचा परिणाम होत नाही; एकूण अनुभव निराशाजनक आहे.,Negative
"कंटाळवाणा नाही असे अंतिम निष्कर्ष काढणे योग्य ठरणार नाही. सुरुवात थोडी कंटाळवाणी आणि संथ आहे; पण पुढे कथा इतकी सुंदर उलगडते. शेवट अजिबात खराब नाही, उलट मनाला भिडतो.",Positive
अभिनय आणि छायाचित्रण दोन्ही निरस आहेत; त्यामुळे चित्रपटाची लांबी त्रासदायक ठरते.,Negative
"चित्रपट पाहताना पटकथा शेवटपर्यंत प्रभावी राहत नाही, कारण कथानक खूप अप्रभावी आहे.",Negative
"उगाच हाईप केलेला सिनेमा, प्रत्यक्षात काही दम नाही. सहकलाकारांचा अभिनयही अगदीच सामान्य आहे.",Negative
कथेपासून अभिनयापर्यंत सर्व काही रंजक वाटले; सर्व कलाकारांची कामगिरी लक्षात राहते.,Positive
सिनेमा बघून मन अगदी प्रसन्न झालं. विनोदी प्रसंग अगदी सहज आणि टाइमिंगसह मांडले आहेत. एकदा तरी नक्की बघावा असा हा चित्रपट आहे.,Positive
दिग्दर्शन आणि कथा दोन्ही अंदाजे आहेत; त्यामुळे पटकथा शेवटपर्यंत प्रभावी राहत नाही.,Negative
कथेपासून अभिनयापर्यंत बरेच काही अस्ताव्यस्त वाटले; दिग्दर्शनाने विषयाला योग्य न्याय दिला नाही.,Negative
उत्कृष्ट नाही असे अंतिम निष्कर्ष काढणे योग्य ठरणार नाही. सुरुवातीला कथा सुंदर आणि आकर्षक वाटते; पण पुढे पटकथा पूर्णपणे गोंधळते. एकूण चित्रपट सकारात्मक कारणांसाठी लक्षात राहत नाही.,Negative
खूप दिवसांनी असा जबरदस्त चित्रपट पाहिला. संवाद खूप प्रभावी असून थेट मनाला भिडतात.,Positive
अशा चित्रपटांमुळे मराठी सिनेमाची बदनामी होते. छायाचित्रण अगदीच सामान्य दर्जाचं आहे. अपेक्षा घेऊन गेलात तर नक्कीच निराश व्हाल.,Negative
चित्रपटाने कलाकारांच्या कामगिरीत उत्साह जाणवत नाही आणि संगीत खरोखर कंटाळवाणा आहे.,Negative
"चित्रपटात विनोदी प्रसंग कमकुवत आहे, त्यामुळे भावनिक प्रसंगांचा परिणाम होत नाही.",Negative
"चित्रपटात संवाद कमकुवत आहे, त्यामुळे कथानकात नवीनपणा जाणवत नाही.",Negative
कथेपासून अभिनयापर्यंत सर्व काही आकर्षक वाटले; कुटुंबासोबत पाहण्यासारखा अनुभव मिळतो.,Positive
चित्रपटाची पटकथा खूप निरस आहे आणि कलाकारांच्या कामगिरीत उत्साह जाणवत नाही.,Negative
समाधानकारक नाही असे अंतिम निष्कर्ष काढणे योग्य ठरणार नाही. सुरुवातीला कथा सुंदर आणि आकर्षक वाटते; पण पुढे पटकथा पूर्णपणे गोंधळते. त्यामुळे अंतिम अनुभव अपेक्षाभंग करणारा ठरतो.,Negative
हा चित्रपट सुंदर वाटतो; चित्रपटाचा अनुभव मनाला आनंद देतो.,Positive
"शेवट गोंधळात टाकणारा नाही, तो व्यवस्थित मांडलेला आहे. कलाकारांचे कामही मनापासून आवडले.",Positive
अभिनय इतका फिका आहे की चित्रपट पाहिल्यानंतर विशेष काही लक्षात राहत नाही.,Negative
हा अनुभव कंटाळवाणा नसून खूप दर्जेदार आहे; कुटुंबासोबत पाहण्यासारखा अनुभव मिळतो.,Positive
हा चित्रपट अपेक्षेपेक्षा अप्रभावी निघाला आणि संवाद कृत्रिम वाटतात.,Negative
पार्श्वसंगीत आणि भावनिक सादरीकरण दोन्ही अंदाजे आहेत; त्यामुळे कथानकात नवीनपणा जाणवत नाही.,Negative
छायाचित्रण इतका निराशाजनक आहे की कलाकारांच्या कामगिरीत उत्साह जाणवत नाही.,Negative
पूर्ण कुटुंबासोबत बघण्यासारखा सुंदर चित्रपट आहे. सहकलाकारांचाही अभिनय तितकाच दमदार आहे. असे चित्रपट वारंवार यायला हवेत.,Positive
कथा अजिबात उत्कृष्ट नाही आणि कथानकात नवीनपणा जाणवत नाही.,Negative
संपूर्ण चित्रपट कंटाळवाणा आहे आणि दृश्यरचना मुळे अनुभव खराब झाला.,Negative
या चित्रपटाची मांडणी मनाला भिडते आणि सर्व कलाकारांची कामगिरी लक्षात राहते.,Positive
सुरुवात थोडी कंटाळवाणी आणि संथ आहे; कंटाळवाणा नाही असे एकूण चित्रपटाबद्दल म्हणता येणार नाही. पण शेवटच्या भागात सुरुवातीच्या उणिवा मागे पडतात. चित्रपटाने निराश केले नाही; उलट तो खूप आवडला.,Positive
कथानक आणि भावनिक सादरीकरण दोन्ही मनमोहक आहेत; त्यामुळे वेळ कसा गेला कळले नाही.,Positive
"चित्रपट पाहताना सर्व कलाकारांची कामगिरी लक्षात राहते, कारण संवाद खूप सुंदर आहे.",Positive
कथानकचा पार्श्वसंगीत कृत्रिम असून अनेक प्रसंग विनाकारण लांबवले आहेत.,Negative
"चित्रपट पाहताना शेवट निराश करतो, कारण संगीत खूप फिका आहे.",Negative
"चित्रपटात छायाचित्रण कमकुवत आहे, त्यामुळे भावनिक प्रसंगांचा परिणाम होत नाही.",Negative
छायाचित्रण इतका कौतुकास्पद आहे की कथा शेवटपर्यंत पकडून ठेवते.,Positive
चित्रपटाची संवाद खूप कमकुवत आहे आणि कलाकारांच्या कामगिरीत उत्साह जाणवत नाही.,Negative
हा अनुभव अप्रभावी नसून खूप उत्तम आहे; प्रत्येक प्रसंग लक्षात राहतो.,Positive
सिनेमागृहातून बाहेर पडताना खूप वैताग आला. क्लायमॅक्स अगदीच अपेक्षित आणि सपक झाला आहे.,Negative
हा चित्रपट सुमार वाटतो; चित्रपटाची लांबी त्रासदायक ठरते.,Negative
"अशा चित्रपटांमुळे मराठी सिनेमाची बदनामी होते. छायाचित्रण अगदीच सामान्य दर्जाचं आहे. विनोदी प्रसंग हास्यास्पद वाटतात, हसू येण्याऐवजी वैताग येतो. पूर्णपणे टाइमपास वाया गेला असं वाटलं.",Negative
कथामध्ये काहीही उत्कृष्ट वाटत नाही; कथा खूप कंटाळवाणा आहे.,Negative
मांडणी आणि भावनिक सादरीकरण दोन्ही उत्कृष्ट आहेत; त्यामुळे चित्रपटाचा अनुभव मनाला आनंद देतो.,Positive
हा चित्रपट अपेक्षेपेक्षा अंदाजे निघाला आणि कथानकात नवीनपणा जाणवत नाही.,Negative
हा अनुभव मनमोहक नसून खूप कृत्रिम आहे; चित्रपट पाहताना वारंवार कंटाळा आला.,Negative
हा चित्रपट पुन्हा पाहावासा वाटत नाही कारण संवाद खूप सुमार आहे.,Negative
या वर्षीचा सर्वोत्तम मराठी चित्रपट असं म्हणता येईल. व्हीएफएक्स दर्जेदार असून हॉलिवूडच्या तोडीचे वाटतात. पटकथा घट्ट बांधलेली असल्यामुळे कुठेही कंटाळा येत नाही. कथेची मांडणी अशी आहे की पुढे काय होणार याची उत्सुकता कायम राहते.,Positive
"सिनेमागृहातून बाहेर पडताना खूप वैताग आला. विनोदी प्रसंग हास्यास्पद वाटतात, हसू येण्याऐवजी वैताग येतो. अभिनेत्यांचा अभिनय अगदीच सुमार आणि कृत्रिम वाटला. थिएटरमध्ये पैसे खर्च करण्याआधी नक्की विचार करा.",Negative
या चित्रपटाची मांडणी निराश करते आणि चित्रपट पाहताना वारंवार कंटाळा आला.,Negative
"चित्रपट पाहताना चित्रपटाची लांबी त्रासदायक ठरते, कारण कथानक खूप कंटाळवाणा आहे.",Negative
सुरुवात थोडी कंटाळवाणी आणि संथ आहे; असमाधानकारक नाही असे एकूण चित्रपटाबद्दल म्हणता येणार नाही. पण पुढे कथा इतकी सुंदर उलगडते. सुरुवातीच्या उणिवा असूनही हा चित्रपट लक्षात राहतो.,Positive
थिएटरमध्ये अर्ध्यातच झोप येत होती. व्हीएफएक्स इतके स्वस्त वाटतात की हसू येतं.,Negative
यशस्वी नाही असे अंतिम निष्कर्ष काढणे योग्य ठरणार नाही. सुरुवातीला कथा सुंदर आणि आकर्षक वाटते; मात्र नंतर कथा इतकी रटाळ होते. शेवटी चित्रपट समाधान देत नाही.,Negative
कथेपासून अभिनयापर्यंत बरेच काही अस्ताव्यस्त वाटले; पटकथा शेवटपर्यंत प्रभावी राहत नाही.,Negative
"पैसे वसूल चित्रपट, अजिबात निराश करत नाही. अॅक्शन सीन्स एकदम जबरदस्त आणि रिअलिस्टिक वाटतात.",Positive
सुरुवातीला कथा सुंदर आणि आकर्षक वाटते; आकर्षक नाही असे एकूण चित्रपटाबद्दल म्हणता येणार नाही. तरी दुसऱ्या अर्ध्यात दिग्दर्शन कमकुवत होते. शेवटी चित्रपट समाधान देत नाही.,Negative
एवढा भिकार सिनेमा अलीकडे बघितला नव्हता. भावनिक प्रसंगांमध्ये सुद्धा काहीच परिणाम जाणवत नाही. OTT वर आला तरी बघावासा वाटत नाही.,Negative
चित्रपटाने अजिबात निराश केले नाही; शेवट विशेष प्रभावी आहे.,Positive
सुरुवातीला कथा सुंदर आणि आकर्षक वाटते; प्रभावी नाही असे एकूण चित्रपटाबद्दल म्हणता येणार नाही. मात्र नंतर कथा इतकी रटाळ होते. त्यामुळे सुंदर क्षण असूनही चित्रपट आवडत नाही.,Negative
हा चित्रपट पुन्हा पाहावासा वाटतो कारण अभिनय खूप हृदयस्पर्शी आहे.,Positive
चित्रपटातील विनोदी प्रसंग पाहून चित्रपट पाहिल्यानंतर विशेष काही लक्षात राहत नाही; एकूण अनुभव कंटाळवाणा आहे.,Negative
"वाईट नाही असे अंतिम निष्कर्ष काढणे योग्य ठरणार नाही. सुरुवात थोडी कंटाळवाणी आणि संथ आहे; पण शेवटच्या भागात सुरुवातीच्या उणिवा मागे पडतात. शेवट अजिबात खराब नाही, उलट मनाला भिडतो.",Positive
कथाचा अभिनय दर्जेदार असून कथा शेवटपर्यंत पकडून ठेवते.,Positive
चित्रपटातील संवाद पाहून कलाकारांनी भूमिका जिवंत केल्या आहेत; एकूण अनुभव नैसर्गिक आहे.,Positive
सिनेमा सुरु झाल्यापासूनच कंटाळा येऊ लागला. पार्श्वसंगीत उगाचच मोठ्या आवाजात आणि त्रासदायक वाटतं. मराठी सिनेमाच्या नावाला कमीपणा आणणारा चित्रपट आहे.,Negative
फारसा वाईट नाही असे अंतिम निष्कर्ष काढणे योग्य ठरणार नाही. सुरुवात थोडी कंटाळवाणी आणि संथ आहे; तरी पुढे पात्रांचा प्रवास खूप प्रभावी होतो. त्यामुळे सुरुवातीचे नकारात्मक संकेत दिशाभूल करणारे ठरतात.,Positive
हा चित्रपट अपेक्षेपेक्षा अप्रभावी निघाला आणि कथा पुढे सरकत नाही.,Negative
"सिनेमा सुरु झाल्यापासूनच कंटाळा येऊ लागला. विनोदी प्रसंग हास्यास्पद वाटतात, हसू येण्याऐवजी वैताग येतो.",Negative
सुरुवातीला कथा सुंदर आणि आकर्षक वाटते; प्रभावी नाही असे एकूण चित्रपटाबद्दल म्हणता येणार नाही. मात्र नंतर कथा इतकी रटाळ होते. म्हणून चांगल्या सुरुवातीचा फारसा उपयोग होत नाही.,Negative
"सिनेमा सुरु झाल्यापासूनच कंटाळा येऊ लागला. गाणी उगाचच घुसवल्यासारखी वाटतात, कथेशी संबंधच नाही. वेळ असेल तरी बघू नका असा सल्ला देईन.",Negative
यशस्वी नाही असे अंतिम निष्कर्ष काढणे योग्य ठरणार नाही. सुरुवातीला कथा सुंदर आणि आकर्षक वाटते; तरी दुसऱ्या अर्ध्यात दिग्दर्शन कमकुवत होते. एकूण परिणाम वाईट आणि असमाधानकारक राहतो.,Negative
सुंदर नाही असे अंतिम निष्कर्ष काढणे योग्य ठरणार नाही. सुरुवातीला कथा सुंदर आणि आकर्षक वाटते; पण पुढे पटकथा पूर्णपणे गोंधळते. शेवटी चित्रपट समाधान देत नाही.,Negative
चांगला नाही असे अंतिम निष्कर्ष काढणे योग्य ठरणार नाही. सुरुवातीला कथा सुंदर आणि आकर्षक वाटते; तरी दुसऱ्या अर्ध्यात दिग्दर्शन कमकुवत होते. शेवटी चित्रपट समाधान देत नाही.,Negative
सुरुवातीला कथा सुंदर आणि आकर्षक वाटते; यशस्वी नाही असे एकूण चित्रपटाबद्दल म्हणता येणार नाही. मात्र नंतर कथा इतकी रटाळ होते. शेवटामुळे आधीचे चांगले क्षणही फिके पडतात.,Negative
हा चित्रपट हृदयस्पर्शी वाटतो; चित्रपट पाहून मन प्रसन्न झाले.,Positive
अशा चित्रपटांमुळे मराठी सिनेमाची बदनामी होते. काही कलाकारांची निवडच चुकीची वाटते. कथेत इतके लॉजिकल गॅप्स आहेत की डोकं दुखायला लागतं. थिएटरमध्ये पैसे खर्च करण्याआधी नक्की विचार करा.,Negative
कथा अजिबात कंटाळवाणा नाही आणि चित्रपट पाहताना उत्सुकता कायम राहते.,Positive
अशा चित्रपटांमुळे मराठी सिनेमाची बदनामी होते. पार्श्वसंगीत उगाचच मोठ्या आवाजात आणि त्रासदायक वाटतं.,Negative
कथेपासून अभिनयापर्यंत बरेच काही अंदाजे वाटले; कथा पुढे सरकत नाही.,Negative
चित्रपटातील संवाद पाहून दिग्दर्शनाने विषयाला योग्य न्याय दिला नाही; एकूण अनुभव कृत्रिम आहे.,Negative
संगीत इतका निराशाजनक आहे की अनेक प्रसंग विनाकारण लांबवले आहेत.,Negative
"मस्त सिनेमा आहे, नक्की बघा. संगीत कानाला खूप गोड लागतं आणि गाणी सुद्धा सुरेख आहेत. पुन्हा एकदा बघायला नक्कीच आवडेल.",Positive
"चित्रपट पाहताना चित्रपट पाहताना उत्सुकता कायम राहते, कारण अभिनय खूप उत्कृष्ट आहे.",Positive
या चित्रपटाची संगीत मनाला भिडते आणि चित्रपटाचा अनुभव मनाला आनंद देतो.,Positive
विनोदी प्रसंग इतका अप्रभावी आहे की चित्रपट पाहताना वारंवार कंटाळा आला.,Negative
चित्रपट अजिबात उत्तम नाही; उलट मांडणी खूप अंदाजे आहे.,Negative
या चित्रपटाची संवाद निराश करते आणि संवाद कृत्रिम वाटतात.,Negative
एवढा भिकार सिनेमा अलीकडे बघितला नव्हता. शेवट इतका घाईघाईत गुंडाळलेला आहे की निराशा होते. व्हीएफएक्स इतके स्वस्त वाटतात की हसू येतं. मराठी सिनेमाच्या नावाला कमीपणा आणणारा चित्रपट आहे.,Negative
सुरुवातीपासून शेवटपर्यंत चित्रपट नैसर्गिक राहतो आणि दिग्दर्शकाने विषयाला योग्य न्याय दिला.,Positive
या वर्षीचा सर्वोत्तम मराठी चित्रपट असं म्हणता येईल. कथा अगदी वेगळी आणि विचार करायला लावणारी आहे. एकदा तरी नक्की बघावा असा हा चित्रपट आहे.,Positive
"चित्रपट पाहताना संगीताने प्रसंगांची परिणामकारकता वाढवली, कारण मांडणी खूप आकर्षक आहे.",Positive
चित्रपटाने अजिबात निराश केले नाही; छायाचित्रण विशेष मनमोहक आहे.,Positive
चित्रपटाने भावनिक प्रसंग मनाला स्पर्श करतात आणि दृश्यरचना खरोखर प्रभावी आहे.,Positive
छायाचित्रण इतका प्रभावी आहे की कथा शेवटपर्यंत पकडून ठेवते.,Positive
हा चित्रपट पुन्हा पाहावासा वाटतो कारण छायाचित्रण खूप रंजक आहे.,Positive
"हा सिनेमा वाईट नाही असे वाटावे अशी सुरुवात झाली, पण पुढे तो खूप कंटाळवाणा झाला. यामुळे चित्रपटाचा प्रभाव कमी होतो.",Negative
चित्रपटातील अभिनय पाहून वेळ कसा गेला कळले नाही; एकूण अनुभव सुंदर आहे.,Positive
"चित्रपट पाहताना शेवट समाधानकारक वाटतो, कारण छायाचित्रण खूप सुंदर आहे.",Positive
चित्रपटाची मांडणी खूप रंजक आहे आणि भावनिक प्रसंग मनाला स्पर्श करतात.,Positive
सुरुवातीपासून शेवटपर्यंत चित्रपट सुमार राहतो आणि भावनिक प्रसंगांचा परिणाम होत नाही.,Negative
या कलाकृतीमध्ये काहीही कमकुवत वाटत नाही; छायाचित्रण खूप उत्तम आहे.,Positive
"चित्रपट पाहताना पटकथा शेवटपर्यंत प्रभावी राहत नाही, कारण मांडणी खूप निराशाजनक आहे.",Negative
संगीत इतका कौतुकास्पद आहे की कथा शेवटपर्यंत पकडून ठेवते.,Positive
हा अनुभव उत्कृष्ट नसून खूप गोंधळलेला आहे; संवाद कृत्रिम वाटतात.,Negative
या चित्रपटाची संगीत मनाला भिडते आणि कलाकारांनी भूमिका जिवंत केल्या आहेत.,Positive
सुरुवातीपासूनच चित्रपट प्रेक्षकांना पकडून ठेवतो. व्हीएफएक्स दर्जेदार असून हॉलिवूडच्या तोडीचे वाटतात. शेवट अगदी समाधानकारक आणि हृदयस्पर्शी झाला आहे. कथा अगदी वेगळी आणि विचार करायला लावणारी आहे. सर्वांना शिफारस करेन असा हा चित्रपट आहे.,Positive
"चित्रपटात कथानक कमकुवत आहे, त्यामुळे कथानकात नवीनपणा जाणवत नाही.",Negative
चित्रपटातील मांडणी पाहून वेळ वाया गेल्यासारखे वाटले; एकूण अनुभव अस्ताव्यस्त आहे.,Negative
कथामध्ये काहीही रंजक वाटत नाही; दृश्यरचना खूप निराशाजनक आहे.,Negative
चित्रपट अजिबात सुंदर नाही; उलट संगीत खूप अंदाजे आहे.,Negative
विनोदी प्रसंग इतका मनमोहक आहे की शेवट समाधानकारक वाटतो.,Positive
सुरुवात थोडी कंटाळवाणी आणि संथ आहे; मनाला न पटणारा नाही असे एकूण चित्रपटाबद्दल म्हणता येणार नाही. तरी पुढे पात्रांचा प्रवास खूप प्रभावी होतो. चित्रपटाने निराश केले नाही; उलट तो खूप आवडला.,Positive
मांडणी आणि विनोदी प्रसंग दोन्ही उत्तम आहेत; त्यामुळे प्रत्येक प्रसंग लक्षात राहतो.,Positive
"हा चित्रपट अजिबात बघण्यासारखा नाही. विनोदी प्रसंग हास्यास्पद वाटतात, हसू येण्याऐवजी वैताग येतो. कथेत इतके लॉजिकल गॅप्स आहेत की डोकं दुखायला लागतं. पूर्णपणे टाइमपास वाया गेला असं वाटलं.",Negative
चित्रपटचा मांडणी अप्रतिम असून कुटुंबासोबत पाहण्यासारखा अनुभव मिळतो.,Positive
"संगीत त्रासदायक नाही, गाणी कथेला छान साथ देतात. हा अनुभव नक्कीच समाधानकारक वाटतो.",Positive
चित्रपटचा विनोदी प्रसंग कौतुकास्पद असून कलाकारांनी भूमिका जिवंत केल्या आहेत.,Positive
हा अनुभव अप्रभावी नसून खूप आकर्षक आहे; सर्व कलाकारांची कामगिरी लक्षात राहते.,Positive
या कलाकृतीचा दृश्यरचना अतिशय संथ असून चित्रपट पाहताना वारंवार कंटाळा आला.,Negative
"चित्रपटात मांडणी कमकुवत आहे, त्यामुळे चित्रपट पाहताना वारंवार कंटाळा आला.",Negative
कथेपासून अभिनयापर्यंत बरेच काही कंटाळवाणा वाटले; कथानकात नवीनपणा जाणवत नाही.,Negative
खराब नाही असे अंतिम निष्कर्ष काढणे योग्य ठरणार नाही. सुरुवात थोडी कंटाळवाणी आणि संथ आहे; मात्र दुसऱ्या अर्ध्यात चित्रपट पूर्णपणे बदलतो. सुरुवातीच्या उणिवा असूनही हा चित्रपट लक्षात राहतो.,Positive
पटकथा आणि मुख्य कलाकाराचा अभिनय दोन्ही कृत्रिम आहेत; त्यामुळे वेळ वाया गेल्यासारखे वाटले.,Negative
कमकुवत नाही असे अंतिम निष्कर्ष काढणे योग्य ठरणार नाही. सुरुवात थोडी कंटाळवाणी आणि संथ आहे; मात्र दुसऱ्या अर्ध्यात चित्रपट पूर्णपणे बदलतो. सुरुवातीच्या उणिवा असूनही हा चित्रपट लक्षात राहतो.,Positive
चित्रपटातील शेवट पाहून भावनिक प्रसंग मनाला स्पर्श करतात; एकूण अनुभव हृदयस्पर्शी आहे.,Positive
सुरुवातीला कथा सुंदर आणि आकर्षक वाटते; समाधानकारक नाही असे एकूण चित्रपटाबद्दल म्हणता येणार नाही. मात्र नंतर कथा इतकी रटाळ होते. म्हणून चांगल्या सुरुवातीचा फारसा उपयोग होत नाही.,Negative
कथामध्ये काहीही उत्कृष्ट वाटत नाही; संवाद खूप अंदाजे आहे.,Negative
पूर्ण कुटुंबासोबत बघण्यासारखा सुंदर चित्रपट आहे. अॅक्शन सीन्स एकदम जबरदस्त आणि रिअलिस्टिक वाटतात. दिग्दर्शनातली बारकाई प्रत्येक दृश्यात जाणवते. कथा अगदी वेगळी आणि विचार करायला लावणारी आहे. पुन्हा एकदा बघायला नक्कीच आवडेल.,Positive
चित्रपटातील कथानक पाहून काही दृश्ये अजिबात गरजेची वाटत नाहीत; एकूण अनुभव कमकुवत आहे.,Negative
कथा आणि छायाचित्रण दोन्ही अस्ताव्यस्त आहेत; त्यामुळे दिग्दर्शनाने विषयाला योग्य न्याय दिला नाही.,Negative
चित्रपटातील दृश्यरचना पाहून कथा पुढे सरकत नाही; एकूण अनुभव अस्ताव्यस्त आहे.,Negative
"सुरुवात थोडी कंटाळवाणी आणि संथ आहे; अपेक्षाभंग करणारा नाही असे एकूण चित्रपटाबद्दल म्हणता येणार नाही. तरी पुढे पात्रांचा प्रवास खूप प्रभावी होतो. शेवट अजिबात खराब नाही, उलट मनाला भिडतो.",Positive
एकदम फाडू आहे यार सिनेमा.,Positive
आशादायक नाही असे अंतिम निष्कर्ष काढणे योग्य ठरणार नाही. सुरुवातीला कथा सुंदर आणि आकर्षक वाटते; पण पुढे पटकथा पूर्णपणे गोंधळते. अखेरीस एकूण परिणाम कमकुवत ठरतो.,Negative
अपेक्षाभंग करणारा नाही असे अंतिम निष्कर्ष काढणे योग्य ठरणार नाही. सुरुवात थोडी कंटाळवाणी आणि संथ आहे; पण पुढे कथा इतकी सुंदर उलगडते. म्हणून एकूण चित्रपट अपेक्षेपेक्षा सुंदर वाटतो.,Positive
संपूर्ण मांडणीमध्ये काहीही रंजक वाटत नाही; दिग्दर्शन खूप निराशाजनक आहे.,Negative
हा अनुभव कमकुवत नसून खूप मनमोहक आहे; दिग्दर्शकाने विषयाला योग्य न्याय दिला.,Positive
"वेळेचा आणि पैशांचा पूर्ण अपव्यय झाला. गाणी उगाचच घुसवल्यासारखी वाटतात, कथेशी संबंधच नाही.",Negative
या चित्रपटाची संगीत मनाला भिडते आणि प्रत्येक फ्रेम विचारपूर्वक सादर केली आहे.,Positive
चित्रपट अजिबात प्रभावी नाही; उलट भावनिक सादरीकरण खूप निरस आहे.,Negative
सुरुवात थोडी कंटाळवाणी आणि संथ आहे; अपेक्षाभंग करणारा नाही असे एकूण चित्रपटाबद्दल म्हणता येणार नाही. तरी पुढे पात्रांचा प्रवास खूप प्रभावी होतो. एकूण परिणाम सकारात्मक आणि समाधान देणारा आहे.,Positive
कथेपासून अभिनयापर्यंत बरेच काही अप्रभावी वाटले; अनेक प्रसंग विनाकारण लांबवले आहेत.,Negative
सुरुवातीपासून शेवटपर्यंत चित्रपट नैसर्गिक राहतो आणि कथा शेवटपर्यंत पकडून ठेवते.,Positive
यशस्वी नाही असे अंतिम निष्कर्ष काढणे योग्य ठरणार नाही. सुरुवातीला कथा सुंदर आणि आकर्षक वाटते; तरी दुसऱ्या अर्ध्यात दिग्दर्शन कमकुवत होते. त्यामुळे सुंदर क्षण असूनही चित्रपट आवडत नाही.,Negative
सिनेमा सुरुवातीपासून शेवटपर्यंत खिळवून ठेवतो. पार्श्वसंगीत प्रसंगांची तीव्रता अजून वाढवतं. कथा अगदी वेगळी आणि विचार करायला लावणारी आहे.,Positive
सुरुवातीला कथा सुंदर आणि आकर्षक वाटते; आशादायक नाही असे एकूण चित्रपटाबद्दल म्हणता येणार नाही. मात्र नंतर कथा इतकी रटाळ होते. त्यामुळे हा चित्रपट समाधानकारक म्हणता येत नाही.,Negative
चित्रपटमध्ये काहीही उत्कृष्ट वाटत नाही; संगीत खूप निरस आहे.,Negative
"सुरुवात थोडी कंटाळवाणी आणि संथ आहे; खराब नाही असे एकूण चित्रपटाबद्दल म्हणता येणार नाही. पण शेवटच्या भागात सुरुवातीच्या उणिवा मागे पडतात. शेवट अजिबात खराब नाही, उलट मनाला भिडतो.",Positive
हा अनुभव वाईट नसून खूप सुंदर आहे; शेवट समाधानकारक वाटतो.,Positive
चित्रपटातील संवाद पाहून कथा शेवटपर्यंत पकडून ठेवते; एकूण अनुभव उत्तम आहे.,Positive
"निराशाजनक नाही असे अंतिम निष्कर्ष काढणे योग्य ठरणार नाही. सुरुवात थोडी कंटाळवाणी आणि संथ आहे; तरी पुढे पात्रांचा प्रवास खूप प्रभावी होतो. शेवट अजिबात खराब नाही, उलट मनाला भिडतो.",Positive
"चित्रपटात पटकथा कमकुवत आहे, त्यामुळे पटकथा शेवटपर्यंत प्रभावी राहत नाही.",Negative
चित्रपटाने कथानकात नवीनपणा जाणवत नाही आणि पटकथा खरोखर निरस आहे.,Negative
हा अनुभव सुंदर नसून खूप गोंधळलेला आहे; शेवट निराश करतो.,Negative
हा अनुभव निराशाजनक नसून खूप रंजक आहे; सर्व कलाकारांची कामगिरी लक्षात राहते.,Positive
"अशा चित्रपटांमुळे मराठी सिनेमाची बदनामी होते. गाणी उगाचच घुसवल्यासारखी वाटतात, कथेशी संबंधच नाही. कथेत इतके लॉजिकल गॅप्स आहेत की डोकं दुखायला लागतं. या चित्रपटाला दोन पैकी अर्धा स्टार सुद्धा जास्त आहे.",Negative
या चित्रपटाची पटकथा निराश करते आणि कलाकारांच्या कामगिरीत उत्साह जाणवत नाही.,Negative
सुरुवात थोडी कंटाळवाणी आणि संथ आहे; खराब नाही असे एकूण चित्रपटाबद्दल म्हणता येणार नाही. पण पुढे कथा इतकी सुंदर उलगडते. म्हणून एकूण चित्रपट अपेक्षेपेक्षा सुंदर वाटतो.,Positive
या चित्रपटाची दृश्यरचना निराश करते आणि काही दृश्ये अजिबात गरजेची वाटत नाहीत.,Negative
मनाला न पटणारा नाही असे अंतिम निष्कर्ष काढणे योग्य ठरणार नाही. सुरुवात थोडी कंटाळवाणी आणि संथ आहे; तरी पुढे पात्रांचा प्रवास खूप प्रभावी होतो. एकूण परिणाम सकारात्मक आणि समाधान देणारा आहे.,Positive
चित्रपटाची कथा खूप सुंदर आहे आणि चित्रपट पाहताना उत्सुकता कायम राहते.,Positive
हा चित्रपट कमकुवत वाटतो; काही दृश्ये अजिबात गरजेची वाटत नाहीत.,Negative
चित्रपटाने सर्व कलाकारांची कामगिरी लक्षात राहते आणि छायाचित्रण खरोखर दर्जेदार आहे.,Positive
या चित्रपटाची मुख्य कलाकाराचा अभिनय मनाला भिडते आणि चित्रपट पाहून मन प्रसन्न झाले.,Positive
सुरुवातीला कथा सुंदर आणि आकर्षक वाटते; उत्कृष्ट नाही असे एकूण चित्रपटाबद्दल म्हणता येणार नाही. मात्र नंतर कथा इतकी रटाळ होते. अखेरीस एकूण परिणाम कमकुवत ठरतो.,Negative
चित्रपटमध्ये काहीही अप्रभावी वाटत नाही; पार्श्वसंगीत खूप दर्जेदार आहे.,Positive
"चित्रपट पाहताना चित्रपट पाहताना वारंवार कंटाळा आला, कारण भावनिक सादरीकरण खूप कृत्रिम आहे.",Negative
कथा अजिबात मनमोहक नाही आणि अनेक प्रसंग विनाकारण लांबवले आहेत.,Negative
हा चित्रपट पुन्हा पाहावासा वाटत नाही कारण अभिनय खूप गोंधळलेला आहे.,Negative
चित्रपटाने संगीताने प्रसंगांची परिणामकारकता वाढवली आणि मुख्य कलाकाराचा अभिनय खरोखर उत्कृष्ट आहे.,Positive
"एकदम टुकार सिनेमा आहे भाऊ. कथेत काहीच नावीन्य नाही, सगळं आधीच पाहिलेलं वाटतं.",Negative
हा चित्रपट चांगला नाही आणि कथा खूपच कंटाळवाणी आहे. त्यामुळे एकूण अनुभव निराशाजनक झाला.,Negative
चित्रपट अजिबात उत्कृष्ट नाही; उलट कथानक खूप कृत्रिम आहे.,Negative
संपूर्ण चित्रपट प्रभावी आहे आणि भावनिक सादरीकरण मुळे अनुभव आणखी सुंदर झाला.,Positive
हा अनुभव मनमोहक नसून खूप गोंधळलेला आहे; कथानकात नवीनपणा जाणवत नाही.,Negative
"उगाच हाईप केलेला सिनेमा, प्रत्यक्षात काही दम नाही. विनोदी प्रसंग हास्यास्पद वाटतात, हसू येण्याऐवजी वैताग येतो. दिग्दर्शन अगदीच कमकुवत असून प्रसंगांची मांडणी विस्कळीत आहे.",Negative
पार्श्वसंगीत आणि भावनिक सादरीकरण दोन्ही अंदाजे आहेत; त्यामुळे दिग्दर्शनाने विषयाला योग्य न्याय दिला नाही.,Negative
या चित्रपटाची मांडणी मनाला भिडते आणि चित्रपट पाहून मन प्रसन्न झाले.,Positive
या कलाकृतीमध्ये काहीही सुंदर वाटत नाही; कथानक खूप अंदाजे आहे.,Negative
सुरुवात थोडी कंटाळवाणी आणि संथ आहे; वाईट नाही असे एकूण चित्रपटाबद्दल म्हणता येणार नाही. पण पुढे कथा इतकी सुंदर उलगडते. त्यामुळे चित्रपट पाहिल्याचा निर्णय योग्य वाटतो.,Positive
या चित्रपटाची छायाचित्रण निराश करते आणि अनेक प्रसंग विनाकारण लांबवले आहेत.,Negative
चित्रपटमध्ये काहीही फिका वाटत नाही; दिग्दर्शन खूप नैसर्गिक आहे.,Positive
चित्रपटातील संवाद पाहून कलाकारांनी भूमिका जिवंत केल्या आहेत; एकूण अनुभव प्रभावी आहे.,Positive
या चित्रपटाची छायाचित्रण मनाला भिडते आणि संगीताने प्रसंगांची परिणामकारकता वाढवली.,Positive
हा चित्रपट गोंधळलेला वाटतो; चित्रपट पाहताना वारंवार कंटाळा आला.,Negative
"चित्रपटात अभिनय कमकुवत आहे, त्यामुळे संवाद कृत्रिम वाटतात.",Negative
निराशाजनक नाही असे अंतिम निष्कर्ष काढणे योग्य ठरणार नाही. सुरुवात थोडी कंटाळवाणी आणि संथ आहे; तरी पुढे पात्रांचा प्रवास खूप प्रभावी होतो. एकूण परिणाम सकारात्मक आणि समाधान देणारा आहे.,Positive
आशादायक नाही असे अंतिम निष्कर्ष काढणे योग्य ठरणार नाही. सुरुवातीला कथा सुंदर आणि आकर्षक वाटते; मात्र नंतर कथा इतकी रटाळ होते. एकूण परिणाम वाईट आणि असमाधानकारक राहतो.,Negative
मित्रांच्या सांगण्यावरून गेलो पण खूप पश्चाताप झाला. मुख्य कलाकारांच्या भूमिकेत जीव ओतलेला जाणवलाच नाही. अॅक्शन सीन्स अगदीच बनावट आणि कंटाळवाणे वाटतात.,Negative
अभिनय नैसर्गिक वाटला नाही आणि संवादही प्रभावी नाहीत. एकूण अनुभव समाधानकारक वाटत नाही.,Negative
या कलाकृतीचा पटकथा निराशाजनक असून संवाद कृत्रिम वाटतात.,Negative
या चित्रपटाची संगीत मनाला भिडते आणि चित्रपट पाहताना उत्सुकता कायम राहते.,Positive
"चित्रपटात मुख्य कलाकाराचा अभिनय कमकुवत आहे, त्यामुळे शेवट निराश करतो.",Negative
या वर्षीचा सर्वोत्तम मराठी चित्रपट असं म्हणता येईल. भावनिक प्रसंगांमध्ये डोळ्यात पाणी आल्याशिवाय राहत नाही. संवाद खूप प्रभावी असून थेट मनाला भिडतात. दिग्दर्शनातली बारकाई प्रत्येक दृश्यात जाणवते. असे चित्रपट वारंवार यायला हवेत.,Positive
"चित्रपट पाहताना चित्रपटाचा अनुभव मनाला आनंद देतो, कारण शेवट खूप प्रभावी आहे.",Positive
या चित्रपटाची संगीत निराश करते आणि वेळ वाया गेल्यासारखे वाटले.,Negative
कथा अजिबात अप्रतिम नाही आणि कलाकारांच्या कामगिरीत उत्साह जाणवत नाही.,Negative
मुख्य कलाकाराचा अभिनय इतका सुमार आहे की भावनिक प्रसंगांचा परिणाम होत नाही.,Negative
मराठी प्रेक्षकांची निराशा करणारा चित्रपट आहे हा. सहकलाकारांचा अभिनयही अगदीच सामान्य आहे. छायाचित्रण अगदीच सामान्य दर्जाचं आहे. पूर्णपणे टाइमपास वाया गेला असं वाटलं.,Negative
पटकथा आणि मुख्य कलाकाराचा अभिनय दोन्ही अतिशय संथ आहेत; त्यामुळे अनेक प्रसंग विनाकारण लांबवले आहेत.,Negative
कथेपासून अभिनयापर्यंत बरेच काही निराशाजनक वाटले; शेवट निराश करतो.,Negative
मांडणी इतका कमकुवत आहे की कथानकात नवीनपणा जाणवत नाही.,Negative
सुरुवातीला कथा सुंदर आणि आकर्षक वाटते; उत्तम नाही असे एकूण चित्रपटाबद्दल म्हणता येणार नाही. पण पुढे पटकथा पूर्णपणे गोंधळते. शेवटामुळे आधीचे चांगले क्षणही फिके पडतात.,Negative
उत्तम नाही असे अंतिम निष्कर्ष काढणे योग्य ठरणार नाही. सुरुवातीला कथा सुंदर आणि आकर्षक वाटते; मात्र नंतर कथा इतकी रटाळ होते. त्यामुळे सुंदर क्षण असूनही चित्रपट आवडत नाही.,Negative
चित्रपटाने दिग्दर्शनाने विषयाला योग्य न्याय दिला नाही आणि संगीत खरोखर सुमार आहे.,Negative
हा चित्रपट अपेक्षेपेक्षा अतिशय संथ निघाला आणि कथानकात नवीनपणा जाणवत नाही.,Negative
हा चित्रपट मनमोहक वाटतो; कथा शेवटपर्यंत पकडून ठेवते.,Positive
कंटाळवाणा नाही असे अंतिम निष्कर्ष काढणे योग्य ठरणार नाही. सुरुवात थोडी कंटाळवाणी आणि संथ आहे; पण पुढे कथा इतकी सुंदर उलगडते. म्हणून एकूण चित्रपट अपेक्षेपेक्षा सुंदर वाटतो.,Positive
निराश केले नाही असे अंतिम निष्कर्ष काढणे योग्य ठरणार नाही. सुरुवात थोडी कंटाळवाणी आणि संथ आहे; पण शेवटच्या भागात सुरुवातीच्या उणिवा मागे पडतात. चित्रपटाने निराश केले नाही; उलट तो खूप आवडला.,Positive
हा चित्रपट गोंधळलेला वाटतो; दिग्दर्शनाने विषयाला योग्य न्याय दिला नाही.,Negative
या कलाकृतीचा मांडणी रंजक असून दिग्दर्शकाने विषयाला योग्य न्याय दिला.,Positive
चित्रपट फारसा सामान्य नाही; त्यात वेगळेपणा जाणवतो. पुन्हा पाहायला देखील आवडेल.,Positive
कथा अजिबात वाईट नाही आणि शेवट समाधानकारक वाटतो.,Positive
कथा अजिबात सुंदर नाही आणि अनेक प्रसंग विनाकारण लांबवले आहेत.,Negative
संपूर्ण मांडणीमध्ये काहीही दर्जेदार वाटत नाही; अभिनय खूप कमकुवत आहे.,Negative
"पैसे वसूल चित्रपट, अजिबात निराश करत नाही. संगीत कानाला खूप गोड लागतं आणि गाणी सुद्धा सुरेख आहेत. दिग्दर्शनातली बारकाई प्रत्येक दृश्यात जाणवते. मराठी चित्रपटसृष्टीसाठी अभिमानास्पद कलाकृती आहे.",Positive
निराश केले नाही असे अंतिम निष्कर्ष काढणे योग्य ठरणार नाही. सुरुवात थोडी कंटाळवाणी आणि संथ आहे; मात्र दुसऱ्या अर्ध्यात चित्रपट पूर्णपणे बदलतो. अखेरीस हा अनुभव अजिबात असमाधानकारक राहत नाही.,Positive
चित्रपटचा पार्श्वसंगीत हृदयस्पर्शी असून कुटुंबासोबत पाहण्यासारखा अनुभव मिळतो.,Positive
आकर्षक नाही असे अंतिम निष्कर्ष काढणे योग्य ठरणार नाही. सुरुवातीला कथा सुंदर आणि आकर्षक वाटते; मात्र नंतर कथा इतकी रटाळ होते. म्हणून चांगल्या सुरुवातीचा फारसा उपयोग होत नाही.,Negative
कथा अजिबात कंटाळवाणा नाही आणि भावनिक प्रसंग मनाला स्पर्श करतात.,Positive
चित्रपट अजिबात दर्जेदार नाही; उलट दृश्यरचना खूप निरस आहे.,Negative
हा चित्रपट अपेक्षेपेक्षा निराशाजनक निघाला आणि पटकथा शेवटपर्यंत प्रभावी राहत नाही.,Negative
सुरुवातीला कथा सुंदर आणि आकर्षक वाटते; उत्तम नाही असे एकूण चित्रपटाबद्दल म्हणता येणार नाही. तरी दुसऱ्या अर्ध्यात दिग्दर्शन कमकुवत होते. एकूण अनुभव मात्र निराशाजनक आहे.,Negative
सिनेमागृहातून बाहेर पडताना खूप वैताग आला. काही कलाकारांची निवडच चुकीची वाटते. थिएटरमध्ये पैसे खर्च करण्याआधी नक्की विचार करा.,Negative
हा चित्रपट पुन्हा पाहावासा वाटत नाही कारण कथा खूप निरस आहे.,Negative
संपूर्ण मांडणीचा मुख्य कलाकाराचा अभिनय सुमार असून पटकथा शेवटपर्यंत प्रभावी राहत नाही.,Negative
हा चित्रपट अपेक्षेपेक्षा कमकुवत निघाला आणि चित्रपटाची लांबी त्रासदायक ठरते.,Negative
"शेवट खराब वाटला नाही, उलट तो समाधानकारक होता. पुन्हा पाहायला देखील आवडेल.",Positive
विनोदी प्रसंग इतका अतिशय संथ आहे की काही दृश्ये अजिबात गरजेची वाटत नाहीत.,Negative
"चित्रपट पाहताना भावनिक प्रसंगांचा परिणाम होत नाही, कारण शेवट खूप अप्रभावी आहे.",Negative
वाईट नाही असे अंतिम निष्कर्ष काढणे योग्य ठरणार नाही. सुरुवात थोडी कंटाळवाणी आणि संथ आहे; तरी पुढे पात्रांचा प्रवास खूप प्रभावी होतो. एकूण परिणाम सकारात्मक आणि समाधान देणारा आहे.,Positive
"चित्रपट पाहताना भावनिक प्रसंगांचा परिणाम होत नाही, कारण संवाद खूप सुमार आहे.",Negative
चित्रपटाची कथानक खूप अप्रतिम आहे आणि कलाकारांनी भूमिका जिवंत केल्या आहेत.,Positive
लय भारी सिनेमा हाय गड्या. सहकलाकारांचाही अभिनय तितकाच दमदार आहे.,Positive
संपूर्ण चित्रपट मनमोहक आहे आणि भावनिक सादरीकरण मुळे अनुभव आणखी सुंदर झाला.,Positive
सुरुवात थोडी कंटाळवाणी आणि संथ आहे; कंटाळवाणा नाही असे एकूण चित्रपटाबद्दल म्हणता येणार नाही. मात्र दुसऱ्या अर्ध्यात चित्रपट पूर्णपणे बदलतो. त्यामुळे चित्रपट पाहिल्याचा निर्णय योग्य वाटतो.,Positive
कथानकचा कथानक अस्ताव्यस्त असून दिग्दर्शनाने विषयाला योग्य न्याय दिला नाही.,Negative
कथेपासून अभिनयापर्यंत सर्व काही प्रभावी वाटले; प्रत्येक फ्रेम विचारपूर्वक सादर केली आहे.,Positive
चांगला नाही असे अंतिम निष्कर्ष काढणे योग्य ठरणार नाही. सुरुवातीला कथा सुंदर आणि आकर्षक वाटते; पण पुढे पटकथा पूर्णपणे गोंधळते. शेवटी चित्रपट समाधान देत नाही.,Negative
अपेक्षाभंग करणारा नाही असे अंतिम निष्कर्ष काढणे योग्य ठरणार नाही. सुरुवात थोडी कंटाळवाणी आणि संथ आहे; मात्र दुसऱ्या अर्ध्यात चित्रपट पूर्णपणे बदलतो. उणिवा असूनही शेवटी चित्रपट मन जिंकून घेतो.,Positive
चित्रपटाने पूर्णपणे निराश केले; शेवट विशेष निरस आहे.,Negative
सुरुवातीला कथा सुंदर आणि आकर्षक वाटते; उत्कृष्ट नाही असे एकूण चित्रपटाबद्दल म्हणता येणार नाही. मात्र नंतर कथा इतकी रटाळ होते. त्यामुळे हा चित्रपट समाधानकारक म्हणता येत नाही.,Negative
कथा अजिबात मनमोहक नाही आणि संवाद कृत्रिम वाटतात.,Negative
शेवट इतका निरस आहे की कथा पुढे सरकत नाही.,Negative
चित्रपट अजिबात प्रभावी नाही; उलट पार्श्वसंगीत खूप निरस आहे.,Negative
"पैसे वसूल चित्रपट, अजिबात निराश करत नाही. पटकथा घट्ट बांधलेली असल्यामुळे कुठेही कंटाळा येत नाही. मुख्य कलाकारांनी आपापल्या भूमिका उत्कृष्टपणे साकारल्या आहेत. सहकलाकारांचाही अभिनय तितकाच दमदार आहे. या चित्रपटाला पाच पैकी पाच स्टार्स.",Positive
छायाचित्रण इतका कंटाळवाणा आहे की शेवट निराश करतो.,Negative
चित्रपटचा पटकथा गोंधळलेला असून कथानकात नवीनपणा जाणवत नाही.,Negative
कथानकचा छायाचित्रण कमकुवत असून वेळ वाया गेल्यासारखे वाटले.,Negative
कथा अजिबात अप्रभावी नाही आणि कुटुंबासोबत पाहण्यासारखा अनुभव मिळतो.,Positive
सुरुवातीपासूनच चित्रपट प्रेक्षकांना पकडून ठेवतो. क्लायमॅक्स इतका जबरदस्त आहे की अंगावर काटा येतो. विनोदी प्रसंग अगदी सहज आणि टाइमिंगसह मांडले आहेत. दिग्दर्शकाने प्रत्येक प्रसंग अतिशय सुंदर पद्धतीने मांडला आहे. सर्वांना शिफारस करेन असा हा चित्रपट आहे.,Positive
सुरुवातीला कथा सुंदर आणि आकर्षक वाटते; मनाला भिडणारा नाही असे एकूण चित्रपटाबद्दल म्हणता येणार नाही. तरी दुसऱ्या अर्ध्यात दिग्दर्शन कमकुवत होते. त्यामुळे हा चित्रपट समाधानकारक म्हणता येत नाही.,Negative
चित्रपट अजिबात रंजक नाही; उलट विनोदी प्रसंग खूप कृत्रिम आहे.,Negative
एकदम टुकार सिनेमा आहे भाऊ.,Negative
चित्रपटाची कथा खूप गोंधळलेला आहे आणि दिग्दर्शनाने विषयाला योग्य न्याय दिला नाही.,Negative
अशा चित्रपटांमुळे मराठी सिनेमाची बदनामी होते. दिग्दर्शन अगदीच कमकुवत असून प्रसंगांची मांडणी विस्कळीत आहे. संगीत काहीच लक्षात राहण्यासारखं नाही. थिएटरमध्ये पैसे खर्च करण्याआधी नक्की विचार करा.,Negative
"चित्रपट पाहताना कलाकारांनी भूमिका जिवंत केल्या आहेत, कारण विनोदी प्रसंग खूप सुंदर आहे.",Positive
खरंच अशा चित्रपटांची गरज आहे मराठी सृष्टीला. दिग्दर्शकाने प्रत्येक प्रसंग अतिशय सुंदर पद्धतीने मांडला आहे. सहकलाकारांचाही अभिनय तितकाच दमदार आहे. गाण्यांचे शब्द आणि चाल दोन्ही मनाला भावतात. एकदा तरी नक्की बघावा असा हा चित्रपट आहे.,Positive
खूप वेळाने मराठी चित्रपटसृष्टीत असा दर्जेदार सिनेमा आला. अॅक्शन सीन्स एकदम जबरदस्त आणि रिअलिस्टिक वाटतात. मराठी चित्रपटसृष्टीसाठी अभिमानास्पद कलाकृती आहे.,Positive
"पैसे वसूल चित्रपट, अजिबात निराश करत नाही. प्रत्येक कलाकाराने आपल्या भूमिकेला योग्य न्याय दिला आहे. संगीत कानाला खूप गोड लागतं आणि गाणी सुद्धा सुरेख आहेत. असे चित्रपट वारंवार यायला हवेत.",Positive
खराब नाही असे अंतिम निष्कर्ष काढणे योग्य ठरणार नाही. सुरुवात थोडी कंटाळवाणी आणि संथ आहे; तरी पुढे पात्रांचा प्रवास खूप प्रभावी होतो. अखेरीस हा अनुभव अजिबात असमाधानकारक राहत नाही.,Positive
कथा अजिबात प्रभावी नाही आणि पटकथा खूप संथ आहे. त्यामुळे एकूण अनुभव निराशाजनक झाला.,Negative
मराठी प्रेक्षकांची निराशा करणारा चित्रपट आहे हा. शेवट इतका घाईघाईत गुंडाळलेला आहे की निराशा होते. मुख्य कलाकारांच्या भूमिकेत जीव ओतलेला जाणवलाच नाही. भावनिक प्रसंगांमध्ये सुद्धा काहीच परिणाम जाणवत नाही. या चित्रपटाला दोन पैकी अर्धा स्टार सुद्धा जास्त आहे.,Negative
सुरुवात थोडी कंटाळवाणी आणि संथ आहे; कमकुवत नाही असे एकूण चित्रपटाबद्दल म्हणता येणार नाही. तरी पुढे पात्रांचा प्रवास खूप प्रभावी होतो. म्हणून एकूण चित्रपट अपेक्षेपेक्षा सुंदर वाटतो.,Positive
हा अनुभव निरस नसून खूप उत्तम आहे; भावनिक प्रसंग मनाला स्पर्श करतात.,Positive
कथा आणि मुख्य कलाकाराचा अभिनय दोन्ही नैसर्गिक आहेत; त्यामुळे भावनिक प्रसंग मनाला स्पर्श करतात.,Positive
अभिनय आणि पार्श्वसंगीत दोन्ही गोंधळलेला आहेत; त्यामुळे शेवट निराश करतो.,Negative
"चित्रपटात मांडणी कमकुवत आहे, त्यामुळे चित्रपटाची लांबी त्रासदायक ठरते.",Negative
चित्रपटाने पूर्णपणे निराश केले; कथानक विशेष सुमार आहे.,Negative
इतका रटाळ चित्रपट खूप दिवसांनी पाहिला. दिग्दर्शकाला नेमकं काय दाखवायचं आहे हेच कळत नाही.,Negative
या चित्रपटाची विनोदी प्रसंग निराश करते आणि कलाकारांच्या कामगिरीत उत्साह जाणवत नाही.,Negative
हा अनुभव दर्जेदार नसून खूप सुमार आहे; कलाकारांच्या कामगिरीत उत्साह जाणवत नाही.,Negative
"सुरुवातीला कथा सुंदर आणि आकर्षक वाटते. पण पुढे पटकथा पूर्णपणे गोंधळते, पण त्यामुळे सुंदर क्षण असूनही चित्रपट आवडत नाही.",Negative
सुरुवातीपासून शेवटपर्यंत चित्रपट अतिशय संथ राहतो आणि काही दृश्ये अजिबात गरजेची वाटत नाहीत.,Negative
"अभिनय बनावटीचा वाटला नाही, तो खूप नैसर्गिक आहे. कलाकारांचे कामही मनापासून आवडले.",Positive
चित्रपटाची कथानक खूप कृत्रिम आहे आणि कलाकारांच्या कामगिरीत उत्साह जाणवत नाही.,Negative
यशस्वी नाही असे अंतिम निष्कर्ष काढणे योग्य ठरणार नाही. सुरुवातीला कथा सुंदर आणि आकर्षक वाटते; तरी दुसऱ्या अर्ध्यात दिग्दर्शन कमकुवत होते. शेवटी चित्रपट समाधान देत नाही.,Negative
चित्रपटाची कथा खूप सुमार आहे आणि चित्रपट पाहताना वारंवार कंटाळा आला.,Negative
संपूर्ण मांडणीमध्ये काहीही उत्कृष्ट वाटत नाही; दृश्यरचना खूप अंदाजे आहे.,Negative
"सुरुवात थोडी कंटाळवाणी आणि संथ आहे. पण पुढे कथा इतकी सुंदर उलगडते, पण त्यामुळे सुरुवातीचे नकारात्मक संकेत दिशाभूल करणारे ठरतात.",Positive
"चित्रपट पाहताना संगीताने प्रसंगांची परिणामकारकता वाढवली, कारण मांडणी खूप मनमोहक आहे.",Positive
संपूर्ण चित्रपट प्रभावी आहे आणि अभिनय मुळे अनुभव आणखी सुंदर झाला.,Positive
मित्रांच्या सांगण्यावरून गेलो पण खूप पश्चाताप झाला. व्हीएफएक्स इतके स्वस्त वाटतात की हसू येतं. छायाचित्रण अगदीच सामान्य दर्जाचं आहे. मुख्य कलाकारांच्या भूमिकेत जीव ओतलेला जाणवलाच नाही. पूर्णपणे टाइमपास वाया गेला असं वाटलं.,Negative
मित्रांसोबत बघितला आणि सगळ्यांनाच खूप आवडला. शेवट अगदी समाधानकारक आणि हृदयस्पर्शी झाला आहे. मराठी चित्रपटसृष्टीसाठी अभिमानास्पद कलाकृती आहे.,Positive
"चित्रपटात मांडणी कमकुवत आहे, त्यामुळे संवाद कृत्रिम वाटतात.",Negative
चित्रपटातील भावनिक सादरीकरण पाहून कथा पुढे सरकत नाही; एकूण अनुभव अतिशय संथ आहे.,Negative
सुरुवात थोडी कंटाळवाणी आणि संथ आहे; असमाधानकारक नाही असे एकूण चित्रपटाबद्दल म्हणता येणार नाही. तरी पुढे पात्रांचा प्रवास खूप प्रभावी होतो. म्हणून एकूण चित्रपट अपेक्षेपेक्षा सुंदर वाटतो.,Positive
कथामध्ये काहीही मनमोहक वाटत नाही; संगीत खूप अस्ताव्यस्त आहे.,Negative
कथेपासून अभिनयापर्यंत बरेच काही फिका वाटले; संवाद कृत्रिम वाटतात.,Negative
कथाचा कथा सुमार असून शेवट निराश करतो.,Negative
दिग्दर्शन आणि कथानक दोन्ही कमकुवत आहेत; त्यामुळे संवाद कृत्रिम वाटतात.,Negative
आकर्षक नाही असे अंतिम निष्कर्ष काढणे योग्य ठरणार नाही. सुरुवातीला कथा सुंदर आणि आकर्षक वाटते; पण पुढे पटकथा पूर्णपणे गोंधळते. अखेरीस एकूण परिणाम कमकुवत ठरतो.,Negative
"सुरुवात थोडी कंटाळवाणी आणि संथ आहे; निराशाजनक नाही असे एकूण चित्रपटाबद्दल म्हणता येणार नाही. मात्र दुसऱ्या अर्ध्यात चित्रपट पूर्णपणे बदलतो. एकूण अनुभव वाईट नाही, उलट समाधानकारक आहे.",Positive
"चित्रपट पाहताना कथानकात नवीनपणा जाणवत नाही, कारण छायाचित्रण खूप अतिशय संथ आहे.",Negative
मित्रांच्या सांगण्यावरून गेलो पण खूप पश्चाताप झाला. संवाद खूपच सुमार आणि ओढून ताणून लिहिलेले वाटतात. पूर्णपणे टाइमपास वाया गेला असं वाटलं.,Negative
चित्रपटाने पूर्णपणे निराश केले; संगीत विशेष सुमार आहे.,Negative
हा अनुभव वाईट नसून खूप सुंदर आहे; प्रत्येक फ्रेम विचारपूर्वक सादर केली आहे.,Positive
या चित्रपटाची छायाचित्रण मनाला भिडते आणि चित्रपट पाहताना उत्सुकता कायम राहते.,Positive
आकर्षक नाही असे अंतिम निष्कर्ष काढणे योग्य ठरणार नाही. सुरुवातीला कथा सुंदर आणि आकर्षक वाटते; पण पुढे पटकथा पूर्णपणे गोंधळते. म्हणून चांगल्या सुरुवातीचा फारसा उपयोग होत नाही.,Negative
कथाचा संगीत सुंदर असून संगीताने प्रसंगांची परिणामकारकता वाढवली.,Positive
सुरुवातीपासून शेवटपर्यंत चित्रपट सुमार राहतो आणि अनेक प्रसंग विनाकारण लांबवले आहेत.,Negative
सिनेमागृहातून बाहेर पडताना चेहऱ्यावर हसू होतं. संगीत कानाला खूप गोड लागतं आणि गाणी सुद्धा सुरेख आहेत.,Positive
कमकुवत नाही असे अंतिम निष्कर्ष काढणे योग्य ठरणार नाही. सुरुवात थोडी कंटाळवाणी आणि संथ आहे; तरी पुढे पात्रांचा प्रवास खूप प्रभावी होतो. त्यामुळे चित्रपट पाहिल्याचा निर्णय योग्य वाटतो.,Positive
या कलाकृतीचा कथा कंटाळवाणा असून पटकथा शेवटपर्यंत प्रभावी राहत नाही.,Negative
हा चित्रपट सुंदर वाटतो; भावनिक प्रसंग मनाला स्पर्श करतात.,Positive
हा चित्रपट हृदयस्पर्शी वाटतो; संगीताने प्रसंगांची परिणामकारकता वाढवली.,Positive
वेळेचा आणि पैशांचा पूर्ण अपव्यय झाला. मुख्य कलाकारांच्या भूमिकेत जीव ओतलेला जाणवलाच नाही. अपेक्षा घेऊन गेलात तर नक्कीच निराश व्हाल.,Negative
सुरुवातीपासून शेवटपर्यंत चित्रपट उत्तम राहतो आणि शेवट समाधानकारक वाटतो.,Positive
या कलाकृतीमध्ये काहीही कंटाळवाणा वाटत नाही; भावनिक सादरीकरण खूप कौतुकास्पद आहे.,Positive
"सुरुवात थोडी कंटाळवाणी आणि संथ आहे; मात्र दुसऱ्या अर्ध्यात चित्रपट पूर्णपणे बदलतो. एकूण अनुभव वाईट नाही, उलट समाधानकारक आहे.",Positive
"गाणी कंटाळवाणी नाहीत, त्यातील संगीत खूप छान आहे. हा अनुभव नक्कीच समाधानकारक वाटतो.",Positive
अभिनय इतका दर्जेदार आहे की शेवट समाधानकारक वाटतो.,Positive
"चित्रपट पाहताना कुटुंबासोबत पाहण्यासारखा अनुभव मिळतो, कारण कथानक खूप रंजक आहे.",Positive
पूर्ण चित्रपटभर काहीच लॉजिक सापडलं नाही. दिग्दर्शकाला नेमकं काय दाखवायचं आहे हेच कळत नाही. संवाद खूपच सुमार आणि ओढून ताणून लिहिलेले वाटतात. मराठी सिनेमाच्या नावाला कमीपणा आणणारा चित्रपट आहे.,Negative
पटकथा मजबूत नाही आणि कथानक सतत भरकटते. त्यामुळे चित्रपट फारसा प्रभावी वाटत नाही.,Negative
पार्श्वसंगीत आणि संगीत दोन्ही कौतुकास्पद आहेत; त्यामुळे कथा शेवटपर्यंत पकडून ठेवते.,Positive
हा चित्रपट अपेक्षेपेक्षा अप्रतिम निघाला आणि कथा शेवटपर्यंत पकडून ठेवते.,Positive
चित्रपट अजिबात अप्रतिम नाही; उलट मुख्य कलाकाराचा अभिनय खूप अतिशय संथ आहे.,Negative
कथानक आणि संवाद दोन्ही मनमोहक आहेत; त्यामुळे कथा शेवटपर्यंत पकडून ठेवते.,Positive
हा चित्रपट पुन्हा पाहावासा वाटतो कारण दृश्यरचना खूप नैसर्गिक आहे.,Positive
हा चित्रपट कृत्रिम वाटतो; पटकथा शेवटपर्यंत प्रभावी राहत नाही.,Negative
हा चित्रपट अपेक्षेपेक्षा निरस निघाला आणि शेवट निराश करतो.,Negative
चित्रपटाने काही दृश्ये अजिबात गरजेची वाटत नाहीत आणि संवाद खरोखर सुमार आहे.,Negative
कथामध्ये काहीही कंटाळवाणा वाटत नाही; संगीत खूप हृदयस्पर्शी आहे.,Positive
मनाला भिडणारा नाही असे अंतिम निष्कर्ष काढणे योग्य ठरणार नाही. सुरुवातीला कथा सुंदर आणि आकर्षक वाटते; पण पुढे पटकथा पूर्णपणे गोंधळते. एकूण चित्रपट सकारात्मक कारणांसाठी लक्षात राहत नाही.,Negative
सुरुवातीपासून शेवटपर्यंत चित्रपट फिका राहतो आणि भावनिक प्रसंगांचा परिणाम होत नाही.,Negative
"चित्रपट पाहताना वेळ वाया गेल्यासारखे वाटले, कारण विनोदी प्रसंग खूप सुमार आहे.",Negative
चित्रपट अजिबात रंजक नाही; उलट भावनिक सादरीकरण खूप गोंधळलेला आहे.,Negative
चित्रपटातील शेवट पाहून चित्रपटाची लांबी त्रासदायक ठरते; एकूण अनुभव अप्रभावी आहे.,Negative
"चित्रपटात दिग्दर्शन कमकुवत आहे, त्यामुळे वेळ वाया गेल्यासारखे वाटले.",Negative
चित्रपट अजिबात उत्तम नाही; उलट शेवट खूप कंटाळवाणा आहे.,Negative
हा चित्रपट अपेक्षेपेक्षा निराशाजनक निघाला आणि संवाद कृत्रिम वाटतात.,Negative
उत्तम नाही असे अंतिम निष्कर्ष काढणे योग्य ठरणार नाही. सुरुवातीला कथा सुंदर आणि आकर्षक वाटते; मात्र नंतर कथा इतकी रटाळ होते. त्यामुळे अंतिम अनुभव अपेक्षाभंग करणारा ठरतो.,Negative
संपूर्ण मांडणीमध्ये काहीही निराशाजनक वाटत नाही; भावनिक सादरीकरण खूप आकर्षक आहे.,Positive
चित्रपटाने चित्रपट पाहिल्यानंतर विशेष काही लक्षात राहत नाही आणि संवाद खरोखर कमकुवत आहे.,Negative
पार्श्वसंगीत इतका कमकुवत आहे की संवाद कृत्रिम वाटतात.,Negative
चित्रपटाने शेवट समाधानकारक वाटतो आणि कथानक खरोखर प्रभावी आहे.,Positive
छायाचित्रण इतका अस्ताव्यस्त आहे की कथानकात नवीनपणा जाणवत नाही.,Negative
हा चित्रपट पुन्हा पाहावासा वाटतो कारण संवाद खूप उत्तम आहे.,Positive
आशादायक नाही असे अंतिम निष्कर्ष काढणे योग्य ठरणार नाही. सुरुवातीला कथा सुंदर आणि आकर्षक वाटते; पण पुढे पटकथा पूर्णपणे गोंधळते. त्यामुळे अंतिम अनुभव अपेक्षाभंग करणारा ठरतो.,Negative
संपूर्ण चित्रपट सुमार आहे आणि कथा मुळे अनुभव खराब झाला.,Negative
चित्रपटमध्ये काहीही निराशाजनक वाटत नाही; कथा खूप उत्कृष्ट आहे.,Positive
सिनेमागृहातून बाहेर पडताना चेहऱ्यावर हसू होतं. अभिनेत्यांचा अभिनय खूपच नैसर्गिक आणि प्रभावी वाटला. व्हीएफएक्स दर्जेदार असून हॉलिवूडच्या तोडीचे वाटतात. मुख्य कलाकारांनी आपापल्या भूमिका उत्कृष्टपणे साकारल्या आहेत. एकदा तरी नक्की बघावा असा हा चित्रपट आहे.,Positive
हा अनुभव सुंदर नसून खूप निराशाजनक आहे; काही दृश्ये अजिबात गरजेची वाटत नाहीत.,Negative
कथाचा छायाचित्रण सुंदर असून प्रत्येक फ्रेम विचारपूर्वक सादर केली आहे.,Positive
हा चित्रपट पुन्हा पाहावासा वाटत नाही कारण कथानक खूप अंदाजे आहे.,Negative
मराठी प्रेक्षकांची निराशा करणारा चित्रपट आहे हा. छायाचित्रण अगदीच सामान्य दर्जाचं आहे. संगीत काहीच लक्षात राहण्यासारखं नाही. अपेक्षा घेऊन गेलात तर नक्कीच निराश व्हाल.,Negative
सिनेमागृहातून बाहेर पडताना चेहऱ्यावर हसू होतं. मुख्य कलाकारांनी आपापल्या भूमिका उत्कृष्टपणे साकारल्या आहेत.,Positive
मुख्य कलाकाराचा अभिनय इतका निरस आहे की शेवट निराश करतो.,Negative
दिग्दर्शन इतका गोंधळलेला आहे की वेळ वाया गेल्यासारखे वाटले.,Negative
या चित्रपटाची कथा निराश करते आणि कथानकात नवीनपणा जाणवत नाही.,Negative
संपूर्ण मांडणीचा पटकथा निरस असून कथानकात नवीनपणा जाणवत नाही.,Negative
चित्रपटाने प्रत्येक फ्रेम विचारपूर्वक सादर केली आहे आणि दृश्यरचना खरोखर दर्जेदार आहे.,Positive
हा चित्रपट अपेक्षेपेक्षा अस्ताव्यस्त निघाला आणि कलाकारांच्या कामगिरीत उत्साह जाणवत नाही.,Negative
चित्रपटाची मुख्य कलाकाराचा अभिनय खूप निराशाजनक आहे आणि पटकथा शेवटपर्यंत प्रभावी राहत नाही.,Negative
पूर्ण कुटुंबासोबत बघण्यासारखा सुंदर चित्रपट आहे. संवाद खूप प्रभावी असून थेट मनाला भिडतात. क्लायमॅक्स इतका जबरदस्त आहे की अंगावर काटा येतो. असे चित्रपट वारंवार यायला हवेत.,Positive
चित्रपटाची भावनिक सादरीकरण खूप निराशाजनक आहे आणि कथानकात नवीनपणा जाणवत नाही.,Negative
चित्रपटाने चित्रपट पाहताना उत्सुकता कायम राहते आणि दृश्यरचना खरोखर नैसर्गिक आहे.,Positive
हा चित्रपट पुन्हा पाहावासा वाटतो कारण मुख्य कलाकाराचा अभिनय खूप उत्तम आहे.,Positive
चित्रपटाने शेवट समाधानकारक वाटतो आणि मांडणी खरोखर रंजक आहे.,Positive
संपूर्ण मांडणीचा शेवट अप्रभावी असून दिग्दर्शनाने विषयाला योग्य न्याय दिला नाही.,Negative
"अशा चित्रपटांमुळे मराठी सिनेमाची बदनामी होते. गाणी उगाचच घुसवल्यासारखी वाटतात, कथेशी संबंधच नाही. व्हीएफएक्स इतके स्वस्त वाटतात की हसू येतं.",Negative
चित्रपटातील मुख्य कलाकाराचा अभिनय पाहून काही दृश्ये अजिबात गरजेची वाटत नाहीत; एकूण अनुभव अस्ताव्यस्त आहे.,Negative
कथाचा कथा निरस असून संवाद कृत्रिम वाटतात.,Negative
"एवढा भिकार सिनेमा अलीकडे बघितला नव्हता. अॅक्शन सीन्स अगदीच बनावट आणि कंटाळवाणे वाटतात. कथेत काहीच नावीन्य नाही, सगळं आधीच पाहिलेलं वाटतं. मराठी सिनेमाच्या नावाला कमीपणा आणणारा चित्रपट आहे.",Negative
चित्रपटाने संगीताने प्रसंगांची परिणामकारकता वाढवली आणि मुख्य कलाकाराचा अभिनय खरोखर हृदयस्पर्शी आहे.,Positive
चित्रपटाने अजिबात निराश केले नाही; दृश्यरचना विशेष उत्कृष्ट आहे.,Positive
अशा चित्रपटांमुळे मराठी सिनेमाची बदनामी होते. व्हीएफएक्स इतके स्वस्त वाटतात की हसू येतं.,Negative
खूप दिवसांनी असा जबरदस्त चित्रपट पाहिला. संगीत कानाला खूप गोड लागतं आणि गाणी सुद्धा सुरेख आहेत. गाण्यांचे शब्द आणि चाल दोन्ही मनाला भावतात. पुन्हा एकदा बघायला नक्कीच आवडेल.,Positive
सुरुवातीला कथा सुंदर आणि आकर्षक वाटते; चांगला नाही असे एकूण चित्रपटाबद्दल म्हणता येणार नाही. पण पुढे पटकथा पूर्णपणे गोंधळते. एकूण अनुभव मात्र निराशाजनक आहे.,Negative
मनाला भिडणारा नाही असे अंतिम निष्कर्ष काढणे योग्य ठरणार नाही. सुरुवातीला कथा सुंदर आणि आकर्षक वाटते; मात्र नंतर कथा इतकी रटाळ होते. एकूण अनुभव मात्र निराशाजनक आहे.,Negative
चित्रपटचा पार्श्वसंगीत निरस असून अनेक प्रसंग विनाकारण लांबवले आहेत.,Negative
कथेपासून अभिनयापर्यंत बरेच काही अप्रभावी वाटले; भावनिक प्रसंगांचा परिणाम होत नाही.,Negative
थिएटरमध्ये अर्ध्यातच झोप येत होती. दिग्दर्शन अगदीच कमकुवत असून प्रसंगांची मांडणी विस्कळीत आहे.,Negative
फुकट गेला वेळ यार पूर्ण. पार्श्वसंगीत उगाचच मोठ्या आवाजात आणि त्रासदायक वाटतं.,Negative
थिएटरमध्ये जाऊन बघण्यासारखा चित्रपट आहे हा. शेवट अगदी समाधानकारक आणि हृदयस्पर्शी झाला आहे. एकदा तरी नक्की बघावा असा हा चित्रपट आहे.,Positive
सुरुवातीपासून शेवटपर्यंत चित्रपट दर्जेदार राहतो आणि वेळ कसा गेला कळले नाही.,Positive
चित्रपटाने दिग्दर्शकाने विषयाला योग्य न्याय दिला आणि अभिनय खरोखर सुंदर आहे.,Positive
समाधानकारक नाही असे अंतिम निष्कर्ष काढणे योग्य ठरणार नाही. सुरुवातीला कथा सुंदर आणि आकर्षक वाटते; पण पुढे पटकथा पूर्णपणे गोंधळते. त्यामुळे हा चित्रपट समाधानकारक म्हणता येत नाही.,Negative
संपूर्ण चित्रपट प्रभावी आहे आणि विनोदी प्रसंग मुळे अनुभव आणखी सुंदर झाला.,Positive
"चित्रपट पाहताना वेळ वाया गेल्यासारखे वाटले, कारण कथा खूप फिका आहे.",Negative
"चित्रपट पाहताना कथा पुढे सरकत नाही, कारण अभिनय खूप निरस आहे.",Negative
चित्रपटचा संगीत दर्जेदार असून संगीताने प्रसंगांची परिणामकारकता वाढवली.,Positive
कमकुवत नाही असे अंतिम निष्कर्ष काढणे योग्य ठरणार नाही. सुरुवात थोडी कंटाळवाणी आणि संथ आहे; तरी पुढे पात्रांचा प्रवास खूप प्रभावी होतो. उणिवा असूनही शेवटी चित्रपट मन जिंकून घेतो.,Positive
या कलाकृतीचा मांडणी उत्तम असून सर्व कलाकारांची कामगिरी लक्षात राहते.,Positive
चित्रपट अजिबात अप्रतिम नाही; उलट संवाद खूप फिका आहे.,Negative
हा चित्रपट पुन्हा पाहावासा वाटत नाही कारण मुख्य कलाकाराचा अभिनय खूप सुमार आहे.,Negative
फारसा वाईट नाही असे अंतिम निष्कर्ष काढणे योग्य ठरणार नाही. सुरुवात थोडी कंटाळवाणी आणि संथ आहे; मात्र दुसऱ्या अर्ध्यात चित्रपट पूर्णपणे बदलतो. अखेरीस हा अनुभव अजिबात असमाधानकारक राहत नाही.,Positive
हा चित्रपट पुन्हा पाहावासा वाटत नाही कारण मांडणी खूप अप्रभावी आहे.,Negative
खूप दिवसांनी असा जबरदस्त चित्रपट पाहिला. गाण्यांचे शब्द आणि चाल दोन्ही मनाला भावतात. संवाद खूप प्रभावी असून थेट मनाला भिडतात. कुटुंबासोबत थिएटरमध्ये जाऊन बघण्यासारखा सिनेमा आहे.,Positive
मित्रांसोबत बघितला आणि सगळ्यांनाच खूप आवडला. विनोदी प्रसंग अगदी सहज आणि टाइमिंगसह मांडले आहेत. कुटुंबासोबत थिएटरमध्ये जाऊन बघण्यासारखा सिनेमा आहे.,Positive
सुरुवात थोडी कंटाळवाणी आणि संथ आहे; कमकुवत नाही असे एकूण चित्रपटाबद्दल म्हणता येणार नाही. मात्र दुसऱ्या अर्ध्यात चित्रपट पूर्णपणे बदलतो. त्यामुळे सुरुवातीचे नकारात्मक संकेत दिशाभूल करणारे ठरतात.,Positive
"गाणी कंटाळवाणी नाहीत, त्यातील संगीत खूप छान आहे. चित्रपट पाहताना उत्सुकता कायम राहते.",Positive
सुरुवातीला कथा सुंदर आणि आकर्षक वाटते; उत्कृष्ट नाही असे एकूण चित्रपटाबद्दल म्हणता येणार नाही. पण पुढे पटकथा पूर्णपणे गोंधळते. एकूण चित्रपट सकारात्मक कारणांसाठी लक्षात राहत नाही.,Negative
सुरुवात थोडी कंटाळवाणी आणि संथ आहे; असमाधानकारक नाही असे एकूण चित्रपटाबद्दल म्हणता येणार नाही. तरी पुढे पात्रांचा प्रवास खूप प्रभावी होतो. अखेरीस हा अनुभव अजिबात असमाधानकारक राहत नाही.,Positive
सिनेमा बघून मन अगदी प्रसन्न झालं. गाण्यांचे शब्द आणि चाल दोन्ही मनाला भावतात. विनोदी प्रसंग अगदी सहज आणि टाइमिंगसह मांडले आहेत.,Positive
सिनेमा सुरुवातीपासून शेवटपर्यंत खिळवून ठेवतो. पार्श्वसंगीत प्रसंगांची तीव्रता अजून वाढवतं. सहकलाकारांचाही अभिनय तितकाच दमदार आहे. अॅक्शन सीन्स एकदम जबरदस्त आणि रिअलिस्टिक वाटतात. एकदा तरी नक्की बघावा असा हा चित्रपट आहे.,Positive
चित्रपट अजिबात मनमोहक नाही; उलट संवाद खूप फिका आहे.,Negative
चित्रपटातील शेवट पाहून प्रत्येक प्रसंग लक्षात राहतो; एकूण अनुभव कौतुकास्पद आहे.,Positive
लय भारी सिनेमा हाय गड्या.,Positive
हा चित्रपट उत्कृष्ट वाटतो; संगीताने प्रसंगांची परिणामकारकता वाढवली.,Positive
"मस्त सिनेमा आहे, नक्की बघा. मुख्य कलाकारांनी आपापल्या भूमिका उत्कृष्टपणे साकारल्या आहेत. व्हीएफएक्स दर्जेदार असून हॉलिवूडच्या तोडीचे वाटतात. मराठी चित्रपटसृष्टीसाठी अभिमानास्पद कलाकृती आहे.",Positive
कथानक आणि अभिनय दोन्ही उत्तम आहेत; त्यामुळे शेवट समाधानकारक वाटतो.,Positive
सुरुवात थोडी कंटाळवाणी आणि संथ आहे; अपेक्षाभंग करणारा नाही असे एकूण चित्रपटाबद्दल म्हणता येणार नाही. मात्र दुसऱ्या अर्ध्यात चित्रपट पूर्णपणे बदलतो. त्यामुळे सुरुवातीचे नकारात्मक संकेत दिशाभूल करणारे ठरतात.,Positive
चित्रपट अजिबात फिका नाही; उलट छायाचित्रण खूप उत्तम आहे.,Positive
"चित्रपटात पार्श्वसंगीत उत्तम आहे, त्यामुळे कथा शेवटपर्यंत पकडून ठेवते.",Positive
संपूर्ण मांडणीमध्ये काहीही अप्रतिम वाटत नाही; दृश्यरचना खूप कंटाळवाणा आहे.,Negative
अभिनय इतका हृदयस्पर्शी आहे की वेळ कसा गेला कळले नाही.,Positive
"चित्रपट पाहताना संवाद कृत्रिम वाटतात, कारण अभिनय खूप अंदाजे आहे.",Negative
"सुरुवातीला कथा सुंदर आणि आकर्षक वाटते. पण पुढे पटकथा पूर्णपणे गोंधळते, पण एकूण अनुभव मात्र निराशाजनक आहे.",Negative
हा चित्रपट अपेक्षेपेक्षा दर्जेदार निघाला आणि चित्रपट पाहताना उत्सुकता कायम राहते.,Positive
पैसे आणि वेळ दोन्ही वाया गेले.,Negative
या चित्रपटाची पार्श्वसंगीत निराश करते आणि चित्रपट पाहताना वारंवार कंटाळा आला.,Negative
लय भारी सिनेमा हाय गड्या. संवाद खूप प्रभावी असून थेट मनाला भिडतात.,Positive
खूप दिवसांनी असा जबरदस्त चित्रपट पाहिला. भावनिक प्रसंगांमध्ये डोळ्यात पाणी आल्याशिवाय राहत नाही. थिएटरमध्ये जाऊन नक्की एन्जॉय करा.,Positive
सुरुवात थोडी कंटाळवाणी आणि संथ आहे; कंटाळवाणा नाही असे एकूण चित्रपटाबद्दल म्हणता येणार नाही. पण पुढे कथा इतकी सुंदर उलगडते. त्यामुळे सुरुवातीचे नकारात्मक संकेत दिशाभूल करणारे ठरतात.,Positive
"अभिनय उत्कृष्ट वाटला नाही, कलाकारांची कामगिरी निराशाजनक आहे. त्यामुळे एकूण अनुभव निराशाजनक झाला.",Negative
चित्रपट अजिबात फिका नाही; उलट मांडणी खूप आकर्षक आहे.,Positive
"चित्रपटात विनोदी प्रसंग कमकुवत आहे, त्यामुळे चित्रपट पाहताना वारंवार कंटाळा आला.",Negative
चित्रपटाने वेळ वाया गेल्यासारखे वाटले आणि कथा खरोखर सुमार आहे.,Negative
कथेपासून अभिनयापर्यंत सर्व काही अप्रतिम वाटले; कुटुंबासोबत पाहण्यासारखा अनुभव मिळतो.,Positive
हा चित्रपट पुन्हा पाहावासा वाटतो कारण विनोदी प्रसंग खूप आकर्षक आहे.,Positive
कथेपासून अभिनयापर्यंत बरेच काही सुमार वाटले; पटकथा शेवटपर्यंत प्रभावी राहत नाही.,Negative
हा अनुभव फिका नसून खूप हृदयस्पर्शी आहे; कथा शेवटपर्यंत पकडून ठेवते.,Positive
कथा अजिबात फिका नाही आणि संगीताने प्रसंगांची परिणामकारकता वाढवली.,Positive
कथेपासून अभिनयापर्यंत बरेच काही कंटाळवाणा वाटले; चित्रपट पाहताना वारंवार कंटाळा आला.,Negative
"थिएटरमध्ये अर्ध्यातच झोप येत होती. कथेत काहीच नावीन्य नाही, सगळं आधीच पाहिलेलं वाटतं.",Negative
हा चित्रपट फिका वाटतो; भावनिक प्रसंगांचा परिणाम होत नाही.,Negative
पटकथा आणि अभिनय दोन्ही सुमार आहेत; त्यामुळे चित्रपट पाहिल्यानंतर विशेष काही लक्षात राहत नाही.,Negative
चित्रपट अजिबात फिका नाही; उलट मांडणी खूप अप्रतिम आहे.,Positive
"संगीत त्रासदायक नाही, गाणी कथेला छान साथ देतात. पुन्हा पाहायला देखील आवडेल.",Positive
"सुरुवात थोडी कंटाळवाणी आणि संथ आहे; वाईट नाही असे एकूण चित्रपटाबद्दल म्हणता येणार नाही. पण शेवटच्या भागात सुरुवातीच्या उणिवा मागे पडतात. शेवट अजिबात खराब नाही, उलट मनाला भिडतो.",Positive
प्रभावी नाही असे अंतिम निष्कर्ष काढणे योग्य ठरणार नाही. सुरुवातीला कथा सुंदर आणि आकर्षक वाटते; तरी दुसऱ्या अर्ध्यात दिग्दर्शन कमकुवत होते. त्यामुळे हा चित्रपट समाधानकारक म्हणता येत नाही.,Negative
थिएटरमध्ये अर्ध्यातच झोप येत होती. दिग्दर्शन अगदीच कमकुवत असून प्रसंगांची मांडणी विस्कळीत आहे. थिएटरमध्ये पैसे खर्च करण्याआधी नक्की विचार करा.,Negative
चित्रपटाने संवाद कृत्रिम वाटतात आणि कथानक खरोखर सुमार आहे.,Negative
सुरुवातीला कथा सुंदर आणि आकर्षक वाटते; सुंदर नाही असे एकूण चित्रपटाबद्दल म्हणता येणार नाही. पण पुढे पटकथा पूर्णपणे गोंधळते. त्यामुळे अंतिम अनुभव अपेक्षाभंग करणारा ठरतो.,Negative
कथा अजिबात उत्तम नाही आणि काही दृश्ये अजिबात गरजेची वाटत नाहीत.,Negative
चित्रपटाची दिग्दर्शन खूप कमकुवत आहे आणि दिग्दर्शनाने विषयाला योग्य न्याय दिला नाही.,Negative
कथानकमध्ये काहीही दर्जेदार वाटत नाही; दृश्यरचना खूप अप्रभावी आहे.,Negative
चित्रपटातील संवाद पाहून वेळ कसा गेला कळले नाही; एकूण अनुभव प्रभावी आहे.,Positive
"सुरुवात थोडी कंटाळवाणी आणि संथ आहे. मात्र दुसऱ्या अर्ध्यात चित्रपट पूर्णपणे बदलतो, पण म्हणून एकूण चित्रपट अपेक्षेपेक्षा सुंदर वाटतो.",Positive
उत्तम नाही असे अंतिम निष्कर्ष काढणे योग्य ठरणार नाही. सुरुवातीला कथा सुंदर आणि आकर्षक वाटते; पण पुढे पटकथा पूर्णपणे गोंधळते. म्हणून चांगल्या सुरुवातीचा फारसा उपयोग होत नाही.,Negative
सुरुवातीला कथा सुंदर आणि आकर्षक वाटते; प्रभावी नाही असे एकूण चित्रपटाबद्दल म्हणता येणार नाही. तरी दुसऱ्या अर्ध्यात दिग्दर्शन कमकुवत होते. त्यामुळे अंतिम अनुभव अपेक्षाभंग करणारा ठरतो.,Negative
कथानकमध्ये काहीही सुंदर वाटत नाही; छायाचित्रण खूप कमकुवत आहे.,Negative
चित्रपटाची विनोदी प्रसंग खूप उत्कृष्ट आहे आणि कलाकारांनी भूमिका जिवंत केल्या आहेत.,Positive
खराब नाही असे अंतिम निष्कर्ष काढणे योग्य ठरणार नाही. सुरुवात थोडी कंटाळवाणी आणि संथ आहे; मात्र दुसऱ्या अर्ध्यात चित्रपट पूर्णपणे बदलतो. त्यामुळे सुरुवातीचे नकारात्मक संकेत दिशाभूल करणारे ठरतात.,Positive
संपूर्ण चित्रपट सुंदर आहे आणि विनोदी प्रसंग मुळे अनुभव आणखी सुंदर झाला.,Positive
कथाचा संवाद हृदयस्पर्शी असून चित्रपटाचा अनुभव मनाला आनंद देतो.,Positive
मराठी प्रेक्षकांची निराशा करणारा चित्रपट आहे हा. संगीत काहीच लक्षात राहण्यासारखं नाही. संवाद खूपच सुमार आणि ओढून ताणून लिहिलेले वाटतात. पुन्हा असा चित्रपट बघण्याची इच्छा नाही.,Negative
"चित्रपट पाहताना भावनिक प्रसंगांचा परिणाम होत नाही, कारण मुख्य कलाकाराचा अभिनय खूप निरस आहे.",Negative
हा चित्रपट अपेक्षेपेक्षा दर्जेदार निघाला आणि कलाकारांनी भूमिका जिवंत केल्या आहेत.,Positive
चित्रपट अजिबात उत्तम नाही; उलट विनोदी प्रसंग खूप फिका आहे.,Negative
सुरुवातीला कथा सुंदर आणि आकर्षक वाटते; पण पुढे पटकथा पूर्णपणे गोंधळते. शेवटामुळे आधीचे चांगले क्षणही फिके पडतात.,Negative
चित्रपट अजिबात फिका नाही; उलट मांडणी खूप उत्तम आहे.,Positive
संपूर्ण मांडणीचा मुख्य कलाकाराचा अभिनय फिका असून चित्रपटाची लांबी त्रासदायक ठरते.,Negative
"सिनेमागृहातून बाहेर पडताना चेहऱ्यावर हसू होतं. विनोदी प्रसंग अगदी सहज आणि टाइमिंगसह मांडले आहेत. छायाचित्रण अप्रतिम आहे, प्रत्येक फ्रेम एखाद्या चित्रासारखी वाटते. एकदा तरी नक्की बघावा असा हा चित्रपट आहे.",Positive
वाईट नाही असे अंतिम निष्कर्ष काढणे योग्य ठरणार नाही. सुरुवात थोडी कंटाळवाणी आणि संथ आहे; तरी पुढे पात्रांचा प्रवास खूप प्रभावी होतो. म्हणून एकूण चित्रपट अपेक्षेपेक्षा सुंदर वाटतो.,Positive
वेळेचा आणि पैशांचा पूर्ण अपव्यय झाला. दिग्दर्शन अगदीच कमकुवत असून प्रसंगांची मांडणी विस्कळीत आहे.,Negative
उत्कृष्ट नाही असे अंतिम निष्कर्ष काढणे योग्य ठरणार नाही. सुरुवातीला कथा सुंदर आणि आकर्षक वाटते; पण पुढे पटकथा पूर्णपणे गोंधळते. अखेरीस एकूण परिणाम कमकुवत ठरतो.,Negative
थिएटरमध्ये जाऊन बघण्यासारखा चित्रपट आहे हा. गाण्यांचे शब्द आणि चाल दोन्ही मनाला भावतात. पार्श्वसंगीत प्रसंगांची तीव्रता अजून वाढवतं. सहकलाकारांचाही अभिनय तितकाच दमदार आहे. या चित्रपटाला पाच पैकी पाच स्टार्स.,Positive
या वर्षीचा सर्वोत्तम मराठी चित्रपट असं म्हणता येईल. भावनिक प्रसंगांमध्ये डोळ्यात पाणी आल्याशिवाय राहत नाही. गाण्यांचे शब्द आणि चाल दोन्ही मनाला भावतात.,Positive
चित्रपट अपेक्षेइतका चांगला नाही आणि अनेक प्रसंग फिके आहेत. एकूण अनुभव समाधानकारक वाटत नाही.,Negative
सुरुवातीला कथा सुंदर आणि आकर्षक वाटते; मनाला भिडणारा नाही असे एकूण चित्रपटाबद्दल म्हणता येणार नाही. पण पुढे पटकथा पूर्णपणे गोंधळते. शेवटामुळे आधीचे चांगले क्षणही फिके पडतात.,Negative
संपूर्ण चित्रपट सुमार आहे आणि दृश्यरचना मुळे अनुभव खराब झाला.,Negative
सुरुवातीला कथा सुंदर आणि आकर्षक वाटते; यशस्वी नाही असे एकूण चित्रपटाबद्दल म्हणता येणार नाही. मात्र नंतर कथा इतकी रटाळ होते. एकूण चित्रपट सकारात्मक कारणांसाठी लक्षात राहत नाही.,Negative
अपेक्षा खूप होत्या पण चित्रपटाने साफ निराश केलं. अभिनेत्यांचा अभिनय अगदीच सुमार आणि कृत्रिम वाटला. पूर्णपणे टाइमपास वाया गेला असं वाटलं.,Negative
हा चित्रपट अपेक्षेपेक्षा अतिशय संथ निघाला आणि दिग्दर्शनाने विषयाला योग्य न्याय दिला नाही.,Negative
"अपेक्षा खूप होत्या पण चित्रपटाने साफ निराश केलं. गाणी उगाचच घुसवल्यासारखी वाटतात, कथेशी संबंधच नाही.",Negative
"सुरुवात थोडी कंटाळवाणी आणि संथ आहे. तरी पुढे पात्रांचा प्रवास खूप प्रभावी होतो, पण एकूण परिणाम सकारात्मक आणि समाधान देणारा आहे.",Positive
हा अनुभव वाईट नसून खूप कौतुकास्पद आहे; चित्रपटाचा अनुभव मनाला आनंद देतो.,Positive
"चित्रपटात विनोदी प्रसंग उत्तम आहे, त्यामुळे दिग्दर्शकाने विषयाला योग्य न्याय दिला.",Positive
सिनेमा सुरुवातीपासून शेवटपर्यंत खिळवून ठेवतो. प्रत्येक कलाकाराने आपल्या भूमिकेला योग्य न्याय दिला आहे. संगीत कानाला खूप गोड लागतं आणि गाणी सुद्धा सुरेख आहेत. सहकलाकारांचाही अभिनय तितकाच दमदार आहे. सर्वांना शिफारस करेन असा हा चित्रपट आहे.,Positive
सुरुवातीला कथा सुंदर आणि आकर्षक वाटते; सुंदर नाही असे एकूण चित्रपटाबद्दल म्हणता येणार नाही. तरी दुसऱ्या अर्ध्यात दिग्दर्शन कमकुवत होते. एकूण अनुभव मात्र निराशाजनक आहे.,Negative
सुरुवातीपासून शेवटपर्यंत चित्रपट सुंदर राहतो आणि दिग्दर्शकाने विषयाला योग्य न्याय दिला.,Positive
या चित्रपटाची पटकथा मनाला भिडते आणि कथा शेवटपर्यंत पकडून ठेवते.,Positive
चित्रपट अजिबात दर्जेदार नाही; उलट विनोदी प्रसंग खूप कमकुवत आहे.,Negative
कथानकचा दिग्दर्शन मनमोहक असून कथा शेवटपर्यंत पकडून ठेवते.,Positive
सिनेमागृहातून बाहेर पडताना चेहऱ्यावर हसू होतं. व्हीएफएक्स दर्जेदार असून हॉलिवूडच्या तोडीचे वाटतात.,Positive
चित्रपटाची मुख्य कलाकाराचा अभिनय खूप मनमोहक आहे आणि भावनिक प्रसंग मनाला स्पर्श करतात.,Positive
सुरुवातीला कथा सुंदर आणि आकर्षक वाटते; मनाला भिडणारा नाही असे एकूण चित्रपटाबद्दल म्हणता येणार नाही. पण पुढे पटकथा पूर्णपणे गोंधळते. त्यामुळे हा चित्रपट समाधानकारक म्हणता येत नाही.,Negative
सुरुवातीपासून शेवटपर्यंत चित्रपट अप्रतिम राहतो आणि कलाकारांनी भूमिका जिवंत केल्या आहेत.,Positive
"सुरुवातीला कथा सुंदर आणि आकर्षक वाटते. पण पुढे पटकथा पूर्णपणे गोंधळते, पण त्यामुळे हा चित्रपट समाधानकारक म्हणता येत नाही.",Negative
"चित्रपट पाहताना संगीताने प्रसंगांची परिणामकारकता वाढवली, कारण कथा खूप उत्कृष्ट आहे.",Positive
चित्रपटमध्ये काहीही उत्कृष्ट वाटत नाही; अभिनय खूप अस्ताव्यस्त आहे.,Negative
पटकथा आणि पार्श्वसंगीत दोन्ही उत्कृष्ट आहेत; त्यामुळे कलाकारांनी भूमिका जिवंत केल्या आहेत.,Positive
या कलाकृतीमध्ये काहीही सुंदर वाटत नाही; भावनिक सादरीकरण खूप अंदाजे आहे.,Negative
कथा अजिबात अप्रभावी नाही आणि दिग्दर्शकाने विषयाला योग्य न्याय दिला.,Positive
चित्रपटाने दिग्दर्शनाने विषयाला योग्य न्याय दिला नाही आणि पार्श्वसंगीत खरोखर अंदाजे आहे.,Negative
चित्रपट अजिबात वाईट नाही; उलट विनोदी प्रसंग खूप रंजक आहे.,Positive
हा अनुभव उत्तम नसून खूप अतिशय संथ आहे; पटकथा शेवटपर्यंत प्रभावी राहत नाही.,Negative
सुरुवात थोडी कंटाळवाणी आणि संथ आहे; तरी पुढे पात्रांचा प्रवास खूप प्रभावी होतो. त्यामुळे सुरुवातीचे नकारात्मक संकेत दिशाभूल करणारे ठरतात.,Positive
हा अनुभव वाईट नसून खूप दर्जेदार आहे; प्रत्येक प्रसंग लक्षात राहतो.,Positive
कथेपासून अभिनयापर्यंत सर्व काही उत्तम वाटले; संगीताने प्रसंगांची परिणामकारकता वाढवली.,Positive
चित्रपटाची संवाद खूप अंदाजे आहे आणि वेळ वाया गेल्यासारखे वाटले.,Negative
कथेपासून अभिनयापर्यंत बरेच काही सुमार वाटले; भावनिक प्रसंगांचा परिणाम होत नाही.,Negative
चित्रपट अजिबात कंटाळवाणा नाही; उलट भावनिक सादरीकरण खूप दर्जेदार आहे.,Positive
हा अनुभव अप्रतिम नसून खूप अतिशय संथ आहे; दिग्दर्शनाने विषयाला योग्य न्याय दिला नाही.,Negative
या चित्रपटाची पार्श्वसंगीत निराश करते आणि कथानकात नवीनपणा जाणवत नाही.,Negative
हा चित्रपट पुन्हा पाहावासा वाटत नाही कारण अभिनय खूप अस्ताव्यस्त आहे.,Negative
सुरुवातीला कथा सुंदर आणि आकर्षक वाटते; यशस्वी नाही असे एकूण चित्रपटाबद्दल म्हणता येणार नाही. मात्र नंतर कथा इतकी रटाळ होते. त्यामुळे अंतिम अनुभव अपेक्षाभंग करणारा ठरतो.,Negative
सुरुवात थोडी कंटाळवाणी आणि संथ आहे; कमकुवत नाही असे एकूण चित्रपटाबद्दल म्हणता येणार नाही. पण पुढे कथा इतकी सुंदर उलगडते. त्यामुळे सुरुवातीचे नकारात्मक संकेत दिशाभूल करणारे ठरतात.,Positive
संपूर्ण मांडणीचा विनोदी प्रसंग गोंधळलेला असून कथानकात नवीनपणा जाणवत नाही.,Negative
अभिनय अजिबात खराब नाही आणि कलाकारांची केमिस्ट्री छान आहे. पुन्हा पाहायला देखील आवडेल.,Positive
सुरुवातीपासूनच चित्रपट प्रेक्षकांना पकडून ठेवतो. व्हीएफएक्स दर्जेदार असून हॉलिवूडच्या तोडीचे वाटतात.,Positive
वाईट नाही असे अंतिम निष्कर्ष काढणे योग्य ठरणार नाही. सुरुवात थोडी कंटाळवाणी आणि संथ आहे; तरी पुढे पात्रांचा प्रवास खूप प्रभावी होतो. त्यामुळे चित्रपट पाहिल्याचा निर्णय योग्य वाटतो.,Positive
संपूर्ण मांडणीमध्ये काहीही प्रभावी वाटत नाही; मुख्य कलाकाराचा अभिनय खूप कंटाळवाणा आहे.,Negative
सुरुवातीला कथा सुंदर आणि आकर्षक वाटते; उत्कृष्ट नाही असे एकूण चित्रपटाबद्दल म्हणता येणार नाही. पण पुढे पटकथा पूर्णपणे गोंधळते. एकूण अनुभव मात्र निराशाजनक आहे.,Negative
चित्रपटाने कलाकारांच्या कामगिरीत उत्साह जाणवत नाही आणि मांडणी खरोखर निरस आहे.,Negative
खूप वेळाने मराठी चित्रपटसृष्टीत असा दर्जेदार सिनेमा आला. कथेची मांडणी अशी आहे की पुढे काय होणार याची उत्सुकता कायम राहते. व्हीएफएक्स दर्जेदार असून हॉलिवूडच्या तोडीचे वाटतात.,Positive
सुरुवात थोडी कंटाळवाणी आणि संथ आहे; वाईट नाही असे एकूण चित्रपटाबद्दल म्हणता येणार नाही. तरी पुढे पात्रांचा प्रवास खूप प्रभावी होतो. उणिवा असूनही शेवटी चित्रपट मन जिंकून घेतो.,Positive
सुरुवातीला कथा सुंदर आणि आकर्षक वाटते; सुंदर नाही असे एकूण चित्रपटाबद्दल म्हणता येणार नाही. मात्र नंतर कथा इतकी रटाळ होते. शेवटी चित्रपट समाधान देत नाही.,Negative
चित्रपटमध्ये काहीही वाईट वाटत नाही; अभिनय खूप मनमोहक आहे.,Positive
अपेक्षाभंग करणारा नाही असे अंतिम निष्कर्ष काढणे योग्य ठरणार नाही. सुरुवात थोडी कंटाळवाणी आणि संथ आहे; तरी पुढे पात्रांचा प्रवास खूप प्रभावी होतो. सुरुवातीच्या उणिवा असूनही हा चित्रपट लक्षात राहतो.,Positive
या चित्रपटाची मांडणी निराश करते आणि चित्रपटाची लांबी त्रासदायक ठरते.,Negative
हा चित्रपट पुन्हा पाहावासा वाटतो कारण दिग्दर्शन खूप उत्तम आहे.,Positive
कथेपासून अभिनयापर्यंत बरेच काही अस्ताव्यस्त वाटले; चित्रपट पाहताना वारंवार कंटाळा आला.,Negative
"चित्रपट पाहताना सर्व कलाकारांची कामगिरी लक्षात राहते, कारण मांडणी खूप उत्तम आहे.",Positive
काहीच खास नव्हतं या चित्रपटात. संवाद खूपच सुमार आणि ओढून ताणून लिहिलेले वाटतात. पूर्णपणे टाइमपास वाया गेला असं वाटलं.,Negative
"एकदम भारी चित्रपट, अपेक्षेपेक्षा जास्त आवडला. शेवट अगदी समाधानकारक आणि हृदयस्पर्शी झाला आहे.",Positive
पटकथा इतका अप्रतिम आहे की दिग्दर्शकाने विषयाला योग्य न्याय दिला.,Positive
निराशाजनक नाही असे अंतिम निष्कर्ष काढणे योग्य ठरणार नाही. सुरुवात थोडी कंटाळवाणी आणि संथ आहे; तरी पुढे पात्रांचा प्रवास खूप प्रभावी होतो. त्यामुळे चित्रपट पाहिल्याचा निर्णय योग्य वाटतो.,Positive
चित्रपटाची संगीत खूप गोंधळलेला आहे आणि काही दृश्ये अजिबात गरजेची वाटत नाहीत.,Negative
चित्रपट अजिबात अप्रतिम नाही; उलट संवाद खूप कृत्रिम आहे.,Negative
सुरुवातीला कथा सुंदर आणि आकर्षक वाटते; आकर्षक नाही असे एकूण चित्रपटाबद्दल म्हणता येणार नाही. मात्र नंतर कथा इतकी रटाळ होते. शेवटामुळे आधीचे चांगले क्षणही फिके पडतात.,Negative
चित्रपट अजिबात रंजक नाही; उलट मुख्य कलाकाराचा अभिनय खूप अंदाजे आहे.,Negative
"चित्रपटात अभिनय कमकुवत आहे, त्यामुळे कलाकारांच्या कामगिरीत उत्साह जाणवत नाही.",Negative
सुरुवातीला कथा सुंदर आणि आकर्षक वाटते; प्रभावी नाही असे एकूण चित्रपटाबद्दल म्हणता येणार नाही. पण पुढे पटकथा पूर्णपणे गोंधळते. एकूण अनुभव मात्र निराशाजनक आहे.,Negative
पूर्ण कुटुंबासोबत बघण्यासारखा सुंदर चित्रपट आहे. अॅक्शन सीन्स एकदम जबरदस्त आणि रिअलिस्टिक वाटतात. पार्श्वसंगीत प्रसंगांची तीव्रता अजून वाढवतं. व्हीएफएक्स दर्जेदार असून हॉलिवूडच्या तोडीचे वाटतात. पुन्हा एकदा बघायला नक्कीच आवडेल.,Positive
काहीच खास नव्हतं या चित्रपटात. दिग्दर्शन अगदीच कमकुवत असून प्रसंगांची मांडणी विस्कळीत आहे. अभिनेत्यांचा अभिनय अगदीच सुमार आणि कृत्रिम वाटला. पूर्णपणे टाइमपास वाया गेला असं वाटलं.,Negative
"चित्रपट पाहताना कलाकारांनी भूमिका जिवंत केल्या आहेत, कारण मुख्य कलाकाराचा अभिनय खूप रंजक आहे.",Positive
सुरुवातीला कथा सुंदर आणि आकर्षक वाटते; चांगला नाही असे एकूण चित्रपटाबद्दल म्हणता येणार नाही. पण पुढे पटकथा पूर्णपणे गोंधळते. एकूण परिणाम वाईट आणि असमाधानकारक राहतो.,Negative
चित्रपटचा संवाद अप्रतिम असून संगीताने प्रसंगांची परिणामकारकता वाढवली.,Positive
कथेपासून अभिनयापर्यंत बरेच काही फिका वाटले; कलाकारांच्या कामगिरीत उत्साह जाणवत नाही.,Negative
चित्रपटाने अजिबात निराश केले नाही; मांडणी विशेष प्रभावी आहे.,Positive
पूर्ण कुटुंबासोबत बघण्यासारखा सुंदर चित्रपट आहे. दिग्दर्शकाने प्रत्येक प्रसंग अतिशय सुंदर पद्धतीने मांडला आहे. थिएटरमध्ये जाऊन नक्की एन्जॉय करा.,Positive
चित्रपट अजिबात अप्रतिम नाही; उलट कथानक खूप अंदाजे आहे.,Negative
"अपेक्षा खूप होत्या पण चित्रपटाने साफ निराश केलं. संगीत काहीच लक्षात राहण्यासारखं नाही. गाणी उगाचच घुसवल्यासारखी वाटतात, कथेशी संबंधच नाही. मराठी सिनेमाच्या नावाला कमीपणा आणणारा चित्रपट आहे.",Negative
कथानकचा छायाचित्रण सुमार असून संवाद कृत्रिम वाटतात.,Negative
"काहीच खास नव्हतं या चित्रपटात. विनोदी प्रसंग हास्यास्पद वाटतात, हसू येण्याऐवजी वैताग येतो. क्लायमॅक्स अगदीच अपेक्षित आणि सपक झाला आहे. अभिनेत्यांचा अभिनय अगदीच सुमार आणि कृत्रिम वाटला. वेळ असेल तरी बघू नका असा सल्ला देईन.",Negative
कथेपासून अभिनयापर्यंत सर्व काही कौतुकास्पद वाटले; कुटुंबासोबत पाहण्यासारखा अनुभव मिळतो.,Positive
या चित्रपटाची पटकथा मनाला भिडते आणि भावनिक प्रसंग मनाला स्पर्श करतात.,Positive
एवढा भिकार सिनेमा अलीकडे बघितला नव्हता. छायाचित्रण अगदीच सामान्य दर्जाचं आहे. संगीत काहीच लक्षात राहण्यासारखं नाही.,Negative
चित्रपट अजिबात फिका नाही; उलट पार्श्वसंगीत खूप प्रभावी आहे.,Positive
"पैसे वसूल चित्रपट, अजिबात निराश करत नाही. पटकथा घट्ट बांधलेली असल्यामुळे कुठेही कंटाळा येत नाही.",Positive
खूप वेळाने मराठी चित्रपटसृष्टीत असा दर्जेदार सिनेमा आला. संगीत कानाला खूप गोड लागतं आणि गाणी सुद्धा सुरेख आहेत. पटकथा घट्ट बांधलेली असल्यामुळे कुठेही कंटाळा येत नाही. थिएटरमध्ये जाऊन नक्की एन्जॉय करा.,Positive
छायाचित्रण इतका उत्कृष्ट आहे की प्रत्येक फ्रेम विचारपूर्वक सादर केली आहे.,Positive
सुरुवात थोडी कंटाळवाणी आणि संथ आहे; कमकुवत नाही असे एकूण चित्रपटाबद्दल म्हणता येणार नाही. मात्र दुसऱ्या अर्ध्यात चित्रपट पूर्णपणे बदलतो. सुरुवातीच्या उणिवा असूनही हा चित्रपट लक्षात राहतो.,Positive
"मराठी प्रेक्षकांची निराशा करणारा चित्रपट आहे हा. मुख्य कलाकारांच्या भूमिकेत जीव ओतलेला जाणवलाच नाही. विनोदी प्रसंग हास्यास्पद वाटतात, हसू येण्याऐवजी वैताग येतो. व्हीएफएक्स इतके स्वस्त वाटतात की हसू येतं.",Negative
उत्कृष्ट नाही असे अंतिम निष्कर्ष काढणे योग्य ठरणार नाही. सुरुवातीला कथा सुंदर आणि आकर्षक वाटते; पण पुढे पटकथा पूर्णपणे गोंधळते. म्हणून चांगल्या सुरुवातीचा फारसा उपयोग होत नाही.,Negative
कथानकचा मुख्य कलाकाराचा अभिनय कंटाळवाणा असून चित्रपट पाहताना वारंवार कंटाळा आला.,Negative
हा चित्रपट पुन्हा पाहावासा वाटतो कारण दिग्दर्शन खूप दर्जेदार आहे.,Positive
सिनेमा बघून मन अगदी प्रसन्न झालं. व्हीएफएक्स दर्जेदार असून हॉलिवूडच्या तोडीचे वाटतात. मुख्य कलाकारांनी आपापल्या भूमिका उत्कृष्टपणे साकारल्या आहेत.,Positive
"चित्रपट पाहताना पटकथा शेवटपर्यंत प्रभावी राहत नाही, कारण पार्श्वसंगीत खूप गोंधळलेला आहे.",Negative
भावनिक सादरीकरण इतका अप्रभावी आहे की कलाकारांच्या कामगिरीत उत्साह जाणवत नाही.,Negative
कथा अजिबात निरस नाही आणि दिग्दर्शकाने विषयाला योग्य न्याय दिला.,Positive
"सुरुवात थोडी कंटाळवाणी आणि संथ आहे; वाईट नाही असे एकूण चित्रपटाबद्दल म्हणता येणार नाही. मात्र दुसऱ्या अर्ध्यात चित्रपट पूर्णपणे बदलतो. शेवट अजिबात खराब नाही, उलट मनाला भिडतो.",Positive
चित्रपटाची मांडणी खूप कंटाळवाणा आहे आणि अनेक प्रसंग विनाकारण लांबवले आहेत.,Negative
सुरुवातीपासून शेवटपर्यंत चित्रपट मनमोहक राहतो आणि वेळ कसा गेला कळले नाही.,Positive
या चित्रपटाची दिग्दर्शन निराश करते आणि संवाद कृत्रिम वाटतात.,Negative
चित्रपटातील कथानक पाहून पटकथा शेवटपर्यंत प्रभावी राहत नाही; एकूण अनुभव निरस आहे.,Negative
"सुरुवातीला कथा सुंदर आणि आकर्षक वाटते. पण पुढे पटकथा पूर्णपणे गोंधळते, पण एकूण परिणाम वाईट आणि असमाधानकारक राहतो.",Negative
सिनेमा बघून मन अगदी प्रसन्न झालं. कथा अगदी वेगळी आणि विचार करायला लावणारी आहे. विनोदी प्रसंग अगदी सहज आणि टाइमिंगसह मांडले आहेत.,Positive
हा चित्रपट अपेक्षेपेक्षा प्रभावी निघाला आणि शेवट समाधानकारक वाटतो.,Positive
मनाला भिडणारा नाही असे अंतिम निष्कर्ष काढणे योग्य ठरणार नाही. सुरुवातीला कथा सुंदर आणि आकर्षक वाटते; पण पुढे पटकथा पूर्णपणे गोंधळते. त्यामुळे अंतिम अनुभव अपेक्षाभंग करणारा ठरतो.,Negative
असमाधानकारक नाही असे अंतिम निष्कर्ष काढणे योग्य ठरणार नाही. सुरुवात थोडी कंटाळवाणी आणि संथ आहे; मात्र दुसऱ्या अर्ध्यात चित्रपट पूर्णपणे बदलतो. सुरुवातीच्या उणिवा असूनही हा चित्रपट लक्षात राहतो.,Positive
चित्रपटाने प्रत्येक फ्रेम विचारपूर्वक सादर केली आहे आणि विनोदी प्रसंग खरोखर प्रभावी आहे.,Positive
संपूर्ण चित्रपट मनमोहक आहे आणि संगीत मुळे अनुभव आणखी सुंदर झाला.,Positive
सुरुवातीला कथा सुंदर आणि आकर्षक वाटते; आशादायक नाही असे एकूण चित्रपटाबद्दल म्हणता येणार नाही. तरी दुसऱ्या अर्ध्यात दिग्दर्शन कमकुवत होते. अखेरीस एकूण परिणाम कमकुवत ठरतो.,Negative
"सिनेमागृहातून बाहेर पडताना खूप वैताग आला. संगीत काहीच लक्षात राहण्यासारखं नाही. कथेत काहीच नावीन्य नाही, सगळं आधीच पाहिलेलं वाटतं. मराठी सिनेमाच्या नावाला कमीपणा आणणारा चित्रपट आहे.",Negative
चित्रपटातील पटकथा पाहून चित्रपट पाहताना उत्सुकता कायम राहते; एकूण अनुभव आकर्षक आहे.,Positive
विनोदी प्रसंग इतका अप्रतिम आहे की शेवट समाधानकारक वाटतो.,Positive
संवाद इतका सुंदर आहे की वेळ कसा गेला कळले नाही.,Positive
चित्रपटाची छायाचित्रण खूप उत्तम आहे आणि भावनिक प्रसंग मनाला स्पर्श करतात.,Positive
कथेपासून अभिनयापर्यंत बरेच काही अप्रभावी वाटले; चित्रपटाची लांबी त्रासदायक ठरते.,Negative
"चित्रपटात विनोदी प्रसंग उत्तम आहे, त्यामुळे वेळ कसा गेला कळले नाही.",Positive
संपूर्ण चित्रपट उत्कृष्ट आहे आणि पार्श्वसंगीत मुळे अनुभव आणखी सुंदर झाला.,Positive
हा चित्रपट अपेक्षेपेक्षा अस्ताव्यस्त निघाला आणि दिग्दर्शनाने विषयाला योग्य न्याय दिला नाही.,Negative
कथा अजिबात कंटाळवाणा नाही आणि दिग्दर्शकाने विषयाला योग्य न्याय दिला.,Positive
या चित्रपटाची कथानक मनाला भिडते आणि कुटुंबासोबत पाहण्यासारखा अनुभव मिळतो.,Positive
या चित्रपटाची दिग्दर्शन मनाला भिडते आणि संगीताने प्रसंगांची परिणामकारकता वाढवली.,Positive
सुरुवात थोडी कंटाळवाणी आणि संथ आहे; असमाधानकारक नाही असे एकूण चित्रपटाबद्दल म्हणता येणार नाही. पण पुढे कथा इतकी सुंदर उलगडते. अखेरीस हा अनुभव अजिबात असमाधानकारक राहत नाही.,Positive
चित्रपटमध्ये काहीही अप्रभावी वाटत नाही; दिग्दर्शन खूप नैसर्गिक आहे.,Positive
कथेपासून अभिनयापर्यंत बरेच काही निरस वाटले; पटकथा शेवटपर्यंत प्रभावी राहत नाही.,Negative
कथेपासून अभिनयापर्यंत सर्व काही अप्रतिम वाटले; प्रत्येक फ्रेम विचारपूर्वक सादर केली आहे.,Positive
दिग्दर्शन आणि शेवट दोन्ही हृदयस्पर्शी आहेत; त्यामुळे कलाकारांनी भूमिका जिवंत केल्या आहेत.,Positive
"पैसे वसूल चित्रपट, अजिबात निराश करत नाही. पटकथा घट्ट बांधलेली असल्यामुळे कुठेही कंटाळा येत नाही. विनोदी प्रसंग अगदी सहज आणि टाइमिंगसह मांडले आहेत. असे चित्रपट वारंवार यायला हवेत.",Positive
हा अनुभव वाईट नसून खूप दर्जेदार आहे; संगीताने प्रसंगांची परिणामकारकता वाढवली.,Positive
चित्रपटाने चित्रपट पाहताना वारंवार कंटाळा आला आणि मुख्य कलाकाराचा अभिनय खरोखर अतिशय संथ आहे.,Negative
"पैसे वाया गेले असं वाटलं सिनेमा बघून. मुख्य कलाकारांच्या भूमिकेत जीव ओतलेला जाणवलाच नाही. विनोदी प्रसंग हास्यास्पद वाटतात, हसू येण्याऐवजी वैताग येतो.",Negative
आशादायक नाही असे अंतिम निष्कर्ष काढणे योग्य ठरणार नाही. सुरुवातीला कथा सुंदर आणि आकर्षक वाटते; तरी दुसऱ्या अर्ध्यात दिग्दर्शन कमकुवत होते. म्हणून चांगल्या सुरुवातीचा फारसा उपयोग होत नाही.,Negative
मित्रांसोबत बघितला आणि सगळ्यांनाच खूप आवडला. अभिनेत्यांचा अभिनय खूपच नैसर्गिक आणि प्रभावी वाटला. सहकलाकारांचाही अभिनय तितकाच दमदार आहे. मराठी चित्रपटसृष्टीसाठी अभिमानास्पद कलाकृती आहे.,Positive
चित्रपटाने वेळ कसा गेला कळले नाही आणि भावनिक सादरीकरण खरोखर हृदयस्पर्शी आहे.,Positive
या चित्रपटाची मुख्य कलाकाराचा अभिनय निराश करते आणि कथा पुढे सरकत नाही.,Negative
छायाचित्रण आणि विनोदी प्रसंग दोन्ही नैसर्गिक आहेत; त्यामुळे सर्व कलाकारांची कामगिरी लक्षात राहते.,Positive
"क्लासच आहे राव, बघाच एकदा.",Positive
या चित्रपटाची छायाचित्रण निराश करते आणि शेवट निराश करतो.,Negative
समाधानकारक नाही असे अंतिम निष्कर्ष काढणे योग्य ठरणार नाही. सुरुवातीला कथा सुंदर आणि आकर्षक वाटते; पण पुढे पटकथा पूर्णपणे गोंधळते. एकूण चित्रपट सकारात्मक कारणांसाठी लक्षात राहत नाही.,Negative
"चित्रपटात पार्श्वसंगीत उत्तम आहे, त्यामुळे दिग्दर्शकाने विषयाला योग्य न्याय दिला.",Positive
"एकदम भारी चित्रपट, अपेक्षेपेक्षा जास्त आवडला. अभिनेत्यांचा अभिनय खूपच नैसर्गिक आणि प्रभावी वाटला. दिग्दर्शनातली बारकाई प्रत्येक दृश्यात जाणवते. विनोदी प्रसंग अगदी सहज आणि टाइमिंगसह मांडले आहेत. पुन्हा एकदा बघायला नक्कीच आवडेल.",Positive
मराठी प्रेक्षकांची निराशा करणारा चित्रपट आहे हा. सहकलाकारांचा अभिनयही अगदीच सामान्य आहे.,Negative
चित्रपटाने अजिबात निराश केले नाही; छायाचित्रण विशेष नैसर्गिक आहे.,Positive
इतका रटाळ चित्रपट खूप दिवसांनी पाहिला. छायाचित्रण अगदीच सामान्य दर्जाचं आहे. भावनिक प्रसंगांमध्ये सुद्धा काहीच परिणाम जाणवत नाही.,Negative
कमकुवत नाही असे अंतिम निष्कर्ष काढणे योग्य ठरणार नाही. सुरुवात थोडी कंटाळवाणी आणि संथ आहे; पण पुढे कथा इतकी सुंदर उलगडते. सुरुवातीच्या उणिवा असूनही हा चित्रपट लक्षात राहतो.,Positive
कथाचा कथा सुंदर असून प्रत्येक फ्रेम विचारपूर्वक सादर केली आहे.,Positive
असमाधानकारक नाही असे अंतिम निष्कर्ष काढणे योग्य ठरणार नाही. सुरुवात थोडी कंटाळवाणी आणि संथ आहे; पण पुढे कथा इतकी सुंदर उलगडते. त्यामुळे सुरुवातीचे नकारात्मक संकेत दिशाभूल करणारे ठरतात.,Positive
खरंच अशा चित्रपटांची गरज आहे मराठी सृष्टीला. मुख्य कलाकारांनी आपापल्या भूमिका उत्कृष्टपणे साकारल्या आहेत. दिग्दर्शकाने प्रत्येक प्रसंग अतिशय सुंदर पद्धतीने मांडला आहे. शेवट अगदी समाधानकारक आणि हृदयस्पर्शी झाला आहे. मराठी चित्रपटसृष्टीसाठी अभिमानास्पद कलाकृती आहे.,Positive
चित्रपटाने चित्रपटाची लांबी त्रासदायक ठरते आणि कथा खरोखर निरस आहे.,Negative
संपूर्ण मांडणीचा संगीत हृदयस्पर्शी असून कथा शेवटपर्यंत पकडून ठेवते.,Positive
सुरुवातीपासून शेवटपर्यंत चित्रपट कमकुवत राहतो आणि संवाद कृत्रिम वाटतात.,Negative
सुरुवातीपासून शेवटपर्यंत चित्रपट अस्ताव्यस्त राहतो आणि पटकथा शेवटपर्यंत प्रभावी राहत नाही.,Negative
हा चित्रपट पुन्हा पाहावासा वाटत नाही कारण संगीत खूप गोंधळलेला आहे.,Negative
हा चित्रपट प्रभावी वाटतो; चित्रपटाचा अनुभव मनाला आनंद देतो.,Positive
सुरुवातीला कथा सुंदर आणि आकर्षक वाटते; सुंदर नाही असे एकूण चित्रपटाबद्दल म्हणता येणार नाही. तरी दुसऱ्या अर्ध्यात दिग्दर्शन कमकुवत होते. त्यामुळे सुंदर क्षण असूनही चित्रपट आवडत नाही.,Negative
कथा साधी असली तरी अजिबात वाईट नाही. पुन्हा पाहायला देखील आवडेल.,Positive
या कलाकृतीमध्ये काहीही मनमोहक वाटत नाही; संवाद खूप कृत्रिम आहे.,Negative
चित्रपटाने चित्रपटाचा अनुभव मनाला आनंद देतो आणि शेवट खरोखर हृदयस्पर्शी आहे.,Positive
प्रभावी नाही असे अंतिम निष्कर्ष काढणे योग्य ठरणार नाही. सुरुवातीला कथा सुंदर आणि आकर्षक वाटते; तरी दुसऱ्या अर्ध्यात दिग्दर्शन कमकुवत होते. शेवटामुळे आधीचे चांगले क्षणही फिके पडतात.,Negative
मनाला न पटणारा नाही असे अंतिम निष्कर्ष काढणे योग्य ठरणार नाही. सुरुवात थोडी कंटाळवाणी आणि संथ आहे; मात्र दुसऱ्या अर्ध्यात चित्रपट पूर्णपणे बदलतो. उणिवा असूनही शेवटी चित्रपट मन जिंकून घेतो.,Positive
उत्तम नाही असे अंतिम निष्कर्ष काढणे योग्य ठरणार नाही. सुरुवातीला कथा सुंदर आणि आकर्षक वाटते; मात्र नंतर कथा इतकी रटाळ होते. एकूण परिणाम वाईट आणि असमाधानकारक राहतो.,Negative
सुरुवातीपासून शेवटपर्यंत चित्रपट प्रभावी राहतो आणि कुटुंबासोबत पाहण्यासारखा अनुभव मिळतो.,Positive
कथानक आणि मांडणी दोन्ही निराशाजनक आहेत; त्यामुळे अनेक प्रसंग विनाकारण लांबवले आहेत.,Negative
"मस्त सिनेमा आहे, नक्की बघा. व्हीएफएक्स दर्जेदार असून हॉलिवूडच्या तोडीचे वाटतात. पार्श्वसंगीत प्रसंगांची तीव्रता अजून वाढवतं. कुटुंबासोबत थिएटरमध्ये जाऊन बघण्यासारखा सिनेमा आहे.",Positive
"फारसा वाईट नाही असे अंतिम निष्कर्ष काढणे योग्य ठरणार नाही. सुरुवात थोडी कंटाळवाणी आणि संथ आहे; तरी पुढे पात्रांचा प्रवास खूप प्रभावी होतो. एकूण अनुभव वाईट नाही, उलट समाधानकारक आहे.",Positive
समाधानकारक नाही असे अंतिम निष्कर्ष काढणे योग्य ठरणार नाही. सुरुवातीला कथा सुंदर आणि आकर्षक वाटते; मात्र नंतर कथा इतकी रटाळ होते. त्यामुळे हा चित्रपट समाधानकारक म्हणता येत नाही.,Negative
"सुरुवातीला कथा सुंदर आणि आकर्षक वाटते. पण पुढील भाग इतका कंटाळवाणा आहे, पण शेवटी चित्रपट समाधान देत नाही.",Negative
"चित्रपटात संवाद कमकुवत आहे, त्यामुळे अनेक प्रसंग विनाकारण लांबवले आहेत.",Negative
अपेक्षा खूप होत्या पण चित्रपटाने साफ निराश केलं. क्लायमॅक्स अगदीच अपेक्षित आणि सपक झाला आहे. वेळ असेल तरी बघू नका असा सल्ला देईन.,Negative
"चित्रपटात छायाचित्रण उत्तम आहे, त्यामुळे वेळ कसा गेला कळले नाही.",Positive
अभिनय आणि संवाद दोन्ही निरस आहेत; त्यामुळे कथानकात नवीनपणा जाणवत नाही.,Negative
"चित्रपटात संवाद कमकुवत आहे, त्यामुळे चित्रपट पाहताना वारंवार कंटाळा आला.",Negative
या चित्रपटाची मांडणी निराश करते आणि अनेक प्रसंग विनाकारण लांबवले आहेत.,Negative
संपूर्ण चित्रपट उत्कृष्ट आहे आणि छायाचित्रण मुळे अनुभव आणखी सुंदर झाला.,Positive
सुरुवातीला कथा सुंदर आणि आकर्षक वाटते; समाधानकारक नाही असे एकूण चित्रपटाबद्दल म्हणता येणार नाही. तरी दुसऱ्या अर्ध्यात दिग्दर्शन कमकुवत होते. म्हणून चांगल्या सुरुवातीचा फारसा उपयोग होत नाही.,Negative
चित्रपटाची कथानक खूप निरस आहे आणि अनेक प्रसंग विनाकारण लांबवले आहेत.,Negative
"चित्रपटात मुख्य कलाकाराचा अभिनय कमकुवत आहे, त्यामुळे संवाद कृत्रिम वाटतात.",Negative
"सिनेमा सुरु झाल्यापासूनच कंटाळा येऊ लागला. सहकलाकारांचा अभिनयही अगदीच सामान्य आहे. विनोदी प्रसंग हास्यास्पद वाटतात, हसू येण्याऐवजी वैताग येतो.",Negative
हा अनुभव उत्कृष्ट नसून खूप कंटाळवाणा आहे; भावनिक प्रसंगांचा परिणाम होत नाही.,Negative
"पैसे वसूल चित्रपट, अजिबात निराश करत नाही. पार्श्वसंगीत प्रसंगांची तीव्रता अजून वाढवतं. कुटुंबासोबत थिएटरमध्ये जाऊन बघण्यासारखा सिनेमा आहे.",Positive
चित्रपटाची शेवट खूप उत्कृष्ट आहे आणि कुटुंबासोबत पाहण्यासारखा अनुभव मिळतो.,Positive
चित्रपटचा अभिनय रंजक असून प्रत्येक फ्रेम विचारपूर्वक सादर केली आहे.,Positive
सुरुवात थोडी कंटाळवाणी आणि संथ आहे; कमकुवत नाही असे एकूण चित्रपटाबद्दल म्हणता येणार नाही. तरी पुढे पात्रांचा प्रवास खूप प्रभावी होतो. सुरुवातीच्या उणिवा असूनही हा चित्रपट लक्षात राहतो.,Positive
चित्रपटातील कथानक पाहून अनेक प्रसंग विनाकारण लांबवले आहेत; एकूण अनुभव फिका आहे.,Negative
वेळेचा आणि पैशांचा पूर्ण अपव्यय झाला. पटकथा खूपच विस्कळीत असल्यामुळे कथा नीट समजतच नाही. संवाद खूपच सुमार आणि ओढून ताणून लिहिलेले वाटतात. वेळ असेल तरी बघू नका असा सल्ला देईन.,Negative
संपूर्ण चित्रपट कंटाळवाणा आहे आणि पार्श्वसंगीत मुळे अनुभव खराब झाला.,Negative
चित्रपटाने अजिबात निराश केले नाही; भावनिक सादरीकरण विशेष कौतुकास्पद आहे.,Positive
फारसा वाईट नाही असे अंतिम निष्कर्ष काढणे योग्य ठरणार नाही. सुरुवात थोडी कंटाळवाणी आणि संथ आहे; मात्र दुसऱ्या अर्ध्यात चित्रपट पूर्णपणे बदलतो. त्यामुळे चित्रपट पाहिल्याचा निर्णय योग्य वाटतो.,Positive
"चित्रपट पाहताना शेवट समाधानकारक वाटतो, कारण कथानक खूप उत्कृष्ट आहे.",Positive
हा चित्रपट अपेक्षेपेक्षा दर्जेदार निघाला आणि भावनिक प्रसंग मनाला स्पर्श करतात.,Positive
हा चित्रपट पुन्हा पाहावासा वाटत नाही कारण कथानक खूप कमकुवत आहे.,Negative
हा चित्रपट अपेक्षेपेक्षा रंजक निघाला आणि चित्रपट पाहून मन प्रसन्न झाले.,Positive
संपूर्ण मांडणीमध्ये काहीही कमकुवत वाटत नाही; मुख्य कलाकाराचा अभिनय खूप सुंदर आहे.,Positive
सुरुवातीपासून शेवटपर्यंत चित्रपट निरस राहतो आणि संवाद कृत्रिम वाटतात.,Negative
सुरुवात थोडी कंटाळवाणी आणि संथ आहे; निराशाजनक नाही असे एकूण चित्रपटाबद्दल म्हणता येणार नाही. पण पुढे कथा इतकी सुंदर उलगडते. त्यामुळे सुरुवातीचे नकारात्मक संकेत दिशाभूल करणारे ठरतात.,Positive
या चित्रपटाची कथा निराश करते आणि दिग्दर्शनाने विषयाला योग्य न्याय दिला नाही.,Negative
कथेपासून अभिनयापर्यंत बरेच काही अस्ताव्यस्त वाटले; शेवट निराश करतो.,Negative
सिनेमागृहातून बाहेर पडताना खूप वैताग आला. क्लायमॅक्स अगदीच अपेक्षित आणि सपक झाला आहे. भावनिक प्रसंगांमध्ये सुद्धा काहीच परिणाम जाणवत नाही. पूर्णपणे टाइमपास वाया गेला असं वाटलं.,Negative
हा अनुभव रंजक नसून खूप कमकुवत आहे; अनेक प्रसंग विनाकारण लांबवले आहेत.,Negative
चित्रपटाने अजिबात निराश केले नाही; विनोदी प्रसंग विशेष अप्रतिम आहे.,Positive
"मस्त सिनेमा आहे, नक्की बघा. कथेची मांडणी अशी आहे की पुढे काय होणार याची उत्सुकता कायम राहते. थिएटरमध्ये जाऊन नक्की एन्जॉय करा.",Positive
चित्रपटाने प्रत्येक प्रसंग लक्षात राहतो आणि पार्श्वसंगीत खरोखर उत्कृष्ट आहे.,Positive
चित्रपटाने चित्रपटाचा अनुभव मनाला आनंद देतो आणि शेवट खरोखर सुंदर आहे.,Positive
कथाचा संगीत मनमोहक असून चित्रपट पाहून मन प्रसन्न झाले.,Positive
चित्रपटाने वेळ वाया गेल्यासारखे वाटले आणि कथानक खरोखर निराशाजनक आहे.,Negative
चित्रपटाची कथानक खूप अतिशय संथ आहे आणि शेवट निराश करतो.,Negative
संवाद आणि कथा दोन्ही अंदाजे आहेत; त्यामुळे कथा पुढे सरकत नाही.,Negative
अपेक्षाभंग करणारा नाही असे अंतिम निष्कर्ष काढणे योग्य ठरणार नाही. सुरुवात थोडी कंटाळवाणी आणि संथ आहे; तरी पुढे पात्रांचा प्रवास खूप प्रभावी होतो. म्हणून एकूण चित्रपट अपेक्षेपेक्षा सुंदर वाटतो.,Positive
पूर्ण चित्रपटभर काहीच लॉजिक सापडलं नाही. संगीत काहीच लक्षात राहण्यासारखं नाही. पुन्हा असा चित्रपट बघण्याची इच्छा नाही.,Negative
"चित्रपट पाहताना चित्रपट पाहताना वारंवार कंटाळा आला, कारण संवाद खूप अप्रभावी आहे.",Negative
कथा अजिबात अप्रभावी नाही आणि शेवट समाधानकारक वाटतो.,Positive
सिनेमा बघून मन अगदी प्रसन्न झालं. दिग्दर्शकाने प्रत्येक प्रसंग अतिशय सुंदर पद्धतीने मांडला आहे. थिएटरमध्ये जाऊन नक्की एन्जॉय करा.,Positive
या चित्रपटाची संगीत निराश करते आणि कथा पुढे सरकत नाही.,Negative
चित्रपटाची विनोदी प्रसंग खूप अंदाजे आहे आणि भावनिक प्रसंगांचा परिणाम होत नाही.,Negative
संपूर्ण चित्रपट गोंधळलेला आहे आणि कथानक मुळे अनुभव खराब झाला.,Negative
चांगला नाही असे अंतिम निष्कर्ष काढणे योग्य ठरणार नाही. सुरुवातीला कथा सुंदर आणि आकर्षक वाटते; तरी दुसऱ्या अर्ध्यात दिग्दर्शन कमकुवत होते. एकूण चित्रपट सकारात्मक कारणांसाठी लक्षात राहत नाही.,Negative
"पैसा वसूल एंटरटेनमेंट, मस्त अनुभव.",Positive
काहीच खास नव्हतं या चित्रपटात. संवाद खूपच सुमार आणि ओढून ताणून लिहिलेले वाटतात. OTT वर आला तरी बघावासा वाटत नाही.,Negative
सुरुवात थोडी कंटाळवाणी आणि संथ आहे; असमाधानकारक नाही असे एकूण चित्रपटाबद्दल म्हणता येणार नाही. मात्र दुसऱ्या अर्ध्यात चित्रपट पूर्णपणे बदलतो. एकूण परिणाम सकारात्मक आणि समाधान देणारा आहे.,Positive
"चित्रपटात कथानक उत्तम आहे, त्यामुळे चित्रपटाचा अनुभव मनाला आनंद देतो.",Positive
कथामध्ये काहीही निरस वाटत नाही; संगीत खूप उत्तम आहे.,Positive
दृश्यरचना इतका फिका आहे की शेवट निराश करतो.,Negative
अभिनय इतका गोंधळलेला आहे की शेवट निराश करतो.,Negative
चित्रपटातील दृश्यरचना पाहून प्रत्येक प्रसंग लक्षात राहतो; एकूण अनुभव कौतुकास्पद आहे.,Positive
"एकदम भारी चित्रपट, अपेक्षेपेक्षा जास्त आवडला. दिग्दर्शनातली बारकाई प्रत्येक दृश्यात जाणवते. शेवट अगदी समाधानकारक आणि हृदयस्पर्शी झाला आहे. व्हीएफएक्स दर्जेदार असून हॉलिवूडच्या तोडीचे वाटतात.",Positive
पूर्ण कुटुंबासोबत बघण्यासारखा सुंदर चित्रपट आहे. अॅक्शन सीन्स एकदम जबरदस्त आणि रिअलिस्टिक वाटतात. मराठी चित्रपटसृष्टीसाठी अभिमानास्पद कलाकृती आहे.,Positive
कथानकमध्ये काहीही अप्रभावी वाटत नाही; संवाद खूप रंजक आहे.,Positive
अशा चित्रपटांमुळे मराठी सिनेमाची बदनामी होते. काही कलाकारांची निवडच चुकीची वाटते. व्हीएफएक्स इतके स्वस्त वाटतात की हसू येतं. कथेत इतके लॉजिकल गॅप्स आहेत की डोकं दुखायला लागतं.,Negative
चित्रपटचा दृश्यरचना कमकुवत असून चित्रपट पाहिल्यानंतर विशेष काही लक्षात राहत नाही.,Negative
हा अनुभव फिका नसून खूप मनमोहक आहे; संगीताने प्रसंगांची परिणामकारकता वाढवली.,Positive
हा चित्रपट दर्जेदार वाटतो; कलाकारांनी भूमिका जिवंत केल्या आहेत.,Positive
हा चित्रपट अपेक्षेपेक्षा आकर्षक निघाला आणि कलाकारांनी भूमिका जिवंत केल्या आहेत.,Positive
एकदम टुकार सिनेमा आहे भाऊ. संवाद खूपच सुमार आणि ओढून ताणून लिहिलेले वाटतात.,Negative
पैसे वाया गेले असं वाटलं सिनेमा बघून. व्हीएफएक्स इतके स्वस्त वाटतात की हसू येतं. OTT वर आला तरी बघावासा वाटत नाही.,Negative
कथेपासून अभिनयापर्यंत सर्व काही मनमोहक वाटले; शेवट समाधानकारक वाटतो.,Positive
चित्रपटाची कथानक खूप कंटाळवाणा आहे आणि शेवट निराश करतो.,Negative
"उगाच हाईप केलेला सिनेमा, प्रत्यक्षात काही दम नाही. पटकथा खूपच विस्कळीत असल्यामुळे कथा नीट समजतच नाही. पुन्हा असा चित्रपट बघण्याची इच्छा नाही.",Negative
दिग्दर्शन आणि भावनिक सादरीकरण दोन्ही मनमोहक आहेत; त्यामुळे चित्रपट पाहून मन प्रसन्न झाले.,Positive
"एवढा भिकार सिनेमा अलीकडे बघितला नव्हता. काही कलाकारांची निवडच चुकीची वाटते. अभिनेत्यांचा अभिनय अगदीच सुमार आणि कृत्रिम वाटला. कथेत काहीच नावीन्य नाही, सगळं आधीच पाहिलेलं वाटतं.",Negative
मित्रांसोबत बघितला आणि सगळ्यांनाच खूप आवडला. विनोदी प्रसंग अगदी सहज आणि टाइमिंगसह मांडले आहेत.,Positive
हा चित्रपट फिका वाटतो; संवाद कृत्रिम वाटतात.,Negative
चित्रपटाने कथानकात नवीनपणा जाणवत नाही आणि अभिनय खरोखर कमकुवत आहे.,Negative
दृश्यरचना इतका फिका आहे की अनेक प्रसंग विनाकारण लांबवले आहेत.,Negative
या कलाकृतीमध्ये काहीही मनमोहक वाटत नाही; विनोदी प्रसंग खूप अतिशय संथ आहे.,Negative
चित्रपटाने कुटुंबासोबत पाहण्यासारखा अनुभव मिळतो आणि मांडणी खरोखर आकर्षक आहे.,Positive
चित्रपटाने पूर्णपणे निराश केले; छायाचित्रण विशेष निरस आहे.,Negative
"हा सिनेमा अपेक्षेपेक्षा वाईट नाही, तो नक्कीच पाहण्यासारखा आहे. त्यामुळे एकूण अनुभव खूप चांगला झाला.",Positive
"चित्रपटात कथा कमकुवत आहे, त्यामुळे भावनिक प्रसंगांचा परिणाम होत नाही.",Negative
एकदम झकास सिनेमा आहे भाऊ! कथेची मांडणी अशी आहे की पुढे काय होणार याची उत्सुकता कायम राहते.,Positive
चित्रपटाची पार्श्वसंगीत खूप कौतुकास्पद आहे आणि संगीताने प्रसंगांची परिणामकारकता वाढवली.,Positive
हा चित्रपट पुन्हा पाहावासा वाटतो कारण भावनिक सादरीकरण खूप हृदयस्पर्शी आहे.,Positive
"सुरुवात थोडी कंटाळवाणी आणि संथ आहे. मात्र दुसऱ्या अर्ध्यात चित्रपट पूर्णपणे बदलतो, पण चित्रपटाने निराश केले नाही; उलट तो खूप आवडला.",Positive
चित्रपटचा पटकथा आकर्षक असून सर्व कलाकारांची कामगिरी लक्षात राहते.,Positive
सुरुवातीला कथा सुंदर आणि आकर्षक वाटते; आकर्षक नाही असे एकूण चित्रपटाबद्दल म्हणता येणार नाही. पण पुढे पटकथा पूर्णपणे गोंधळते. म्हणून चांगल्या सुरुवातीचा फारसा उपयोग होत नाही.,Negative
छायाचित्रण आणि पटकथा दोन्ही सुंदर आहेत; त्यामुळे वेळ कसा गेला कळले नाही.,Positive
चित्रपटाने चित्रपट पाहताना वारंवार कंटाळा आला आणि मुख्य कलाकाराचा अभिनय खरोखर निरस आहे.,Negative
कथेपासून अभिनयापर्यंत बरेच काही कमकुवत वाटले; कथानकात नवीनपणा जाणवत नाही.,Negative
सुरुवातीला कथा सुंदर आणि आकर्षक वाटते; आकर्षक नाही असे एकूण चित्रपटाबद्दल म्हणता येणार नाही. तरी दुसऱ्या अर्ध्यात दिग्दर्शन कमकुवत होते. एकूण परिणाम वाईट आणि असमाधानकारक राहतो.,Negative
चित्रपट अजिबात मनोरंजक नाही आणि वेळ वाया गेल्यासारखे वाटले. त्यामुळे पुन्हा पाहण्याची इच्छा होत नाही.,Negative
कथामध्ये काहीही वाईट वाटत नाही; मुख्य कलाकाराचा अभिनय खूप हृदयस्पर्शी आहे.,Positive
चित्रपट अजिबात फिका नाही; उलट मुख्य कलाकाराचा अभिनय खूप उत्कृष्ट आहे.,Positive
चांगला नाही असे अंतिम निष्कर्ष काढणे योग्य ठरणार नाही. सुरुवातीला कथा सुंदर आणि आकर्षक वाटते; पण पुढे पटकथा पूर्णपणे गोंधळते. त्यामुळे अंतिम अनुभव अपेक्षाभंग करणारा ठरतो.,Negative
चित्रपटाने अजिबात निराश केले नाही; संगीत विशेष हृदयस्पर्शी आहे.,Positive
हा अनुभव उत्कृष्ट नसून खूप अप्रभावी आहे; अनेक प्रसंग विनाकारण लांबवले आहेत.,Negative
संपूर्ण मांडणीचा संगीत कृत्रिम असून चित्रपट पाहिल्यानंतर विशेष काही लक्षात राहत नाही.,Negative
हा चित्रपट कौतुकास्पद वाटतो; दिग्दर्शकाने विषयाला योग्य न्याय दिला.,Positive
चित्रपटाची पार्श्वसंगीत खूप दर्जेदार आहे आणि भावनिक प्रसंग मनाला स्पर्श करतात.,Positive
संपूर्ण मांडणीमध्ये काहीही दर्जेदार वाटत नाही; अभिनय खूप अंदाजे आहे.,Negative
चित्रपटाची मांडणी खूप सुंदर आहे आणि कथा शेवटपर्यंत पकडून ठेवते.,Positive
चित्रपटाची कथा खूप निराशाजनक आहे आणि चित्रपट पाहताना वारंवार कंटाळा आला.,Negative
चित्रपटातील पटकथा पाहून संवाद कृत्रिम वाटतात; एकूण अनुभव सुमार आहे.,Negative
मनाला भिडणारा नाही असे अंतिम निष्कर्ष काढणे योग्य ठरणार नाही. सुरुवातीला कथा सुंदर आणि आकर्षक वाटते; मात्र नंतर कथा इतकी रटाळ होते. एकूण परिणाम वाईट आणि असमाधानकारक राहतो.,Negative
या चित्रपटाची संगीत निराश करते आणि शेवट निराश करतो.,Negative
चित्रपटाने अजिबात निराश केले नाही; कथा विशेष नैसर्गिक आहे.,Positive
हा अनुभव उत्तम नसून खूप अंदाजे आहे; शेवट निराश करतो.,Negative
चित्रपटाने कुटुंबासोबत पाहण्यासारखा अनुभव मिळतो आणि भावनिक सादरीकरण खरोखर दर्जेदार आहे.,Positive
चित्रपट अजिबात निराशाजनक नाही; उलट अभिनय खूप दर्जेदार आहे.,Positive
"चित्रपट पाहताना प्रत्येक प्रसंग लक्षात राहतो, कारण पार्श्वसंगीत खूप अप्रतिम आहे.",Positive
संवाद आणि मुख्य कलाकाराचा अभिनय दोन्ही कंटाळवाणा आहेत; त्यामुळे भावनिक प्रसंगांचा परिणाम होत नाही.,Negative
"दिग्दर्शन चांगले नाही, अनेक दृश्ये अनावश्यक आहेत. त्यामुळे चित्रपट फारसा प्रभावी वाटत नाही.",Negative
"चित्रपट पाहताना चित्रपट पाहून मन प्रसन्न झाले, कारण अभिनय खूप रंजक आहे.",Positive
"उगाच हाईप केलेला सिनेमा, प्रत्यक्षात काही दम नाही. काही कलाकारांची निवडच चुकीची वाटते. पुन्हा असा चित्रपट बघण्याची इच्छा नाही.",Negative
कथामध्ये काहीही अप्रतिम वाटत नाही; विनोदी प्रसंग खूप निरस आहे.,Negative
उत्कृष्ट नाही असे अंतिम निष्कर्ष काढणे योग्य ठरणार नाही. सुरुवातीला कथा सुंदर आणि आकर्षक वाटते; तरी दुसऱ्या अर्ध्यात दिग्दर्शन कमकुवत होते. म्हणून चांगल्या सुरुवातीचा फारसा उपयोग होत नाही.,Negative
समाधानकारक नाही असे अंतिम निष्कर्ष काढणे योग्य ठरणार नाही. सुरुवातीला कथा सुंदर आणि आकर्षक वाटते; तरी दुसऱ्या अर्ध्यात दिग्दर्शन कमकुवत होते. त्यामुळे सुंदर क्षण असूनही चित्रपट आवडत नाही.,Negative
"सुरुवात थोडी कंटाळवाणी आणि संथ आहे; निराशाजनक नाही असे एकूण चित्रपटाबद्दल म्हणता येणार नाही. तरी पुढे पात्रांचा प्रवास खूप प्रभावी होतो. शेवट अजिबात खराब नाही, उलट मनाला भिडतो.",Positive
कथानक आणि मुख्य कलाकाराचा अभिनय दोन्ही प्रभावी आहेत; त्यामुळे प्रत्येक फ्रेम विचारपूर्वक सादर केली आहे.,Positive
सुरुवात थोडी कंटाळवाणी आणि संथ आहे; असमाधानकारक नाही असे एकूण चित्रपटाबद्दल म्हणता येणार नाही. मात्र दुसऱ्या अर्ध्यात चित्रपट पूर्णपणे बदलतो. त्यामुळे सुरुवातीचे नकारात्मक संकेत दिशाभूल करणारे ठरतात.,Positive
मनाला न पटणारा नाही असे अंतिम निष्कर्ष काढणे योग्य ठरणार नाही. सुरुवात थोडी कंटाळवाणी आणि संथ आहे; पण पुढे कथा इतकी सुंदर उलगडते. त्यामुळे सुरुवातीचे नकारात्मक संकेत दिशाभूल करणारे ठरतात.,Positive
निराश केले नाही असे अंतिम निष्कर्ष काढणे योग्य ठरणार नाही. सुरुवात थोडी कंटाळवाणी आणि संथ आहे; मात्र दुसऱ्या अर्ध्यात चित्रपट पूर्णपणे बदलतो. त्यामुळे सुरुवातीचे नकारात्मक संकेत दिशाभूल करणारे ठरतात.,Positive
हा चित्रपट पुन्हा पाहावासा वाटतो कारण संगीत खूप उत्कृष्ट आहे.,Positive
चित्रपटाची मांडणी खूप प्रभावी आहे आणि संगीताने प्रसंगांची परिणामकारकता वाढवली.,Positive
या चित्रपटाची भावनिक सादरीकरण मनाला भिडते आणि चित्रपट पाहताना उत्सुकता कायम राहते.,Positive
सिनेमा बघून मन अगदी प्रसन्न झालं. संगीत कानाला खूप गोड लागतं आणि गाणी सुद्धा सुरेख आहेत. सहकलाकारांचाही अभिनय तितकाच दमदार आहे.,Positive
"मित्रांच्या सांगण्यावरून गेलो पण खूप पश्चाताप झाला. विनोदी प्रसंग हास्यास्पद वाटतात, हसू येण्याऐवजी वैताग येतो. दिग्दर्शन अगदीच कमकुवत असून प्रसंगांची मांडणी विस्कळीत आहे. पूर्णपणे टाइमपास वाया गेला असं वाटलं.",Negative
भावनिक सादरीकरण इतका कमकुवत आहे की दिग्दर्शनाने विषयाला योग्य न्याय दिला नाही.,Negative
या कलाकृतीमध्ये काहीही प्रभावी वाटत नाही; अभिनय खूप कृत्रिम आहे.,Negative
अगदीच वाईट्ट आहे गड्या हा सिनेमा. क्लायमॅक्स अगदीच अपेक्षित आणि सपक झाला आहे.,Negative
चित्रपटाने पूर्णपणे निराश केले; भावनिक सादरीकरण विशेष अप्रभावी आहे.,Negative
हा चित्रपट अपेक्षेपेक्षा गोंधळलेला निघाला आणि पटकथा शेवटपर्यंत प्रभावी राहत नाही.,Negative
विनोदी प्रसंग आणि कथानक दोन्ही सुंदर आहेत; त्यामुळे भावनिक प्रसंग मनाला स्पर्श करतात.,Positive
समाधानकारक नाही असे अंतिम निष्कर्ष काढणे योग्य ठरणार नाही. सुरुवातीला कथा सुंदर आणि आकर्षक वाटते; पण पुढे पटकथा पूर्णपणे गोंधळते. एकूण अनुभव मात्र निराशाजनक आहे.,Negative
संगीत विशेष आवडले नाही आणि गाणी कथेत बसत नाहीत. त्यामुळे पुन्हा पाहण्याची इच्छा होत नाही.,Negative
"पैसे वसूल चित्रपट, अजिबात निराश करत नाही. संगीत कानाला खूप गोड लागतं आणि गाणी सुद्धा सुरेख आहेत. भावनिक प्रसंगांमध्ये डोळ्यात पाणी आल्याशिवाय राहत नाही. कुटुंबासोबत थिएटरमध्ये जाऊन बघण्यासारखा सिनेमा आहे.",Positive
निराश केले नाही असे अंतिम निष्कर्ष काढणे योग्य ठरणार नाही. सुरुवात थोडी कंटाळवाणी आणि संथ आहे; मात्र दुसऱ्या अर्ध्यात चित्रपट पूर्णपणे बदलतो. त्यामुळे चित्रपट पाहिल्याचा निर्णय योग्य वाटतो.,Positive
मनाला भिडणारा नाही असे अंतिम निष्कर्ष काढणे योग्य ठरणार नाही. सुरुवातीला कथा सुंदर आणि आकर्षक वाटते; पण पुढे पटकथा पूर्णपणे गोंधळते. त्यामुळे सुंदर क्षण असूनही चित्रपट आवडत नाही.,Negative
"सुरुवात थोडी कंटाळवाणी आणि संथ आहे; अपेक्षाभंग करणारा नाही असे एकूण चित्रपटाबद्दल म्हणता येणार नाही. पण पुढे कथा इतकी सुंदर उलगडते. एकूण अनुभव वाईट नाही, उलट समाधानकारक आहे.",Positive
कथानकमध्ये काहीही कंटाळवाणा वाटत नाही; मुख्य कलाकाराचा अभिनय खूप आकर्षक आहे.,Positive
हा चित्रपट पुन्हा पाहावासा वाटत नाही कारण भावनिक सादरीकरण खूप निरस आहे.,Negative
शेवट आणि भावनिक सादरीकरण दोन्ही दर्जेदार आहेत; त्यामुळे कथा शेवटपर्यंत पकडून ठेवते.,Positive
हा चित्रपट अपेक्षेपेक्षा प्रभावी निघाला आणि दिग्दर्शकाने विषयाला योग्य न्याय दिला.,Positive
सुरुवात थोडी कंटाळवाणी आणि संथ आहे; कमकुवत नाही असे एकूण चित्रपटाबद्दल म्हणता येणार नाही. पण शेवटच्या भागात सुरुवातीच्या उणिवा मागे पडतात. चित्रपटाने निराश केले नाही; उलट तो खूप आवडला.,Positive
चित्रपटाने अजिबात निराश केले नाही; छायाचित्रण विशेष आकर्षक आहे.,Positive
चित्रपटातील पार्श्वसंगीत पाहून संवाद कृत्रिम वाटतात; एकूण अनुभव गोंधळलेला आहे.,Negative
"क्लासच आहे राव, बघाच एकदा. भावनिक प्रसंगांमध्ये डोळ्यात पाणी आल्याशिवाय राहत नाही.",Positive
शेवट आणि दृश्यरचना दोन्ही निरस आहेत; त्यामुळे कथा पुढे सरकत नाही.,Negative
दिग्दर्शन आणि पटकथा दोन्ही प्रभावी आहेत; त्यामुळे वेळ कसा गेला कळले नाही.,Positive
संपूर्ण चित्रपट कंटाळवाणा आहे आणि विनोदी प्रसंग मुळे अनुभव खराब झाला.,Negative
खूप दिवसांनी असा जबरदस्त चित्रपट पाहिला. पटकथा घट्ट बांधलेली असल्यामुळे कुठेही कंटाळा येत नाही. संवाद खूप प्रभावी असून थेट मनाला भिडतात. या चित्रपटाला पाच पैकी पाच स्टार्स.,Positive
"चित्रपट पाहताना कथानकात नवीनपणा जाणवत नाही, कारण संगीत खूप सुमार आहे.",Negative
"खूप वेळाने मराठी चित्रपटसृष्टीत असा दर्जेदार सिनेमा आला. छायाचित्रण अप्रतिम आहे, प्रत्येक फ्रेम एखाद्या चित्रासारखी वाटते. सहकलाकारांचाही अभिनय तितकाच दमदार आहे. असे चित्रपट वारंवार यायला हवेत.",Positive
या कलाकृतीचा शेवट अप्रतिम असून संगीताने प्रसंगांची परिणामकारकता वाढवली.,Positive
सुरुवातीला कथा सुंदर आणि आकर्षक वाटते; चांगला नाही असे एकूण चित्रपटाबद्दल म्हणता येणार नाही. मात्र नंतर कथा इतकी रटाळ होते. त्यामुळे हा चित्रपट समाधानकारक म्हणता येत नाही.,Negative
"चित्रपटात संगीत कमकुवत आहे, त्यामुळे कथानकात नवीनपणा जाणवत नाही.",Negative
चित्रपटातील मांडणी पाहून चित्रपटाचा अनुभव मनाला आनंद देतो; एकूण अनुभव मनमोहक आहे.,Positive
"एकदम भारी चित्रपट, अपेक्षेपेक्षा जास्त आवडला. सहकलाकारांचाही अभिनय तितकाच दमदार आहे. संगीत कानाला खूप गोड लागतं आणि गाणी सुद्धा सुरेख आहेत. पुन्हा एकदा बघायला नक्कीच आवडेल.",Positive
चित्रपटाची दिग्दर्शन खूप उत्तम आहे आणि कथा शेवटपर्यंत पकडून ठेवते.,Positive
चित्रपटमध्ये काहीही निरस वाटत नाही; मांडणी खूप सुंदर आहे.,Positive
लय भारी सिनेमा हाय गड्या. गाण्यांचे शब्द आणि चाल दोन्ही मनाला भावतात.,Positive
पूर्ण चित्रपटभर काहीच लॉजिक सापडलं नाही. अभिनेत्यांचा अभिनय अगदीच सुमार आणि कृत्रिम वाटला. दिग्दर्शन अगदीच कमकुवत असून प्रसंगांची मांडणी विस्कळीत आहे. शेवट इतका घाईघाईत गुंडाळलेला आहे की निराशा होते. थिएटरमध्ये पैसे खर्च करण्याआधी नक्की विचार करा.,Negative
"सुरुवात थोडी कंटाळवाणी आणि संथ आहे; खराब नाही असे एकूण चित्रपटाबद्दल म्हणता येणार नाही. तरी पुढे पात्रांचा प्रवास खूप प्रभावी होतो. शेवट अजिबात खराब नाही, उलट मनाला भिडतो.",Positive
"उगाच हाईप केलेला सिनेमा, प्रत्यक्षात काही दम नाही. काही कलाकारांची निवडच चुकीची वाटते. पार्श्वसंगीत उगाचच मोठ्या आवाजात आणि त्रासदायक वाटतं.",Negative
कथानकमध्ये काहीही कमकुवत वाटत नाही; पटकथा खूप हृदयस्पर्शी आहे.,Positive
पार्श्वसंगीत आणि विनोदी प्रसंग दोन्ही रंजक आहेत; त्यामुळे कुटुंबासोबत पाहण्यासारखा अनुभव मिळतो.,Positive
हा चित्रपट कमकुवत वाटतो; चित्रपट पाहताना वारंवार कंटाळा आला.,Negative
"चित्रपट पाहताना प्रत्येक प्रसंग लक्षात राहतो, कारण कथा खूप कौतुकास्पद आहे.",Positive
चित्रपटाने काही दृश्ये अजिबात गरजेची वाटत नाहीत आणि छायाचित्रण खरोखर कृत्रिम आहे.,Negative
संपूर्ण मांडणीचा कथानक सुमार असून शेवट निराश करतो.,Negative
या चित्रपटाची अभिनय मनाला भिडते आणि चित्रपट पाहून मन प्रसन्न झाले.,Positive
चित्रपटातील भावनिक सादरीकरण पाहून अनेक प्रसंग विनाकारण लांबवले आहेत; एकूण अनुभव गोंधळलेला आहे.,Negative
"चित्रपट पाहताना भावनिक प्रसंगांचा परिणाम होत नाही, कारण दृश्यरचना खूप निराशाजनक आहे.",Negative
हा अनुभव कंटाळवाणा नसून खूप रंजक आहे; कथा शेवटपर्यंत पकडून ठेवते.,Positive
उत्तम नाही असे अंतिम निष्कर्ष काढणे योग्य ठरणार नाही. सुरुवातीला कथा सुंदर आणि आकर्षक वाटते; तरी दुसऱ्या अर्ध्यात दिग्दर्शन कमकुवत होते. शेवटामुळे आधीचे चांगले क्षणही फिके पडतात.,Negative
अभिनय नैसर्गिक वाटला नाही आणि संवादही प्रभावी नाहीत. यामुळे चित्रपटाचा प्रभाव कमी होतो.,Negative
छायाचित्रण इतका अस्ताव्यस्त आहे की संवाद कृत्रिम वाटतात.,Negative
सुरुवातीपासून शेवटपर्यंत चित्रपट कौतुकास्पद राहतो आणि कथा शेवटपर्यंत पकडून ठेवते.,Positive
पटकथा विस्कळीत नाही आणि कथानक सहज समजते. कलाकारांचे कामही मनापासून आवडले.,Positive
चित्रपटाने कथा पुढे सरकत नाही आणि अभिनय खरोखर अस्ताव्यस्त आहे.,Negative
"चित्रपटात संवाद उत्तम आहे, त्यामुळे कथा शेवटपर्यंत पकडून ठेवते.",Positive
सुरुवातीपासून शेवटपर्यंत चित्रपट अंदाजे राहतो आणि पटकथा शेवटपर्यंत प्रभावी राहत नाही.,Negative
चित्रपटातील भावनिक सादरीकरण पाहून कथानकात नवीनपणा जाणवत नाही; एकूण अनुभव फिका आहे.,Negative
हा अनुभव निराशाजनक नसून खूप प्रभावी आहे; कलाकारांनी भूमिका जिवंत केल्या आहेत.,Positive
कथा वेगळी असली तरी तिची मांडणी चांगली नाही. यामुळे चित्रपटाचा प्रभाव कमी होतो.,Negative
चित्रपटातील संगीत पाहून संगीताने प्रसंगांची परिणामकारकता वाढवली; एकूण अनुभव दर्जेदार आहे.,Positive
हा चित्रपट कमकुवत वाटतो; शेवट निराश करतो.,Negative
खरंच अशा चित्रपटांची गरज आहे मराठी सृष्टीला. दिग्दर्शकाने प्रत्येक प्रसंग अतिशय सुंदर पद्धतीने मांडला आहे.,Positive
हा अनुभव वाईट नसून खूप आकर्षक आहे; चित्रपटाचा अनुभव मनाला आनंद देतो.,Positive
"चित्रपट पाहताना चित्रपटाचा अनुभव मनाला आनंद देतो, कारण विनोदी प्रसंग खूप उत्कृष्ट आहे.",Positive
सुरुवात थोडी कंटाळवाणी आणि संथ आहे; निराश केले नाही असे एकूण चित्रपटाबद्दल म्हणता येणार नाही. तरी पुढे पात्रांचा प्रवास खूप प्रभावी होतो. अखेरीस हा अनुभव अजिबात असमाधानकारक राहत नाही.,Positive
चित्रपटाने अजिबात निराश केले नाही; संवाद विशेष उत्तम आहे.,Positive
कथा अजिबात कमकुवत नाही आणि दिग्दर्शकाने विषयाला योग्य न्याय दिला.,Positive
थिएटरमध्ये जाऊन बघण्यासारखा चित्रपट आहे हा. कथा अगदी वेगळी आणि विचार करायला लावणारी आहे.,Positive
हा चित्रपट अजिबात बघण्यासारखा नाही. संगीत काहीच लक्षात राहण्यासारखं नाही. वेळ असेल तरी बघू नका असा सल्ला देईन.,Negative
चित्रपट अजिबात कमकुवत नाही; उलट पार्श्वसंगीत खूप आकर्षक आहे.,Positive
"वेळेचा आणि पैशांचा पूर्ण अपव्यय झाला. कथेत इतके लॉजिकल गॅप्स आहेत की डोकं दुखायला लागतं. दिग्दर्शकाला नेमकं काय दाखवायचं आहे हेच कळत नाही. विनोदी प्रसंग हास्यास्पद वाटतात, हसू येण्याऐवजी वैताग येतो.",Negative
"चित्रपट पाहताना शेवट निराश करतो, कारण कथा खूप कंटाळवाणा आहे.",Negative
सुरुवात थोडी कंटाळवाणी आणि संथ आहे; खराब नाही असे एकूण चित्रपटाबद्दल म्हणता येणार नाही. मात्र दुसऱ्या अर्ध्यात चित्रपट पूर्णपणे बदलतो. त्यामुळे सुरुवातीचे नकारात्मक संकेत दिशाभूल करणारे ठरतात.,Positive
अभिनय इतका अप्रतिम आहे की प्रत्येक फ्रेम विचारपूर्वक सादर केली आहे.,Positive
कथेपासून अभिनयापर्यंत सर्व काही हृदयस्पर्शी वाटले; शेवट समाधानकारक वाटतो.,Positive
चित्रपटाने कलाकारांच्या कामगिरीत उत्साह जाणवत नाही आणि पार्श्वसंगीत खरोखर अप्रभावी आहे.,Negative
चित्रपटाने पूर्णपणे निराश केले; संगीत विशेष अस्ताव्यस्त आहे.,Negative
सुरुवातीला कथा सुंदर आणि आकर्षक वाटते; आकर्षक नाही असे एकूण चित्रपटाबद्दल म्हणता येणार नाही. तरी दुसऱ्या अर्ध्यात दिग्दर्शन कमकुवत होते. त्यामुळे हा चित्रपट समाधानकारक म्हणता येत नाही.,Negative
हा अनुभव मनमोहक नसून खूप कृत्रिम आहे; पटकथा शेवटपर्यंत प्रभावी राहत नाही.,Negative
निराशाजनक नाही असे अंतिम निष्कर्ष काढणे योग्य ठरणार नाही. सुरुवात थोडी कंटाळवाणी आणि संथ आहे; पण पुढे कथा इतकी सुंदर उलगडते. त्यामुळे सुरुवातीचे नकारात्मक संकेत दिशाभूल करणारे ठरतात.,Positive
हा अनुभव मनमोहक नसून खूप निरस आहे; कथा पुढे सरकत नाही.,Negative
संगीत इतका रंजक आहे की प्रत्येक फ्रेम विचारपूर्वक सादर केली आहे.,Positive
चित्रपटाने अजिबात निराश केले नाही; भावनिक सादरीकरण विशेष मनमोहक आहे.,Positive
विनोदी प्रसंग इतका फिका आहे की शेवट निराश करतो.,Negative
कथानकमध्ये काहीही प्रभावी वाटत नाही; संगीत खूप अंदाजे आहे.,Negative
सिनेमागृहातून बाहेर पडताना चेहऱ्यावर हसू होतं. विनोदी प्रसंग अगदी सहज आणि टाइमिंगसह मांडले आहेत. सहकलाकारांचाही अभिनय तितकाच दमदार आहे. कुटुंबासोबत थिएटरमध्ये जाऊन बघण्यासारखा सिनेमा आहे.,Positive
भावनिक सादरीकरण इतका गोंधळलेला आहे की कथा पुढे सरकत नाही.,Negative
निराश केले नाही असे अंतिम निष्कर्ष काढणे योग्य ठरणार नाही. सुरुवात थोडी कंटाळवाणी आणि संथ आहे; तरी पुढे पात्रांचा प्रवास खूप प्रभावी होतो. सुरुवातीच्या उणिवा असूनही हा चित्रपट लक्षात राहतो.,Positive
पटकथा मजबूत नाही आणि कथानक सतत भरकटते. एकूण अनुभव समाधानकारक वाटत नाही.,Negative
चांगला नाही असे अंतिम निष्कर्ष काढणे योग्य ठरणार नाही. सुरुवातीला कथा सुंदर आणि आकर्षक वाटते; पण पुढे पटकथा पूर्णपणे गोंधळते. एकूण चित्रपट सकारात्मक कारणांसाठी लक्षात राहत नाही.,Negative
चित्रपटाने अजिबात निराश केले नाही; अभिनय विशेष नैसर्गिक आहे.,Positive
सुरुवातीपासून शेवटपर्यंत चित्रपट दर्जेदार राहतो आणि कथा शेवटपर्यंत पकडून ठेवते.,Positive
निराशाजनक नाही असे अंतिम निष्कर्ष काढणे योग्य ठरणार नाही. सुरुवात थोडी कंटाळवाणी आणि संथ आहे; पण शेवटच्या भागात सुरुवातीच्या उणिवा मागे पडतात. चित्रपटाने निराश केले नाही; उलट तो खूप आवडला.,Positive
"सुरुवात थोडी कंटाळवाणी आणि संथ आहे; निराशाजनक नाही असे एकूण चित्रपटाबद्दल म्हणता येणार नाही. पण पुढे कथा इतकी सुंदर उलगडते. शेवट अजिबात खराब नाही, उलट मनाला भिडतो.",Positive
चित्रपटातील पटकथा पाहून चित्रपट पाहून मन प्रसन्न झाले; एकूण अनुभव आकर्षक आहे.,Positive
"दिग्दर्शन चांगले नाही, अनेक दृश्ये अनावश्यक आहेत. त्यामुळे एकूण अनुभव निराशाजनक झाला.",Negative
"मस्त सिनेमा आहे, नक्की बघा. पटकथा घट्ट बांधलेली असल्यामुळे कुठेही कंटाळा येत नाही. सर्वांना शिफारस करेन असा हा चित्रपट आहे.",Positive
सुरुवातीपासून शेवटपर्यंत चित्रपट कौतुकास्पद राहतो आणि चित्रपट पाहताना उत्सुकता कायम राहते.,Positive
चित्रपटमध्ये काहीही कंटाळवाणा वाटत नाही; अभिनय खूप मनमोहक आहे.,Positive
चित्रपटाची पार्श्वसंगीत खूप नैसर्गिक आहे आणि सर्व कलाकारांची कामगिरी लक्षात राहते.,Positive
संपूर्ण मांडणीचा शेवट अस्ताव्यस्त असून काही दृश्ये अजिबात गरजेची वाटत नाहीत.,Negative
चित्रपटाने अजिबात निराश केले नाही; दिग्दर्शन विशेष आकर्षक आहे.,Positive
पटकथा कमकुवत नाही आणि प्रसंगांची मांडणी चांगली आहे. कलाकारांचे कामही मनापासून आवडले.,Positive
सुरुवातीपासून शेवटपर्यंत चित्रपट अतिशय संथ राहतो आणि चित्रपटाची लांबी त्रासदायक ठरते.,Negative
"सुरुवात थोडी कंटाळवाणी आणि संथ आहे; असमाधानकारक नाही असे एकूण चित्रपटाबद्दल म्हणता येणार नाही. तरी पुढे पात्रांचा प्रवास खूप प्रभावी होतो. शेवट अजिबात खराब नाही, उलट मनाला भिडतो.",Positive
सुरुवातीला कथा सुंदर आणि आकर्षक वाटते; मनाला भिडणारा नाही असे एकूण चित्रपटाबद्दल म्हणता येणार नाही. तरी दुसऱ्या अर्ध्यात दिग्दर्शन कमकुवत होते. अखेरीस एकूण परिणाम कमकुवत ठरतो.,Negative
हा अनुभव कमकुवत नसून खूप हृदयस्पर्शी आहे; चित्रपटाचा अनुभव मनाला आनंद देतो.,Positive
चित्रपटाने चित्रपटाची लांबी त्रासदायक ठरते आणि अभिनय खरोखर कमकुवत आहे.,Negative
संपूर्ण मांडणीमध्ये काहीही रंजक वाटत नाही; पटकथा खूप सुमार आहे.,Negative
हा चित्रपट पुन्हा पाहावासा वाटतो कारण मुख्य कलाकाराचा अभिनय खूप आकर्षक आहे.,Positive
या कलाकृतीमध्ये काहीही वाईट वाटत नाही; विनोदी प्रसंग खूप प्रभावी आहे.,Positive
एकदम फाडू आहे यार सिनेमा. गाण्यांचे शब्द आणि चाल दोन्ही मनाला भावतात.,Positive
कंटाळवाणा नाही असे अंतिम निष्कर्ष काढणे योग्य ठरणार नाही. सुरुवात थोडी कंटाळवाणी आणि संथ आहे; मात्र दुसऱ्या अर्ध्यात चित्रपट पूर्णपणे बदलतो. म्हणून एकूण चित्रपट अपेक्षेपेक्षा सुंदर वाटतो.,Positive
हा चित्रपट पुन्हा पाहावासा वाटतो कारण भावनिक सादरीकरण खूप दर्जेदार आहे.,Positive
कथानक आणि संवाद दोन्ही निरस आहेत; त्यामुळे शेवट निराश करतो.,Negative
सुरुवातीला कथा सुंदर आणि आकर्षक वाटते; चांगला नाही असे एकूण चित्रपटाबद्दल म्हणता येणार नाही. मात्र नंतर कथा इतकी रटाळ होते. त्यामुळे सुंदर क्षण असूनही चित्रपट आवडत नाही.,Negative
खूप दिवसांनी असा जबरदस्त चित्रपट पाहिला. भावनिक प्रसंगांमध्ये डोळ्यात पाणी आल्याशिवाय राहत नाही.,Positive
चित्रपट अजिबात वाईट नाही; उलट अभिनय खूप कौतुकास्पद आहे.,Positive
चित्रपटातील संवाद पाहून भावनिक प्रसंगांचा परिणाम होत नाही; एकूण अनुभव अतिशय संथ आहे.,Negative
हा चित्रपट पुन्हा पाहावासा वाटतो कारण संवाद खूप हृदयस्पर्शी आहे.,Positive
कथानकचा दृश्यरचना अंदाजे असून वेळ वाया गेल्यासारखे वाटले.,Negative
चित्रपटाने कलाकारांच्या कामगिरीत उत्साह जाणवत नाही आणि संवाद खरोखर कमकुवत आहे.,Negative
हा चित्रपट पुन्हा पाहावासा वाटतो कारण विनोदी प्रसंग खूप नैसर्गिक आहे.,Positive
"चित्रपटात भावनिक सादरीकरण कमकुवत आहे, त्यामुळे पटकथा शेवटपर्यंत प्रभावी राहत नाही.",Negative
प्रभावी नाही असे अंतिम निष्कर्ष काढणे योग्य ठरणार नाही. सुरुवातीला कथा सुंदर आणि आकर्षक वाटते; मात्र नंतर कथा इतकी रटाळ होते. एकूण परिणाम वाईट आणि असमाधानकारक राहतो.,Negative
"चित्रपट पाहताना चित्रपट पाहताना वारंवार कंटाळा आला, कारण भावनिक सादरीकरण खूप सुमार आहे.",Negative
कथा अजिबात सुंदर नाही आणि वेळ वाया गेल्यासारखे वाटले.,Negative
मांडणी इतका अंदाजे आहे की कथानकात नवीनपणा जाणवत नाही.,Negative
गाणी अजिबात लक्षात राहत नाहीत आणि पार्श्वसंगीतही कमजोर आहे. त्यामुळे पुन्हा पाहण्याची इच्छा होत नाही.,Negative
चित्रपटातील भावनिक सादरीकरण पाहून कलाकारांनी भूमिका जिवंत केल्या आहेत; एकूण अनुभव कौतुकास्पद आहे.,Positive
"एकदम भिकार सिनेमा, नका जाऊ.",Negative
भावनिक सादरीकरण आणि दिग्दर्शन दोन्ही अंदाजे आहेत; त्यामुळे कथानकात नवीनपणा जाणवत नाही.,Negative
हा चित्रपट कृत्रिम वाटतो; अनेक प्रसंग विनाकारण लांबवले आहेत.,Negative
चित्रपट संथ नाही; कथा छान वेगाने पुढे जाते. कलाकारांचे कामही मनापासून आवडले.,Positive
संपूर्ण चित्रपट सुमार आहे आणि दिग्दर्शन मुळे अनुभव खराब झाला.,Negative
कथाचा पटकथा निराशाजनक असून चित्रपट पाहिल्यानंतर विशेष काही लक्षात राहत नाही.,Negative
अभिनय आणि मांडणी दोन्ही निराशाजनक आहेत; त्यामुळे दिग्दर्शनाने विषयाला योग्य न्याय दिला नाही.,Negative
कथामध्ये काहीही फिका वाटत नाही; कथानक खूप प्रभावी आहे.,Positive
मराठी प्रेक्षकांची निराशा करणारा चित्रपट आहे हा. दिग्दर्शकाला नेमकं काय दाखवायचं आहे हेच कळत नाही. मराठी सिनेमाच्या नावाला कमीपणा आणणारा चित्रपट आहे.,Negative
सुरुवात थोडी कंटाळवाणी आणि संथ आहे; असमाधानकारक नाही असे एकूण चित्रपटाबद्दल म्हणता येणार नाही. पण पुढे कथा इतकी सुंदर उलगडते. उणिवा असूनही शेवटी चित्रपट मन जिंकून घेतो.,Positive
हा चित्रपट अप्रतिम वाटतो; वेळ कसा गेला कळले नाही.,Positive
मनाला भिडणारा नाही असे अंतिम निष्कर्ष काढणे योग्य ठरणार नाही. सुरुवातीला कथा सुंदर आणि आकर्षक वाटते; मात्र नंतर कथा इतकी रटाळ होते. शेवटामुळे आधीचे चांगले क्षणही फिके पडतात.,Negative
"सुरुवात थोडी कंटाळवाणी आणि संथ आहे. मात्र दुसऱ्या अर्ध्यात चित्रपट पूर्णपणे बदलतो, पण सुरुवातीच्या उणिवा असूनही हा चित्रपट लक्षात राहतो.",Positive
चित्रपट अजिबात अप्रभावी नाही; उलट कथा खूप अप्रतिम आहे.,Positive
हा अनुभव निरस नसून खूप मनमोहक आहे; कथा शेवटपर्यंत पकडून ठेवते.,Positive
मुख्य कलाकाराचा अभिनय आणि शेवट दोन्ही उत्कृष्ट आहेत; त्यामुळे चित्रपट पाहून मन प्रसन्न झाले.,Positive
चित्रपटातील विनोदी प्रसंग पाहून कलाकारांच्या कामगिरीत उत्साह जाणवत नाही; एकूण अनुभव कमकुवत आहे.,Negative
कंटाळवाणा नाही असे अंतिम निष्कर्ष काढणे योग्य ठरणार नाही. सुरुवात थोडी कंटाळवाणी आणि संथ आहे; तरी पुढे पात्रांचा प्रवास खूप प्रभावी होतो. म्हणून एकूण चित्रपट अपेक्षेपेक्षा सुंदर वाटतो.,Positive
चित्रपटातील पटकथा पाहून कलाकारांच्या कामगिरीत उत्साह जाणवत नाही; एकूण अनुभव अंदाजे आहे.,Negative
चित्रपटातील शेवट पाहून दिग्दर्शनाने विषयाला योग्य न्याय दिला नाही; एकूण अनुभव कंटाळवाणा आहे.,Negative
सुरुवातीला कथा सुंदर आणि आकर्षक वाटते; उत्कृष्ट नाही असे एकूण चित्रपटाबद्दल म्हणता येणार नाही. तरी दुसऱ्या अर्ध्यात दिग्दर्शन कमकुवत होते. एकूण चित्रपट सकारात्मक कारणांसाठी लक्षात राहत नाही.,Negative
सुरुवातीला कथा सुंदर आणि आकर्षक वाटते; उत्कृष्ट नाही असे एकूण चित्रपटाबद्दल म्हणता येणार नाही. पण पुढील भाग इतका कंटाळवाणा आहे. शेवटी चित्रपट समाधान देत नाही.,Negative
सुरुवात थोडी कंटाळवाणी आणि संथ आहे; तरी पुढे पात्रांचा प्रवास खूप प्रभावी होतो. सुरुवातीच्या उणिवा असूनही हा चित्रपट लक्षात राहतो.,Positive
चित्रपटाने अजिबात निराश केले नाही; संगीत विशेष आकर्षक आहे.,Positive
पटकथा आणि दिग्दर्शन दोन्ही अप्रतिम आहेत; त्यामुळे भावनिक प्रसंग मनाला स्पर्श करतात.,Positive
"एवढा भिकार सिनेमा अलीकडे बघितला नव्हता. दिग्दर्शन अगदीच कमकुवत असून प्रसंगांची मांडणी विस्कळीत आहे. कथेत काहीच नावीन्य नाही, सगळं आधीच पाहिलेलं वाटतं. छायाचित्रण अगदीच सामान्य दर्जाचं आहे. अपेक्षा घेऊन गेलात तर नक्कीच निराश व्हाल.",Negative
दिग्दर्शन प्रभावी नाही आणि कलाकारांना योग्य वाव मिळाला नाही. एकूण अनुभव समाधानकारक वाटत नाही.,Negative
सुरुवातीपासून शेवटपर्यंत चित्रपट रंजक राहतो आणि प्रत्येक प्रसंग लक्षात राहतो.,Positive
सुरुवात थोडी कंटाळवाणी आणि संथ आहे; निराशाजनक नाही असे एकूण चित्रपटाबद्दल म्हणता येणार नाही. तरी पुढे पात्रांचा प्रवास खूप प्रभावी होतो. म्हणून एकूण चित्रपट अपेक्षेपेक्षा सुंदर वाटतो.,Positive
संवाद इतका कमकुवत आहे की चित्रपट पाहिल्यानंतर विशेष काही लक्षात राहत नाही.,Negative
चित्रपटातील विनोदी प्रसंग पाहून चित्रपट पाहताना उत्सुकता कायम राहते; एकूण अनुभव कौतुकास्पद आहे.,Positive
चित्रपटातील मांडणी पाहून कथानकात नवीनपणा जाणवत नाही; एकूण अनुभव अस्ताव्यस्त आहे.,Negative
अगदीच वाईट्ट आहे गड्या हा सिनेमा. शेवट इतका घाईघाईत गुंडाळलेला आहे की निराशा होते.,Negative
हा चित्रपट मनमोहक वाटतो; प्रत्येक प्रसंग लक्षात राहतो.,Positive
सुरुवातीपासून शेवटपर्यंत चित्रपट हृदयस्पर्शी राहतो आणि शेवट समाधानकारक वाटतो.,Positive
थिएटरमध्ये जाऊन बघण्यासारखा चित्रपट आहे हा. व्हीएफएक्स दर्जेदार असून हॉलिवूडच्या तोडीचे वाटतात. कथा अगदी वेगळी आणि विचार करायला लावणारी आहे.,Positive
सुरुवातीपासून शेवटपर्यंत चित्रपट हृदयस्पर्शी राहतो आणि प्रत्येक फ्रेम विचारपूर्वक सादर केली आहे.,Positive
संपूर्ण चित्रपट फिका आहे आणि शेवट मुळे अनुभव खराब झाला.,Negative
आकर्षक नाही असे अंतिम निष्कर्ष काढणे योग्य ठरणार नाही. सुरुवातीला कथा सुंदर आणि आकर्षक वाटते; तरी दुसऱ्या अर्ध्यात दिग्दर्शन कमकुवत होते. त्यामुळे हा चित्रपट समाधानकारक म्हणता येत नाही.,Negative
चित्रपट अजिबात प्रभावी नाही; उलट कथा खूप फिका आहे.,Negative
संपूर्ण चित्रपट नैसर्गिक आहे आणि मुख्य कलाकाराचा अभिनय मुळे अनुभव आणखी सुंदर झाला.,Positive
काहीच दम नाही राव यात.,Negative
"सुरुवातीला कथा सुंदर आणि आकर्षक वाटते. मात्र नंतर कथा इतकी रटाळ होते, पण शेवटामुळे आधीचे चांगले क्षणही फिके पडतात.",Negative
सुरुवातीपासून शेवटपर्यंत चित्रपट सुमार राहतो आणि पटकथा शेवटपर्यंत प्रभावी राहत नाही.,Negative
हा चित्रपट अस्ताव्यस्त वाटतो; संवाद कृत्रिम वाटतात.,Negative
भावनिक सादरीकरण इतका हृदयस्पर्शी आहे की भावनिक प्रसंग मनाला स्पर्श करतात.,Positive
"मराठी प्रेक्षकांची निराशा करणारा चित्रपट आहे हा. गाणी उगाचच घुसवल्यासारखी वाटतात, कथेशी संबंधच नाही. काही कलाकारांची निवडच चुकीची वाटते.",Negative
हा अनुभव अप्रतिम नसून खूप कमकुवत आहे; चित्रपट पाहताना वारंवार कंटाळा आला.,Negative
दिग्दर्शन इतका कंटाळवाणा आहे की चित्रपट पाहिल्यानंतर विशेष काही लक्षात राहत नाही.,Negative
सुरुवातीपासून शेवटपर्यंत चित्रपट निराशाजनक राहतो आणि चित्रपट पाहताना वारंवार कंटाळा आला.,Negative
संपूर्ण चित्रपट निराशाजनक आहे आणि शेवट मुळे अनुभव खराब झाला.,Negative
"हा सिनेमा वाईट नाही असे वाटावे अशी सुरुवात झाली, पण पुढे तो खूप कंटाळवाणा झाला. त्यामुळे एकूण अनुभव निराशाजनक झाला.",Negative
खूप दिवसांनी असा जबरदस्त चित्रपट पाहिला. अभिनेत्यांचा अभिनय खूपच नैसर्गिक आणि प्रभावी वाटला. पार्श्वसंगीत प्रसंगांची तीव्रता अजून वाढवतं. भावनिक प्रसंगांमध्ये डोळ्यात पाणी आल्याशिवाय राहत नाही.,Positive
हा चित्रपट पुन्हा पाहावासा वाटतो कारण पटकथा खूप अप्रतिम आहे.,Positive
चित्रपट अजिबात कमकुवत नाही; उलट मुख्य कलाकाराचा अभिनय खूप रंजक आहे.,Positive
पार्श्वसंगीत इतका सुमार आहे की वेळ वाया गेल्यासारखे वाटले.,Negative
कथाचा कथानक सुंदर असून शेवट समाधानकारक वाटतो.,Positive
चित्रपटातील शेवट पाहून प्रत्येक प्रसंग लक्षात राहतो; एकूण अनुभव प्रभावी आहे.,Positive
चित्रपटमध्ये काहीही उत्तम वाटत नाही; संगीत खूप फिका आहे.,Negative
छायाचित्रण आणि मुख्य कलाकाराचा अभिनय दोन्ही कौतुकास्पद आहेत; त्यामुळे प्रत्येक प्रसंग लक्षात राहतो.,Positive
"मनाला न पटणारा नाही असे अंतिम निष्कर्ष काढणे योग्य ठरणार नाही. सुरुवात थोडी कंटाळवाणी आणि संथ आहे; मात्र दुसऱ्या अर्ध्यात चित्रपट पूर्णपणे बदलतो. शेवट अजिबात खराब नाही, उलट मनाला भिडतो.",Positive
हा अनुभव अप्रभावी नसून खूप सुंदर आहे; सर्व कलाकारांची कामगिरी लक्षात राहते.,Positive
दृश्यरचना इतका आकर्षक आहे की दिग्दर्शकाने विषयाला योग्य न्याय दिला.,Positive
चित्रपटाने अजिबात निराश केले नाही; शेवट विशेष उत्कृष्ट आहे.,Positive
हा अनुभव अप्रभावी नसून खूप कौतुकास्पद आहे; दिग्दर्शकाने विषयाला योग्य न्याय दिला.,Positive
हा अनुभव निरस नसून खूप अप्रतिम आहे; कलाकारांनी भूमिका जिवंत केल्या आहेत.,Positive
चित्रपटातील मांडणी पाहून भावनिक प्रसंगांचा परिणाम होत नाही; एकूण अनुभव अतिशय संथ आहे.,Negative
सुरुवात थोडी कंटाळवाणी आणि संथ आहे; खराब नाही असे एकूण चित्रपटाबद्दल म्हणता येणार नाही. तरी पुढे पात्रांचा प्रवास खूप प्रभावी होतो. त्यामुळे सुरुवातीचे नकारात्मक संकेत दिशाभूल करणारे ठरतात.,Positive
संपूर्ण चित्रपट निराशाजनक आहे आणि पटकथा मुळे अनुभव खराब झाला.,Negative
"उगाच हाईप केलेला सिनेमा, प्रत्यक्षात काही दम नाही. पार्श्वसंगीत उगाचच मोठ्या आवाजात आणि त्रासदायक वाटतं. मराठी सिनेमाच्या नावाला कमीपणा आणणारा चित्रपट आहे.",Negative
हा चित्रपट अपेक्षेपेक्षा रंजक निघाला आणि कुटुंबासोबत पाहण्यासारखा अनुभव मिळतो.,Positive
कथा अजिबात फिका नाही आणि कथा शेवटपर्यंत पकडून ठेवते.,Positive
कथेपासून अभिनयापर्यंत बरेच काही अप्रभावी वाटले; कथा पुढे सरकत नाही.,Negative
"वाईट नाही असे अंतिम निष्कर्ष काढणे योग्य ठरणार नाही. सुरुवात थोडी कंटाळवाणी आणि संथ आहे; पण पुढे कथा इतकी सुंदर उलगडते. एकूण अनुभव वाईट नाही, उलट समाधानकारक आहे.",Positive
संगीत आणि दिग्दर्शन दोन्ही कंटाळवाणा आहेत; त्यामुळे संवाद कृत्रिम वाटतात.,Negative
"चित्रपटात दिग्दर्शन कमकुवत आहे, त्यामुळे कथा पुढे सरकत नाही.",Negative
"चित्रपट पाहताना कथा शेवटपर्यंत पकडून ठेवते, कारण भावनिक सादरीकरण खूप उत्तम आहे.",Positive
चित्रपटाची छायाचित्रण खूप अंदाजे आहे आणि कलाकारांच्या कामगिरीत उत्साह जाणवत नाही.,Negative
दिग्दर्शन सामान्य नाही; अनेक दृश्ये प्रभावी आहेत. कलाकारांचे कामही मनापासून आवडले.,Positive
मित्रांच्या सांगण्यावरून गेलो पण खूप पश्चाताप झाला. काही कलाकारांची निवडच चुकीची वाटते.,Negative
चित्रपटातील कथानक पाहून वेळ कसा गेला कळले नाही; एकूण अनुभव कौतुकास्पद आहे.,Positive
चित्रपटाची पटकथा खूप उत्कृष्ट आहे आणि प्रत्येक प्रसंग लक्षात राहतो.,Positive
"दिग्दर्शन चांगले नाही, अनेक दृश्ये अनावश्यक आहेत. त्यामुळे पुन्हा पाहण्याची इच्छा होत नाही.",Negative
इतका रटाळ चित्रपट खूप दिवसांनी पाहिला. शेवट इतका घाईघाईत गुंडाळलेला आहे की निराशा होते. भावनिक प्रसंगांमध्ये सुद्धा काहीच परिणाम जाणवत नाही.,Negative
हा चित्रपट पुन्हा पाहावासा वाटतो कारण भावनिक सादरीकरण खूप मनमोहक आहे.,Positive
"एकदम भारी चित्रपट, अपेक्षेपेक्षा जास्त आवडला. क्लायमॅक्स इतका जबरदस्त आहे की अंगावर काटा येतो.",Positive
उत्तम नाही असे अंतिम निष्कर्ष काढणे योग्य ठरणार नाही. सुरुवातीला कथा सुंदर आणि आकर्षक वाटते; पण पुढे पटकथा पूर्णपणे गोंधळते. त्यामुळे अंतिम अनुभव अपेक्षाभंग करणारा ठरतो.,Negative
सुरुवातीला कथा सुंदर आणि आकर्षक वाटते; प्रभावी नाही असे एकूण चित्रपटाबद्दल म्हणता येणार नाही. पण पुढे पटकथा पूर्णपणे गोंधळते. शेवटामुळे आधीचे चांगले क्षणही फिके पडतात.,Negative
सुंदर नाही असे अंतिम निष्कर्ष काढणे योग्य ठरणार नाही. सुरुवातीला कथा सुंदर आणि आकर्षक वाटते; तरी दुसऱ्या अर्ध्यात दिग्दर्शन कमकुवत होते. अखेरीस एकूण परिणाम कमकुवत ठरतो.,Negative
सिनेमा सुरु झाल्यापासूनच कंटाळा येऊ लागला. व्हीएफएक्स इतके स्वस्त वाटतात की हसू येतं. OTT वर आला तरी बघावासा वाटत नाही.,Negative
"चित्रपट पाहताना दिग्दर्शनाने विषयाला योग्य न्याय दिला नाही, कारण कथानक खूप कंटाळवाणा आहे.",Negative
चित्रपटाने संवाद कृत्रिम वाटतात आणि कथानक खरोखर कंटाळवाणा आहे.,Negative
सुरुवातीपासूनच चित्रपट प्रेक्षकांना पकडून ठेवतो. शेवट अगदी समाधानकारक आणि हृदयस्पर्शी झाला आहे.,Positive
हा चित्रपट अपेक्षेपेक्षा कौतुकास्पद निघाला आणि वेळ कसा गेला कळले नाही.,Positive
कथा अजिबात अप्रतिम नाही आणि पटकथा शेवटपर्यंत प्रभावी राहत नाही.,Negative
"सिनेमागृहातून बाहेर पडताना खूप वैताग आला. दिग्दर्शकाला नेमकं काय दाखवायचं आहे हेच कळत नाही. विनोदी प्रसंग हास्यास्पद वाटतात, हसू येण्याऐवजी वैताग येतो.",Negative
हा चित्रपट गोंधळलेला वाटतो; चित्रपट पाहिल्यानंतर विशेष काही लक्षात राहत नाही.,Negative
हा चित्रपट अपेक्षेपेक्षा कमकुवत निघाला आणि कथानकात नवीनपणा जाणवत नाही.,Negative
"पैसे वसूल चित्रपट, अजिबात निराश करत नाही. छायाचित्रण अप्रतिम आहे, प्रत्येक फ्रेम एखाद्या चित्रासारखी वाटते. थिएटरमध्ये जाऊन नक्की एन्जॉय करा.",Positive
संगीत आणि अभिनय दोन्ही कमकुवत आहेत; त्यामुळे चित्रपट पाहिल्यानंतर विशेष काही लक्षात राहत नाही.,Negative
सुरुवातीला कथा सुंदर आणि आकर्षक वाटते; चांगला नाही असे एकूण चित्रपटाबद्दल म्हणता येणार नाही. तरी दुसऱ्या अर्ध्यात दिग्दर्शन कमकुवत होते. त्यामुळे अंतिम अनुभव अपेक्षाभंग करणारा ठरतो.,Negative
"मस्त सिनेमा आहे, नक्की बघा. दिग्दर्शकाने प्रत्येक प्रसंग अतिशय सुंदर पद्धतीने मांडला आहे.",Positive
"मस्त सिनेमा आहे, नक्की बघा. विनोदी प्रसंग अगदी सहज आणि टाइमिंगसह मांडले आहेत. दिग्दर्शकाने प्रत्येक प्रसंग अतिशय सुंदर पद्धतीने मांडला आहे.",Positive
मांडणी आणि दिग्दर्शन दोन्ही अंदाजे आहेत; त्यामुळे वेळ वाया गेल्यासारखे वाटले.,Negative
सुरुवातीपासूनच चित्रपट प्रेक्षकांना पकडून ठेवतो. अॅक्शन सीन्स एकदम जबरदस्त आणि रिअलिस्टिक वाटतात. पटकथा घट्ट बांधलेली असल्यामुळे कुठेही कंटाळा येत नाही.,Positive
चित्रपटाने शेवट समाधानकारक वाटतो आणि कथानक खरोखर हृदयस्पर्शी आहे.,Positive
हा अनुभव मनमोहक नसून खूप अतिशय संथ आहे; अनेक प्रसंग विनाकारण लांबवले आहेत.,Negative
हा अनुभव प्रभावी नसून खूप निरस आहे; कथा पुढे सरकत नाही.,Negative
चित्रपटाने अजिबात निराश केले नाही; दृश्यरचना विशेष रंजक आहे.,Positive
"चित्रपटात छायाचित्रण उत्तम आहे, त्यामुळे संगीताने प्रसंगांची परिणामकारकता वाढवली.",Positive
चांगला नाही असे अंतिम निष्कर्ष काढणे योग्य ठरणार नाही. सुरुवातीला कथा सुंदर आणि आकर्षक वाटते; तरी दुसऱ्या अर्ध्यात दिग्दर्शन कमकुवत होते. म्हणून चांगल्या सुरुवातीचा फारसा उपयोग होत नाही.,Negative
हा चित्रपट अपेक्षेपेक्षा अप्रभावी निघाला आणि शेवट निराश करतो.,Negative
या कलाकृतीमध्ये काहीही कमकुवत वाटत नाही; छायाचित्रण खूप अप्रतिम आहे.,Positive
हा चित्रपट पुन्हा पाहावासा वाटत नाही कारण कथा खूप निराशाजनक आहे.,Negative
चित्रपट अजिबात निराशाजनक नाही; उलट दिग्दर्शन खूप अप्रतिम आहे.,Positive
हा चित्रपट अपेक्षेपेक्षा अस्ताव्यस्त निघाला आणि कथानकात नवीनपणा जाणवत नाही.,Negative
मित्रांसोबत बघितला आणि सगळ्यांनाच खूप आवडला. कथेची मांडणी अशी आहे की पुढे काय होणार याची उत्सुकता कायम राहते. शेवट अगदी समाधानकारक आणि हृदयस्पर्शी झाला आहे.,Positive
छायाचित्रण आणि पटकथा दोन्ही मनमोहक आहेत; त्यामुळे चित्रपटाचा अनुभव मनाला आनंद देतो.,Positive
हा चित्रपट अपेक्षेपेक्षा मनमोहक निघाला आणि प्रत्येक फ्रेम विचारपूर्वक सादर केली आहे.,Positive
चित्रपटाची शेवट खूप उत्कृष्ट आहे आणि वेळ कसा गेला कळले नाही.,Positive
कथा अजिबात कमकुवत नाही आणि कथा शेवटपर्यंत पकडून ठेवते.,Positive
उत्तम नाही असे अंतिम निष्कर्ष काढणे योग्य ठरणार नाही. सुरुवातीला कथा सुंदर आणि आकर्षक वाटते; तरी दुसऱ्या अर्ध्यात दिग्दर्शन कमकुवत होते. शेवटी चित्रपट समाधान देत नाही.,Negative
मांडणी आणि संवाद दोन्ही हृदयस्पर्शी आहेत; त्यामुळे संगीताने प्रसंगांची परिणामकारकता वाढवली.,Positive
"चित्रपट पाहताना चित्रपट पाहताना वारंवार कंटाळा आला, कारण अभिनय खूप अप्रभावी आहे.",Negative
या चित्रपटाची शेवट मनाला भिडते आणि चित्रपट पाहताना उत्सुकता कायम राहते.,Positive
चित्रपट अजिबात निरर्थक नाही; त्यात चांगला संदेश आहे. पुन्हा पाहायला देखील आवडेल.,Positive
"चित्रपटात शेवट उत्तम आहे, त्यामुळे प्रत्येक फ्रेम विचारपूर्वक सादर केली आहे.",Positive
चित्रपटाची दिग्दर्शन खूप कंटाळवाणा आहे आणि कलाकारांच्या कामगिरीत उत्साह जाणवत नाही.,Negative
"अपेक्षाभंग करणारा नाही असे अंतिम निष्कर्ष काढणे योग्य ठरणार नाही. सुरुवात थोडी कंटाळवाणी आणि संथ आहे; मात्र दुसऱ्या अर्ध्यात चित्रपट पूर्णपणे बदलतो. शेवट अजिबात खराब नाही, उलट मनाला भिडतो.",Positive
अभिनय आणि पार्श्वसंगीत दोन्ही रंजक आहेत; त्यामुळे शेवट समाधानकारक वाटतो.,Positive
वाईट नाही असे अंतिम निष्कर्ष काढणे योग्य ठरणार नाही. सुरुवात थोडी कंटाळवाणी आणि संथ आहे; मात्र दुसऱ्या अर्ध्यात चित्रपट पूर्णपणे बदलतो. त्यामुळे चित्रपट पाहिल्याचा निर्णय योग्य वाटतो.,Positive
सिनेमा बघून एकदम फ्रेश वाटलं.,Positive
"अशा चित्रपटांमुळे मराठी सिनेमाची बदनामी होते. विनोदी प्रसंग हास्यास्पद वाटतात, हसू येण्याऐवजी वैताग येतो. सहकलाकारांचा अभिनयही अगदीच सामान्य आहे.",Negative
अभिनय इतका अप्रभावी आहे की काही दृश्ये अजिबात गरजेची वाटत नाहीत.,Negative
कथानकमध्ये काहीही कंटाळवाणा वाटत नाही; छायाचित्रण खूप प्रभावी आहे.,Positive
"चित्रपटात दृश्यरचना कमकुवत आहे, त्यामुळे संवाद कृत्रिम वाटतात.",Negative
हा चित्रपट अपेक्षेपेक्षा निराशाजनक निघाला आणि चित्रपट पाहताना वारंवार कंटाळा आला.,Negative
पूर्ण कुटुंबासोबत बघण्यासारखा सुंदर चित्रपट आहे. अभिनेत्यांचा अभिनय खूपच नैसर्गिक आणि प्रभावी वाटला. सहकलाकारांचाही अभिनय तितकाच दमदार आहे. सर्वांना शिफारस करेन असा हा चित्रपट आहे.,Positive
पैसे वाया गेले असं वाटलं सिनेमा बघून. संगीत काहीच लक्षात राहण्यासारखं नाही.,Negative
सुरुवातीला कथा सुंदर आणि आकर्षक वाटते; समाधानकारक नाही असे एकूण चित्रपटाबद्दल म्हणता येणार नाही. तरी दुसऱ्या अर्ध्यात दिग्दर्शन कमकुवत होते. शेवटामुळे आधीचे चांगले क्षणही फिके पडतात.,Negative
इतका रटाळ चित्रपट खूप दिवसांनी पाहिला. पटकथा खूपच विस्कळीत असल्यामुळे कथा नीट समजतच नाही. पार्श्वसंगीत उगाचच मोठ्या आवाजात आणि त्रासदायक वाटतं. अपेक्षा घेऊन गेलात तर नक्कीच निराश व्हाल.,Negative
पूर्ण कुटुंबासोबत बघण्यासारखा सुंदर चित्रपट आहे. प्रत्येक कलाकाराने आपल्या भूमिकेला योग्य न्याय दिला आहे. विनोदी प्रसंग अगदी सहज आणि टाइमिंगसह मांडले आहेत.,Positive
सुरुवातीला कथा सुंदर आणि आकर्षक वाटते; पण पुढील भाग इतका कंटाळवाणा आहे. एकूण अनुभव मात्र निराशाजनक आहे.,Negative
चित्रपटाची संवाद खूप कृत्रिम आहे आणि चित्रपट पाहताना वारंवार कंटाळा आला.,Negative
सिनेमा सुरु झाल्यापासूनच कंटाळा येऊ लागला. काही कलाकारांची निवडच चुकीची वाटते. संगीत काहीच लक्षात राहण्यासारखं नाही.,Negative
चित्रपटाने अजिबात निराश केले नाही; पार्श्वसंगीत विशेष आकर्षक आहे.,Positive
"कथा अजिबात वाईट नाही असे सुरुवातीला वाटले, पण शेवट खूप निराशाजनक आहे. त्यामुळे पुन्हा पाहण्याची इच्छा होत नाही.",Negative
संवाद इतका निराशाजनक आहे की संवाद कृत्रिम वाटतात.,Negative
हा चित्रपट कौतुकास्पद वाटतो; भावनिक प्रसंग मनाला स्पर्श करतात.,Positive
सुरुवातीला कथा सुंदर आणि आकर्षक वाटते; यशस्वी नाही असे एकूण चित्रपटाबद्दल म्हणता येणार नाही. मात्र नंतर कथा इतकी रटाळ होते. त्यामुळे सुंदर क्षण असूनही चित्रपट आवडत नाही.,Negative
अभिनय इतका उत्तम आहे की वेळ कसा गेला कळले नाही.,Positive
खरंच अशा चित्रपटांची गरज आहे मराठी सृष्टीला. दिग्दर्शकाने प्रत्येक प्रसंग अतिशय सुंदर पद्धतीने मांडला आहे. शेवट अगदी समाधानकारक आणि हृदयस्पर्शी झाला आहे. थिएटरमध्ये जाऊन नक्की एन्जॉय करा.,Positive
पूर्ण चित्रपटभर काहीच लॉजिक सापडलं नाही. अभिनेत्यांचा अभिनय अगदीच सुमार आणि कृत्रिम वाटला. अपेक्षा घेऊन गेलात तर नक्कीच निराश व्हाल.,Negative
खरंच अशा चित्रपटांची गरज आहे मराठी सृष्टीला. कथेची मांडणी अशी आहे की पुढे काय होणार याची उत्सुकता कायम राहते. संगीत कानाला खूप गोड लागतं आणि गाणी सुद्धा सुरेख आहेत. कथा अगदी वेगळी आणि विचार करायला लावणारी आहे. एकदा तरी नक्की बघावा असा हा चित्रपट आहे.,Positive
दिग्दर्शन इतका सुंदर आहे की भावनिक प्रसंग मनाला स्पर्श करतात.,Positive
सुरुवातीपासूनच चित्रपट प्रेक्षकांना पकडून ठेवतो. दिग्दर्शकाने प्रत्येक प्रसंग अतिशय सुंदर पद्धतीने मांडला आहे. अॅक्शन सीन्स एकदम जबरदस्त आणि रिअलिस्टिक वाटतात. थिएटरमध्ये जाऊन नक्की एन्जॉय करा.,Positive
चित्रपटातील मांडणी पाहून प्रत्येक प्रसंग लक्षात राहतो; एकूण अनुभव उत्तम आहे.,Positive
चित्रपट अजिबात अप्रभावी नाही; उलट अभिनय खूप आकर्षक आहे.,Positive
कथा अजिबात फिका नाही आणि कुटुंबासोबत पाहण्यासारखा अनुभव मिळतो.,Positive
संपूर्ण चित्रपट मनमोहक आहे आणि कथानक मुळे अनुभव आणखी सुंदर झाला.,Positive
कथामध्ये काहीही कंटाळवाणा वाटत नाही; छायाचित्रण खूप प्रभावी आहे.,Positive
कथानकचा संवाद कंटाळवाणा असून कथा पुढे सरकत नाही.,Negative
पूर्ण कुटुंबासोबत बघण्यासारखा सुंदर चित्रपट आहे. व्हीएफएक्स दर्जेदार असून हॉलिवूडच्या तोडीचे वाटतात. सहकलाकारांचाही अभिनय तितकाच दमदार आहे.,Positive
"अपेक्षा खूप होत्या पण चित्रपटाने साफ निराश केलं. अॅक्शन सीन्स अगदीच बनावट आणि कंटाळवाणे वाटतात. व्हीएफएक्स इतके स्वस्त वाटतात की हसू येतं. विनोदी प्रसंग हास्यास्पद वाटतात, हसू येण्याऐवजी वैताग येतो. थिएटरमध्ये पैसे खर्च करण्याआधी नक्की विचार करा.",Negative
"थिएटरमध्ये जाऊन बघण्यासारखा चित्रपट आहे हा. छायाचित्रण अप्रतिम आहे, प्रत्येक फ्रेम एखाद्या चित्रासारखी वाटते.",Positive
कथानकचा दिग्दर्शन फिका असून कथा पुढे सरकत नाही.,Negative
कमकुवत नाही असे अंतिम निष्कर्ष काढणे योग्य ठरणार नाही. सुरुवात थोडी कंटाळवाणी आणि संथ आहे; मात्र दुसऱ्या अर्ध्यात चित्रपट पूर्णपणे बदलतो. त्यामुळे सुरुवातीचे नकारात्मक संकेत दिशाभूल करणारे ठरतात.,Positive
संपूर्ण चित्रपट अप्रतिम आहे आणि मांडणी मुळे अनुभव आणखी सुंदर झाला.,Positive
हा अनुभव अप्रतिम नसून खूप अप्रभावी आहे; चित्रपटाची लांबी त्रासदायक ठरते.,Negative
कथामध्ये काहीही निरस वाटत नाही; भावनिक सादरीकरण खूप उत्तम आहे.,Positive
सुरुवातीपासून शेवटपर्यंत चित्रपट रंजक राहतो आणि कलाकारांनी भूमिका जिवंत केल्या आहेत.,Positive
चित्रपटाची संवाद खूप कंटाळवाणा आहे आणि पटकथा शेवटपर्यंत प्रभावी राहत नाही.,Negative
"खूप दिवसांनी असा जबरदस्त चित्रपट पाहिला. छायाचित्रण अप्रतिम आहे, प्रत्येक फ्रेम एखाद्या चित्रासारखी वाटते.",Positive
या चित्रपटाची पटकथा निराश करते आणि अनेक प्रसंग विनाकारण लांबवले आहेत.,Negative
कथेपासून अभिनयापर्यंत सर्व काही रंजक वाटले; दिग्दर्शकाने विषयाला योग्य न्याय दिला.,Positive
पार्श्वसंगीत आणि मुख्य कलाकाराचा अभिनय दोन्ही फिका आहेत; त्यामुळे चित्रपट पाहताना वारंवार कंटाळा आला.,Negative
"चित्रपट पाहताना शेवट निराश करतो, कारण शेवट खूप फिका आहे.",Negative
कथेपासून अभिनयापर्यंत बरेच काही कमकुवत वाटले; कथा पुढे सरकत नाही.,Negative
सुरुवात थोडी कंटाळवाणी आणि संथ आहे; निराश केले नाही असे एकूण चित्रपटाबद्दल म्हणता येणार नाही. मात्र दुसऱ्या अर्ध्यात चित्रपट पूर्णपणे बदलतो. एकूण परिणाम सकारात्मक आणि समाधान देणारा आहे.,Positive
हा अनुभव कमकुवत नसून खूप कौतुकास्पद आहे; चित्रपट पाहताना उत्सुकता कायम राहते.,Positive
आशादायक नाही असे अंतिम निष्कर्ष काढणे योग्य ठरणार नाही. सुरुवातीला कथा सुंदर आणि आकर्षक वाटते; मात्र नंतर कथा इतकी रटाळ होते. शेवटी चित्रपट समाधान देत नाही.,Negative
चित्रपट अजिबात निराशाजनक नाही; उलट पार्श्वसंगीत खूप प्रभावी आहे.,Positive
सुरुवातीला कथा सुंदर आणि आकर्षक वाटते; तरी दुसऱ्या अर्ध्यात दिग्दर्शन कमकुवत होते. म्हणून चांगल्या सुरुवातीचा फारसा उपयोग होत नाही.,Negative
या चित्रपटाची दृश्यरचना निराश करते आणि अनेक प्रसंग विनाकारण लांबवले आहेत.,Negative
हा चित्रपट खरंच अप्रतिम होता. पटकथा घट्ट बांधलेली असल्यामुळे कुठेही कंटाळा येत नाही. सहकलाकारांचाही अभिनय तितकाच दमदार आहे. असे चित्रपट वारंवार यायला हवेत.,Positive
चित्रपटाने अजिबात निराश केले नाही; अभिनय विशेष सुंदर आहे.,Positive
वेळेचा आणि पैशांचा पूर्ण अपव्यय झाला. संगीत काहीच लक्षात राहण्यासारखं नाही. सहकलाकारांचा अभिनयही अगदीच सामान्य आहे. काही कलाकारांची निवडच चुकीची वाटते.,Negative
चित्रपटाने अनेक प्रसंग विनाकारण लांबवले आहेत आणि संगीत खरोखर निरस आहे.,Negative
कथा इतका निराशाजनक आहे की शेवट निराश करतो.,Negative
या चित्रपटाची पटकथा मनाला भिडते आणि सर्व कलाकारांची कामगिरी लक्षात राहते.,Positive
"चित्रपटात दृश्यरचना कमकुवत आहे, त्यामुळे कथानकात नवीनपणा जाणवत नाही.",Negative
हा अनुभव उत्तम नसून खूप कंटाळवाणा आहे; वेळ वाया गेल्यासारखे वाटले.,Negative
कंटाळवाणा नाही असे अंतिम निष्कर्ष काढणे योग्य ठरणार नाही. सुरुवात थोडी कंटाळवाणी आणि संथ आहे; मात्र दुसऱ्या अर्ध्यात चित्रपट पूर्णपणे बदलतो. त्यामुळे सुरुवातीचे नकारात्मक संकेत दिशाभूल करणारे ठरतात.,Positive
या कलाकृतीचा संवाद अतिशय संथ असून कलाकारांच्या कामगिरीत उत्साह जाणवत नाही.,Negative
सुरुवातीपासून शेवटपर्यंत चित्रपट कंटाळवाणा राहतो आणि वेळ वाया गेल्यासारखे वाटले.,Negative
चित्रपट अजिबात निरस नाही; उलट संवाद खूप दर्जेदार आहे.,Positive
सुरुवात थोडी कंटाळवाणी आणि संथ आहे; असमाधानकारक नाही असे एकूण चित्रपटाबद्दल म्हणता येणार नाही. पण पुढे कथा इतकी सुंदर उलगडते. म्हणून एकूण चित्रपट अपेक्षेपेक्षा सुंदर वाटतो.,Positive
सुरुवात थोडी कंटाळवाणी आणि संथ आहे; मनाला न पटणारा नाही असे एकूण चित्रपटाबद्दल म्हणता येणार नाही. मात्र दुसऱ्या अर्ध्यात चित्रपट पूर्णपणे बदलतो. त्यामुळे चित्रपट पाहिल्याचा निर्णय योग्य वाटतो.,Positive
चित्रपटातील कथानक पाहून चित्रपट पाहताना उत्सुकता कायम राहते; एकूण अनुभव प्रभावी आहे.,Positive
चित्रपटाने शेवट निराश करतो आणि संवाद खरोखर सुमार आहे.,Negative
कथेपासून अभिनयापर्यंत बरेच काही अंदाजे वाटले; वेळ वाया गेल्यासारखे वाटले.,Negative
अशा चित्रपटांमुळे मराठी सिनेमाची बदनामी होते. पार्श्वसंगीत उगाचच मोठ्या आवाजात आणि त्रासदायक वाटतं. पूर्णपणे टाइमपास वाया गेला असं वाटलं.,Negative
कथा अजिबात प्रभावी नाही आणि पटकथा खूप संथ आहे. त्यामुळे चित्रपट फारसा प्रभावी वाटत नाही.,Negative
सुरुवातीपासूनच चित्रपट प्रेक्षकांना पकडून ठेवतो. पार्श्वसंगीत प्रसंगांची तीव्रता अजून वाढवतं. संगीत कानाला खूप गोड लागतं आणि गाणी सुद्धा सुरेख आहेत. एकदा तरी नक्की बघावा असा हा चित्रपट आहे.,Positive
मुख्य कलाकाराचा अभिनय आणि कथानक दोन्ही सुंदर आहेत; त्यामुळे चित्रपटाचा अनुभव मनाला आनंद देतो.,Positive
"चित्रपटात विनोदी प्रसंग उत्तम आहे, त्यामुळे चित्रपट पाहून मन प्रसन्न झाले.",Positive
चित्रपटातील दृश्यरचना पाहून प्रत्येक फ्रेम विचारपूर्वक सादर केली आहे; एकूण अनुभव मनमोहक आहे.,Positive
"चित्रपटात संवाद कमकुवत आहे, त्यामुळे कथा पुढे सरकत नाही.",Negative
एवढा भिकार सिनेमा अलीकडे बघितला नव्हता. शेवट इतका घाईघाईत गुंडाळलेला आहे की निराशा होते. मुख्य कलाकारांच्या भूमिकेत जीव ओतलेला जाणवलाच नाही. दिग्दर्शन अगदीच कमकुवत असून प्रसंगांची मांडणी विस्कळीत आहे.,Negative
भावनिक सादरीकरण आणि संवाद दोन्ही हृदयस्पर्शी आहेत; त्यामुळे दिग्दर्शकाने विषयाला योग्य न्याय दिला.,Positive
चित्रपटाची भावनिक सादरीकरण खूप अतिशय संथ आहे आणि चित्रपटाची लांबी त्रासदायक ठरते.,Negative
"चित्रपट पाहताना अनेक प्रसंग विनाकारण लांबवले आहेत, कारण शेवट खूप अस्ताव्यस्त आहे.",Negative
सुरुवात थोडी कंटाळवाणी आणि संथ आहे; कंटाळवाणा नाही असे एकूण चित्रपटाबद्दल म्हणता येणार नाही. पण पुढे कथा इतकी सुंदर उलगडते. म्हणून एकूण चित्रपट अपेक्षेपेक्षा सुंदर वाटतो.,Positive
सुरुवात थोडी कंटाळवाणी आणि संथ आहे; कंटाळवाणा नाही असे एकूण चित्रपटाबद्दल म्हणता येणार नाही. तरी पुढे पात्रांचा प्रवास खूप प्रभावी होतो. उणिवा असूनही शेवटी चित्रपट मन जिंकून घेतो.,Positive
हा चित्रपट अस्ताव्यस्त वाटतो; भावनिक प्रसंगांचा परिणाम होत नाही.,Negative
चित्रपट अजिबात निरस नाही; उलट दिग्दर्शन खूप उत्तम आहे.,Positive
संपूर्ण चित्रपट कमकुवत आहे आणि दिग्दर्शन मुळे अनुभव खराब झाला.,Negative
सुरुवात थोडी कंटाळवाणी आणि संथ आहे; मात्र दुसऱ्या अर्ध्यात चित्रपट पूर्णपणे बदलतो. त्यामुळे सुरुवातीचे नकारात्मक संकेत दिशाभूल करणारे ठरतात.,Positive
हा चित्रपट अपेक्षेपेक्षा अतिशय संथ निघाला आणि काही दृश्ये अजिबात गरजेची वाटत नाहीत.,Negative
हा अनुभव अप्रभावी नसून खूप उत्कृष्ट आहे; वेळ कसा गेला कळले नाही.,Positive
चित्रपटातील संगीत पाहून संवाद कृत्रिम वाटतात; एकूण अनुभव अप्रभावी आहे.,Negative
सुरुवात थोडी कंटाळवाणी आणि संथ आहे; निराश केले नाही असे एकूण चित्रपटाबद्दल म्हणता येणार नाही. तरी पुढे पात्रांचा प्रवास खूप प्रभावी होतो. चित्रपटाने निराश केले नाही; उलट तो खूप आवडला.,Positive
सुरुवातीपासून शेवटपर्यंत चित्रपट कंटाळवाणा राहतो आणि संवाद कृत्रिम वाटतात.,Negative
थिएटरमध्ये जाऊन बघण्यासारखा चित्रपट आहे हा. संवाद खूप प्रभावी असून थेट मनाला भिडतात. प्रत्येक कलाकाराने आपल्या भूमिकेला योग्य न्याय दिला आहे.,Positive
चित्रपटाची शेवट खूप उत्तम आहे आणि भावनिक प्रसंग मनाला स्पर्श करतात.,Positive
"चित्रपटात संगीत कमकुवत आहे, त्यामुळे संवाद कृत्रिम वाटतात.",Negative
चित्रपट अजिबात प्रभावी नाही; उलट दिग्दर्शन खूप निरस आहे.,Negative
एवढा भिकार सिनेमा अलीकडे बघितला नव्हता. दिग्दर्शकाला नेमकं काय दाखवायचं आहे हेच कळत नाही. या चित्रपटाला दोन पैकी अर्धा स्टार सुद्धा जास्त आहे.,Negative
हा चित्रपट पुन्हा पाहावासा वाटत नाही कारण विनोदी प्रसंग खूप फिका आहे.,Negative
काहीच खास नव्हतं या चित्रपटात. काही कलाकारांची निवडच चुकीची वाटते. पार्श्वसंगीत उगाचच मोठ्या आवाजात आणि त्रासदायक वाटतं. वेळ असेल तरी बघू नका असा सल्ला देईन.,Negative
चित्रपटातील छायाचित्रण पाहून कलाकारांनी भूमिका जिवंत केल्या आहेत; एकूण अनुभव नैसर्गिक आहे.,Positive
या चित्रपटाची मुख्य कलाकाराचा अभिनय मनाला भिडते आणि कुटुंबासोबत पाहण्यासारखा अनुभव मिळतो.,Positive
चित्रपटातील छायाचित्रण पाहून कथा पुढे सरकत नाही; एकूण अनुभव अप्रभावी आहे.,Negative
चित्रपट अजिबात उत्कृष्ट नाही; उलट अभिनय खूप अप्रभावी आहे.,Negative
सुरुवात थोडी कंटाळवाणी आणि संथ आहे; फारसा वाईट नाही असे एकूण चित्रपटाबद्दल म्हणता येणार नाही. मात्र दुसऱ्या अर्ध्यात चित्रपट पूर्णपणे बदलतो. त्यामुळे चित्रपट पाहिल्याचा निर्णय योग्य वाटतो.,Positive
खरंच अशा चित्रपटांची गरज आहे मराठी सृष्टीला. संवाद खूप प्रभावी असून थेट मनाला भिडतात. या चित्रपटाला पाच पैकी पाच स्टार्स.,Positive
कथा आणि संवाद दोन्ही कंटाळवाणा आहेत; त्यामुळे दिग्दर्शनाने विषयाला योग्य न्याय दिला नाही.,Negative
चित्रपटाची संवाद खूप अप्रभावी आहे आणि कलाकारांच्या कामगिरीत उत्साह जाणवत नाही.,Negative
खरंच अशा चित्रपटांची गरज आहे मराठी सृष्टीला. व्हीएफएक्स दर्जेदार असून हॉलिवूडच्या तोडीचे वाटतात.,Positive
हा अनुभव सुंदर नसून खूप अप्रभावी आहे; चित्रपट पाहिल्यानंतर विशेष काही लक्षात राहत नाही.,Negative
सुरुवातीला कथा सुंदर आणि आकर्षक वाटते; मनाला भिडणारा नाही असे एकूण चित्रपटाबद्दल म्हणता येणार नाही. मात्र नंतर कथा इतकी रटाळ होते. अखेरीस एकूण परिणाम कमकुवत ठरतो.,Negative
चित्रपटाची कथा खूप निराशाजनक आहे आणि अनेक प्रसंग विनाकारण लांबवले आहेत.,Negative
हा अनुभव अप्रभावी नसून खूप रंजक आहे; चित्रपटाचा अनुभव मनाला आनंद देतो.,Positive
चित्रपटाची दृश्यरचना खूप रंजक आहे आणि दिग्दर्शकाने विषयाला योग्य न्याय दिला.,Positive
चित्रपटाने चित्रपट पाहताना वारंवार कंटाळा आला आणि भावनिक सादरीकरण खरोखर गोंधळलेला आहे.,Negative
या कलाकृतीचा शेवट हृदयस्पर्शी असून संगीताने प्रसंगांची परिणामकारकता वाढवली.,Positive
हा चित्रपट खरंच अप्रतिम होता. संगीत कानाला खूप गोड लागतं आणि गाणी सुद्धा सुरेख आहेत. सहकलाकारांचाही अभिनय तितकाच दमदार आहे. कथा अगदी वेगळी आणि विचार करायला लावणारी आहे.,Positive
सुरुवातीपासून शेवटपर्यंत चित्रपट फिका राहतो आणि वेळ वाया गेल्यासारखे वाटले.,Negative
फारसा वाईट नाही असे अंतिम निष्कर्ष काढणे योग्य ठरणार नाही. सुरुवात थोडी कंटाळवाणी आणि संथ आहे; पण पुढे कथा इतकी सुंदर उलगडते. म्हणून एकूण चित्रपट अपेक्षेपेक्षा सुंदर वाटतो.,Positive
चित्रपटातील दृश्यरचना पाहून चित्रपटाची लांबी त्रासदायक ठरते; एकूण अनुभव अस्ताव्यस्त आहे.,Negative
कथा अजिबात वाईट नाही आणि चित्रपटाचा अनुभव मनाला आनंद देतो.,Positive
कथेपासून अभिनयापर्यंत सर्व काही कौतुकास्पद वाटले; सर्व कलाकारांची कामगिरी लक्षात राहते.,Positive
चित्रपट अजिबात निरस नाही; उलट कथा खूप रंजक आहे.,Positive
या कलाकृतीमध्ये काहीही वाईट वाटत नाही; विनोदी प्रसंग खूप मनमोहक आहे.,Positive
पैसे वाया गेले असं वाटलं सिनेमा बघून. सहकलाकारांचा अभिनयही अगदीच सामान्य आहे. पार्श्वसंगीत उगाचच मोठ्या आवाजात आणि त्रासदायक वाटतं. क्लायमॅक्स अगदीच अपेक्षित आणि सपक झाला आहे.,Negative
सुरुवातीपासून शेवटपर्यंत चित्रपट अंदाजे राहतो आणि चित्रपट पाहिल्यानंतर विशेष काही लक्षात राहत नाही.,Negative
या चित्रपटाची मुख्य कलाकाराचा अभिनय निराश करते आणि चित्रपट पाहिल्यानंतर विशेष काही लक्षात राहत नाही.,Negative
संपूर्ण चित्रपट हृदयस्पर्शी आहे आणि अभिनय मुळे अनुभव आणखी सुंदर झाला.,Positive
चित्रपटातील कथानक पाहून संगीताने प्रसंगांची परिणामकारकता वाढवली; एकूण अनुभव अप्रतिम आहे.,Positive
हा अनुभव फिका नसून खूप कौतुकास्पद आहे; भावनिक प्रसंग मनाला स्पर्श करतात.,Positive
हा अनुभव अप्रभावी नसून खूप उत्कृष्ट आहे; कलाकारांनी भूमिका जिवंत केल्या आहेत.,Positive
चित्रपट अजिबात निरस नाही; उलट कथानक खूप दर्जेदार आहे.,Positive
सुरुवातीला कथा सुंदर आणि आकर्षक वाटते; मनाला भिडणारा नाही असे एकूण चित्रपटाबद्दल म्हणता येणार नाही. पण पुढे पटकथा पूर्णपणे गोंधळते. त्यामुळे अंतिम अनुभव अपेक्षाभंग करणारा ठरतो.,Negative
हा अनुभव कमकुवत नसून खूप मनमोहक आहे; चित्रपट पाहताना उत्सुकता कायम राहते.,Positive
सिनेमागृहातून बाहेर पडताना खूप वैताग आला. छायाचित्रण अगदीच सामान्य दर्जाचं आहे. संवाद खूपच सुमार आणि ओढून ताणून लिहिलेले वाटतात. दिग्दर्शकाला नेमकं काय दाखवायचं आहे हेच कळत नाही.,Negative
कथानक इतका कृत्रिम आहे की काही दृश्ये अजिबात गरजेची वाटत नाहीत.,Negative
संपूर्ण चित्रपट प्रभावी आहे आणि शेवट मुळे अनुभव आणखी सुंदर झाला.,Positive
कथेपासून अभिनयापर्यंत बरेच काही अप्रभावी वाटले; वेळ वाया गेल्यासारखे वाटले.,Negative
"चित्रपट पाहताना भावनिक प्रसंग मनाला स्पर्श करतात, कारण छायाचित्रण खूप रंजक आहे.",Positive
कथेपासून अभिनयापर्यंत बरेच काही कंटाळवाणा वाटले; दिग्दर्शनाने विषयाला योग्य न्याय दिला नाही.,Negative
चित्रपट अजिबात वाईट नाही; उलट कथानक खूप कौतुकास्पद आहे.,Positive
मराठी प्रेक्षकांची निराशा करणारा चित्रपट आहे हा. काही कलाकारांची निवडच चुकीची वाटते. पूर्णपणे टाइमपास वाया गेला असं वाटलं.,Negative
संपूर्ण मांडणीमध्ये काहीही अप्रभावी वाटत नाही; शेवट खूप रंजक आहे.,Positive
चित्रपटातील कथा पाहून चित्रपटाचा अनुभव मनाला आनंद देतो; एकूण अनुभव हृदयस्पर्शी आहे.,Positive
मित्रांसोबत बघितला आणि सगळ्यांनाच खूप आवडला. कथेची मांडणी अशी आहे की पुढे काय होणार याची उत्सुकता कायम राहते.,Positive
चित्रपटाची दृश्यरचना खूप गोंधळलेला आहे आणि चित्रपट पाहताना वारंवार कंटाळा आला.,Negative
"चित्रपट पाहताना वेळ कसा गेला कळले नाही, कारण छायाचित्रण खूप अप्रतिम आहे.",Positive
मित्रांसोबत बघितला आणि सगळ्यांनाच खूप आवडला. शेवट अगदी समाधानकारक आणि हृदयस्पर्शी झाला आहे. थिएटरमध्ये जाऊन नक्की एन्जॉय करा.,Positive
संपूर्ण मांडणीचा दिग्दर्शन गोंधळलेला असून चित्रपट पाहिल्यानंतर विशेष काही लक्षात राहत नाही.,Negative
चित्रपटाने दिग्दर्शकाने विषयाला योग्य न्याय दिला आणि अभिनय खरोखर कौतुकास्पद आहे.,Positive
मित्रांसोबत बघितला आणि सगळ्यांनाच खूप आवडला. दिग्दर्शनातली बारकाई प्रत्येक दृश्यात जाणवते.,Positive
हा चित्रपट अपेक्षेपेक्षा उत्कृष्ट निघाला आणि प्रत्येक फ्रेम विचारपूर्वक सादर केली आहे.,Positive
सिनेमा सुरु झाल्यापासूनच कंटाळा येऊ लागला. व्हीएफएक्स इतके स्वस्त वाटतात की हसू येतं. अभिनेत्यांचा अभिनय अगदीच सुमार आणि कृत्रिम वाटला. या चित्रपटाला दोन पैकी अर्धा स्टार सुद्धा जास्त आहे.,Negative
चित्रपटातील विनोदी प्रसंग पाहून भावनिक प्रसंगांचा परिणाम होत नाही; एकूण अनुभव अप्रभावी आहे.,Negative
चित्रपटाची दिग्दर्शन खूप प्रभावी आहे आणि चित्रपटाचा अनुभव मनाला आनंद देतो.,Positive
हा अनुभव वाईट नसून खूप प्रभावी आहे; कुटुंबासोबत पाहण्यासारखा अनुभव मिळतो.,Positive
"कमकुवत नाही असे अंतिम निष्कर्ष काढणे योग्य ठरणार नाही. सुरुवात थोडी कंटाळवाणी आणि संथ आहे; पण पुढे कथा इतकी सुंदर उलगडते. शेवट अजिबात खराब नाही, उलट मनाला भिडतो.",Positive
सुरुवातीला कथा सुंदर आणि आकर्षक वाटते; उत्कृष्ट नाही असे एकूण चित्रपटाबद्दल म्हणता येणार नाही. तरी दुसऱ्या अर्ध्यात दिग्दर्शन कमकुवत होते. अखेरीस एकूण परिणाम कमकुवत ठरतो.,Negative
शेवट इतका अस्ताव्यस्त आहे की पटकथा शेवटपर्यंत प्रभावी राहत नाही.,Negative
खूप वेळाने मराठी चित्रपटसृष्टीत असा दर्जेदार सिनेमा आला. पार्श्वसंगीत प्रसंगांची तीव्रता अजून वाढवतं. भावनिक प्रसंगांमध्ये डोळ्यात पाणी आल्याशिवाय राहत नाही. कथेची मांडणी अशी आहे की पुढे काय होणार याची उत्सुकता कायम राहते. या चित्रपटाला पाच पैकी पाच स्टार्स.,Positive
संगीत इतका कृत्रिम आहे की शेवट निराश करतो.,Negative
हा चित्रपट पुन्हा पाहावासा वाटत नाही कारण शेवट खूप निरस आहे.,Negative
पूर्ण चित्रपटभर काहीच लॉजिक सापडलं नाही. पार्श्वसंगीत उगाचच मोठ्या आवाजात आणि त्रासदायक वाटतं. अपेक्षा घेऊन गेलात तर नक्कीच निराश व्हाल.,Negative
संपूर्ण चित्रपट रंजक आहे आणि दिग्दर्शन मुळे अनुभव आणखी सुंदर झाला.,Positive
चित्रपटातील दृश्यरचना पाहून संगीताने प्रसंगांची परिणामकारकता वाढवली; एकूण अनुभव हृदयस्पर्शी आहे.,Positive
मराठी प्रेक्षकांची निराशा करणारा चित्रपट आहे हा. भावनिक प्रसंगांमध्ये सुद्धा काहीच परिणाम जाणवत नाही.,Negative
हा चित्रपट दर्जेदार वाटतो; दिग्दर्शकाने विषयाला योग्य न्याय दिला.,Positive
सुरुवात थोडी कंटाळवाणी आणि संथ आहे; वाईट नाही असे एकूण चित्रपटाबद्दल म्हणता येणार नाही. मात्र दुसऱ्या अर्ध्यात चित्रपट पूर्णपणे बदलतो. त्यामुळे सुरुवातीचे नकारात्मक संकेत दिशाभूल करणारे ठरतात.,Positive
चित्रपटाची दिग्दर्शन खूप प्रभावी आहे आणि वेळ कसा गेला कळले नाही.,Positive
हा चित्रपट अपेक्षेपेक्षा गोंधळलेला निघाला आणि कथानकात नवीनपणा जाणवत नाही.,Negative
मित्रांसोबत बघितला आणि सगळ्यांनाच खूप आवडला. व्हीएफएक्स दर्जेदार असून हॉलिवूडच्या तोडीचे वाटतात. असे चित्रपट वारंवार यायला हवेत.,Positive
चित्रपटाने काही दृश्ये अजिबात गरजेची वाटत नाहीत आणि अभिनय खरोखर फिका आहे.,Negative
"चित्रपट पाहताना कुटुंबासोबत पाहण्यासारखा अनुभव मिळतो, कारण छायाचित्रण खूप सुंदर आहे.",Positive
चित्रपटचा संगीत दर्जेदार असून वेळ कसा गेला कळले नाही.,Positive
चित्रपटातील अभिनय पाहून चित्रपट पाहताना वारंवार कंटाळा आला; एकूण अनुभव निरस आहे.,Negative
संपूर्ण चित्रपट रंजक आहे आणि मांडणी मुळे अनुभव आणखी सुंदर झाला.,Positive
कथा साधी असली तरी अजिबात वाईट नाही. हा अनुभव नक्कीच समाधानकारक वाटतो.,Positive
सिनेमागृहातून बाहेर पडताना चेहऱ्यावर हसू होतं. क्लायमॅक्स इतका जबरदस्त आहे की अंगावर काटा येतो. कुटुंबासोबत थिएटरमध्ये जाऊन बघण्यासारखा सिनेमा आहे.,Positive
हा चित्रपट पुन्हा पाहावासा वाटत नाही कारण भावनिक सादरीकरण खूप अस्ताव्यस्त आहे.,Negative
"चित्रपटात भावनिक सादरीकरण उत्तम आहे, त्यामुळे संगीताने प्रसंगांची परिणामकारकता वाढवली.",Positive
पटकथा कमकुवत नाही आणि प्रसंगांची मांडणी चांगली आहे. पुन्हा पाहायला देखील आवडेल.,Positive
कथामध्ये काहीही दर्जेदार वाटत नाही; पार्श्वसंगीत खूप निरस आहे.,Negative
या चित्रपटाची अभिनय मनाला भिडते आणि भावनिक प्रसंग मनाला स्पर्श करतात.,Positive
या चित्रपटाची दिग्दर्शन मनाला भिडते आणि शेवट समाधानकारक वाटतो.,Positive
सुरुवातीला कथा सुंदर आणि आकर्षक वाटते; आशादायक नाही असे एकूण चित्रपटाबद्दल म्हणता येणार नाही. तरी दुसऱ्या अर्ध्यात दिग्दर्शन कमकुवत होते. शेवटामुळे आधीचे चांगले क्षणही फिके पडतात.,Negative
विनोदी प्रसंग आणि कथानक दोन्ही हृदयस्पर्शी आहेत; त्यामुळे दिग्दर्शकाने विषयाला योग्य न्याय दिला.,Positive
दिग्दर्शन आणि छायाचित्रण दोन्ही कौतुकास्पद आहेत; त्यामुळे सर्व कलाकारांची कामगिरी लक्षात राहते.,Positive
थिएटरमध्ये जाऊन बघण्यासारखा चित्रपट आहे हा. गाण्यांचे शब्द आणि चाल दोन्ही मनाला भावतात. व्हीएफएक्स दर्जेदार असून हॉलिवूडच्या तोडीचे वाटतात. असे चित्रपट वारंवार यायला हवेत.,Positive
कथेपासून अभिनयापर्यंत सर्व काही हृदयस्पर्शी वाटले; चित्रपटाचा अनुभव मनाला आनंद देतो.,Positive
चित्रपटाने पटकथा शेवटपर्यंत प्रभावी राहत नाही आणि कथानक खरोखर कंटाळवाणा आहे.,Negative
पटकथा मजबूत नाही आणि कथानक सतत भरकटते. यामुळे चित्रपटाचा प्रभाव कमी होतो.,Negative
चित्रपटातील संवाद पाहून कलाकारांच्या कामगिरीत उत्साह जाणवत नाही; एकूण अनुभव कमकुवत आहे.,Negative
भावनिक सादरीकरण आणि छायाचित्रण दोन्ही रंजक आहेत; त्यामुळे शेवट समाधानकारक वाटतो.,Positive
हा चित्रपट अपेक्षेपेक्षा हृदयस्पर्शी निघाला आणि चित्रपट पाहून मन प्रसन्न झाले.,Positive
हा अनुभव निराशाजनक नसून खूप हृदयस्पर्शी आहे; सर्व कलाकारांची कामगिरी लक्षात राहते.,Positive
विनोदी प्रसंग इतका मनमोहक आहे की सर्व कलाकारांची कामगिरी लक्षात राहते.,Positive
या चित्रपटाची मुख्य कलाकाराचा अभिनय मनाला भिडते आणि दिग्दर्शकाने विषयाला योग्य न्याय दिला.,Positive
कथेपासून अभिनयापर्यंत सर्व काही उत्तम वाटले; सर्व कलाकारांची कामगिरी लक्षात राहते.,Positive
"चित्रपट पाहताना कलाकारांच्या कामगिरीत उत्साह जाणवत नाही, कारण दिग्दर्शन खूप निराशाजनक आहे.",Negative
या चित्रपटाची भावनिक सादरीकरण मनाला भिडते आणि सर्व कलाकारांची कामगिरी लक्षात राहते.,Positive
उत्तम नाही असे अंतिम निष्कर्ष काढणे योग्य ठरणार नाही. सुरुवातीला कथा सुंदर आणि आकर्षक वाटते; तरी दुसऱ्या अर्ध्यात दिग्दर्शन कमकुवत होते. त्यामुळे अंतिम अनुभव अपेक्षाभंग करणारा ठरतो.,Negative
चित्रपट अजिबात सुंदर नाही; उलट मुख्य कलाकाराचा अभिनय खूप कृत्रिम आहे.,Negative
हा चित्रपट पुन्हा पाहावासा वाटतो कारण दृश्यरचना खूप दर्जेदार आहे.,Positive
हा अनुभव प्रभावी नसून खूप निराशाजनक आहे; चित्रपटाची लांबी त्रासदायक ठरते.,Negative
हा अनुभव फिका नसून खूप अप्रतिम आहे; कलाकारांनी भूमिका जिवंत केल्या आहेत.,Positive
संपूर्ण चित्रपट सुमार आहे आणि मुख्य कलाकाराचा अभिनय मुळे अनुभव खराब झाला.,Negative
दिग्दर्शन प्रभावी नाही आणि कलाकारांना योग्य वाव मिळाला नाही. त्यामुळे चित्रपट फारसा प्रभावी वाटत नाही.,Negative
चित्रपटाची दृश्यरचना खूप नैसर्गिक आहे आणि प्रत्येक प्रसंग लक्षात राहतो.,Positive
चित्रपटातील पार्श्वसंगीत पाहून संगीताने प्रसंगांची परिणामकारकता वाढवली; एकूण अनुभव सुंदर आहे.,Positive
हा चित्रपट अपेक्षेपेक्षा निरस निघाला आणि कलाकारांच्या कामगिरीत उत्साह जाणवत नाही.,Negative
प्रभावी नाही असे अंतिम निष्कर्ष काढणे योग्य ठरणार नाही. सुरुवातीला कथा सुंदर आणि आकर्षक वाटते; तरी दुसऱ्या अर्ध्यात दिग्दर्शन कमकुवत होते. अखेरीस एकूण परिणाम कमकुवत ठरतो.,Negative
"चित्रपटात कथा कमकुवत आहे, त्यामुळे संवाद कृत्रिम वाटतात.",Negative
मित्रांच्या सांगण्यावरून गेलो पण खूप पश्चाताप झाला. क्लायमॅक्स अगदीच अपेक्षित आणि सपक झाला आहे. अभिनेत्यांचा अभिनय अगदीच सुमार आणि कृत्रिम वाटला. छायाचित्रण अगदीच सामान्य दर्जाचं आहे.,Negative
चित्रपट अजिबात फिका नाही; उलट संगीत खूप कौतुकास्पद आहे.,Positive
कथानकमध्ये काहीही उत्तम वाटत नाही; पार्श्वसंगीत खूप फिका आहे.,Negative
सुरुवातीला कथा सुंदर आणि आकर्षक वाटते; आकर्षक नाही असे एकूण चित्रपटाबद्दल म्हणता येणार नाही. पण पुढे पटकथा पूर्णपणे गोंधळते. त्यामुळे हा चित्रपट समाधानकारक म्हणता येत नाही.,Negative
हा चित्रपट अपेक्षेपेक्षा फिका निघाला आणि भावनिक प्रसंगांचा परिणाम होत नाही.,Negative
हा चित्रपट पुन्हा पाहावासा वाटत नाही कारण अभिनय खूप निराशाजनक आहे.,Negative
दृश्यरचना इतका उत्तम आहे की दिग्दर्शकाने विषयाला योग्य न्याय दिला.,Positive
सिनेमा सुरुवातीपासून शेवटपर्यंत खिळवून ठेवतो. अॅक्शन सीन्स एकदम जबरदस्त आणि रिअलिस्टिक वाटतात. सर्वांना शिफारस करेन असा हा चित्रपट आहे.,Positive
चित्रपटाने अजिबात निराश केले नाही; संवाद विशेष दर्जेदार आहे.,Positive
निराश केले नाही असे अंतिम निष्कर्ष काढणे योग्य ठरणार नाही. सुरुवात थोडी कंटाळवाणी आणि संथ आहे; मात्र दुसऱ्या अर्ध्यात चित्रपट पूर्णपणे बदलतो. चित्रपटाने निराश केले नाही; उलट तो खूप आवडला.,Positive
संपूर्ण चित्रपट फिका आहे आणि संवाद मुळे अनुभव खराब झाला.,Negative
चित्रपटाने कथानकात नवीनपणा जाणवत नाही आणि संगीत खरोखर अस्ताव्यस्त आहे.,Negative
कथामध्ये काहीही उत्कृष्ट वाटत नाही; भावनिक सादरीकरण खूप कंटाळवाणा आहे.,Negative
"एकदम भारी चित्रपट, अपेक्षेपेक्षा जास्त आवडला. गाण्यांचे शब्द आणि चाल दोन्ही मनाला भावतात. सर्वांना शिफारस करेन असा हा चित्रपट आहे.",Positive
"चित्रपटात पटकथा उत्तम आहे, त्यामुळे कलाकारांनी भूमिका जिवंत केल्या आहेत.",Positive
हा चित्रपट अंदाजे वाटतो; वेळ वाया गेल्यासारखे वाटले.,Negative
संपूर्ण मांडणीचा कथानक सुमार असून कथानकात नवीनपणा जाणवत नाही.,Negative
पूर्ण कुटुंबासोबत बघण्यासारखा सुंदर चित्रपट आहे. विनोदी प्रसंग अगदी सहज आणि टाइमिंगसह मांडले आहेत. दिग्दर्शकाने प्रत्येक प्रसंग अतिशय सुंदर पद्धतीने मांडला आहे. अभिनेत्यांचा अभिनय खूपच नैसर्गिक आणि प्रभावी वाटला. एकदा तरी नक्की बघावा असा हा चित्रपट आहे.,Positive
हा चित्रपट पुन्हा पाहावासा वाटतो कारण छायाचित्रण खूप प्रभावी आहे.,Positive
"हा चित्रपट अजिबात बघण्यासारखा नाही. विनोदी प्रसंग हास्यास्पद वाटतात, हसू येण्याऐवजी वैताग येतो. सहकलाकारांचा अभिनयही अगदीच सामान्य आहे. मराठी सिनेमाच्या नावाला कमीपणा आणणारा चित्रपट आहे.",Negative
सुरुवातीला कथा सुंदर आणि आकर्षक वाटते; उत्तम नाही असे एकूण चित्रपटाबद्दल म्हणता येणार नाही. मात्र नंतर कथा इतकी रटाळ होते. म्हणून चांगल्या सुरुवातीचा फारसा उपयोग होत नाही.,Negative
हा चित्रपट पुन्हा पाहावासा वाटतो कारण पटकथा खूप प्रभावी आहे.,Positive
कथेपासून अभिनयापर्यंत बरेच काही कमकुवत वाटले; काही दृश्ये अजिबात गरजेची वाटत नाहीत.,Negative
"पैसे वसूल चित्रपट, अजिबात निराश करत नाही. दिग्दर्शनातली बारकाई प्रत्येक दृश्यात जाणवते. प्रत्येक कलाकाराने आपल्या भूमिकेला योग्य न्याय दिला आहे. कथा अगदी वेगळी आणि विचार करायला लावणारी आहे.",Positive
सुरुवातीपासून शेवटपर्यंत चित्रपट उत्तम राहतो आणि कथा शेवटपर्यंत पकडून ठेवते.,Positive
"सुरुवातीला कथा सुंदर आणि आकर्षक वाटते. पण पुढे पटकथा पूर्णपणे गोंधळते, पण शेवटी चित्रपट समाधान देत नाही.",Negative
सुरुवातीला कथा सुंदर आणि आकर्षक वाटते; सुंदर नाही असे एकूण चित्रपटाबद्दल म्हणता येणार नाही. तरी दुसऱ्या अर्ध्यात दिग्दर्शन कमकुवत होते. त्यामुळे अंतिम अनुभव अपेक्षाभंग करणारा ठरतो.,Negative
कथाचा भावनिक सादरीकरण नैसर्गिक असून चित्रपटाचा अनुभव मनाला आनंद देतो.,Positive
कथानक आणि विनोदी प्रसंग दोन्ही कमकुवत आहेत; त्यामुळे वेळ वाया गेल्यासारखे वाटले.,Negative
सुरुवातीला कथा सुंदर आणि आकर्षक वाटते; समाधानकारक नाही असे एकूण चित्रपटाबद्दल म्हणता येणार नाही. पण पुढे पटकथा पूर्णपणे गोंधळते. अखेरीस एकूण परिणाम कमकुवत ठरतो.,Negative
या चित्रपटाची कथानक मनाला भिडते आणि प्रत्येक प्रसंग लक्षात राहतो.,Positive
संपूर्ण चित्रपट निराशाजनक आहे आणि कथानक मुळे अनुभव खराब झाला.,Negative
मनाला भिडणारा नाही असे अंतिम निष्कर्ष काढणे योग्य ठरणार नाही. सुरुवातीला कथा सुंदर आणि आकर्षक वाटते; पण पुढे पटकथा पूर्णपणे गोंधळते. एकूण परिणाम वाईट आणि असमाधानकारक राहतो.,Negative
हा चित्रपट पुन्हा पाहावासा वाटत नाही कारण मुख्य कलाकाराचा अभिनय खूप अप्रभावी आहे.,Negative
कथा अजिबात उत्तम नाही आणि अनेक प्रसंग विनाकारण लांबवले आहेत.,Negative
हा चित्रपट खरंच अप्रतिम होता. गाण्यांचे शब्द आणि चाल दोन्ही मनाला भावतात. भावनिक प्रसंगांमध्ये डोळ्यात पाणी आल्याशिवाय राहत नाही. प्रत्येक कलाकाराने आपल्या भूमिकेला योग्य न्याय दिला आहे. सर्वांना शिफारस करेन असा हा चित्रपट आहे.,Positive
चित्रपटाने चित्रपट पाहताना वारंवार कंटाळा आला आणि संवाद खरोखर कंटाळवाणा आहे.,Negative
दिग्दर्शन इतका उत्कृष्ट आहे की भावनिक प्रसंग मनाला स्पर्श करतात.,Positive
या कलाकृतीमध्ये काहीही प्रभावी वाटत नाही; मांडणी खूप सुमार आहे.,Negative
सुरुवात थोडी कंटाळवाणी आणि संथ आहे; कमकुवत नाही असे एकूण चित्रपटाबद्दल म्हणता येणार नाही. तरी पुढे पात्रांचा प्रवास खूप प्रभावी होतो. त्यामुळे चित्रपट पाहिल्याचा निर्णय योग्य वाटतो.,Positive
हा अनुभव प्रभावी नसून खूप अतिशय संथ आहे; शेवट निराश करतो.,Negative
मराठी प्रेक्षकांची निराशा करणारा चित्रपट आहे हा. व्हीएफएक्स इतके स्वस्त वाटतात की हसू येतं. कथेत इतके लॉजिकल गॅप्स आहेत की डोकं दुखायला लागतं. सहकलाकारांचा अभिनयही अगदीच सामान्य आहे. पुन्हा असा चित्रपट बघण्याची इच्छा नाही.,Negative
"चित्रपट पाहताना कुटुंबासोबत पाहण्यासारखा अनुभव मिळतो, कारण पटकथा खूप उत्तम आहे.",Positive
कथानक इतका अंदाजे आहे की चित्रपट पाहिल्यानंतर विशेष काही लक्षात राहत नाही.,Negative
सुरुवातीला कथा सुंदर आणि आकर्षक वाटते; समाधानकारक नाही असे एकूण चित्रपटाबद्दल म्हणता येणार नाही. पण पुढील भाग इतका कंटाळवाणा आहे. एकूण अनुभव मात्र निराशाजनक आहे.,Negative
"चित्रपटात दिग्दर्शन उत्तम आहे, त्यामुळे सर्व कलाकारांची कामगिरी लक्षात राहते.",Positive
यशस्वी नाही असे अंतिम निष्कर्ष काढणे योग्य ठरणार नाही. सुरुवातीला कथा सुंदर आणि आकर्षक वाटते; मात्र नंतर कथा इतकी रटाळ होते. शेवटामुळे आधीचे चांगले क्षणही फिके पडतात.,Negative
हा चित्रपट दर्जेदार वाटतो; चित्रपटाचा अनुभव मनाला आनंद देतो.,Positive
"उगाच हाईप केलेला सिनेमा, प्रत्यक्षात काही दम नाही. कथेत इतके लॉजिकल गॅप्स आहेत की डोकं दुखायला लागतं. व्हीएफएक्स इतके स्वस्त वाटतात की हसू येतं. पूर्णपणे टाइमपास वाया गेला असं वाटलं.",Negative
संपूर्ण चित्रपट आकर्षक आहे आणि कथा मुळे अनुभव आणखी सुंदर झाला.,Positive
"चित्रपट पाहताना चित्रपट पाहून मन प्रसन्न झाले, कारण मुख्य कलाकाराचा अभिनय खूप अप्रतिम आहे.",Positive
"चित्रपट पाहताना चित्रपट पाहताना उत्सुकता कायम राहते, कारण कथा खूप दर्जेदार आहे.",Positive
अभिनय अजिबात खराब नाही आणि कलाकारांची केमिस्ट्री छान आहे. त्यामुळे एकूण अनुभव खूप चांगला झाला.,Positive
सुरुवात थोडी कंटाळवाणी आणि संथ आहे; खराब नाही असे एकूण चित्रपटाबद्दल म्हणता येणार नाही. पण पुढे कथा इतकी सुंदर उलगडते. एकूण परिणाम सकारात्मक आणि समाधान देणारा आहे.,Positive
या कलाकृतीमध्ये काहीही दर्जेदार वाटत नाही; शेवट खूप अस्ताव्यस्त आहे.,Negative
चित्रपटाची कथानक खूप अस्ताव्यस्त आहे आणि चित्रपटाची लांबी त्रासदायक ठरते.,Negative
चित्रपटाने अजिबात निराश केले नाही; दृश्यरचना विशेष नैसर्गिक आहे.,Positive
चित्रपटाची संगीत खूप अंदाजे आहे आणि दिग्दर्शनाने विषयाला योग्य न्याय दिला नाही.,Negative
थिएटरमध्ये जाऊन बघण्यासारखा चित्रपट आहे हा. शेवट अगदी समाधानकारक आणि हृदयस्पर्शी झाला आहे. सर्वांना शिफारस करेन असा हा चित्रपट आहे.,Positive
चित्रपट अजिबात रंजक नाही; उलट कथा खूप अंदाजे आहे.,Negative
या चित्रपटाची कथानक मनाला भिडते आणि वेळ कसा गेला कळले नाही.,Positive
"अपेक्षाभंग करणारा नाही असे अंतिम निष्कर्ष काढणे योग्य ठरणार नाही. सुरुवात थोडी कंटाळवाणी आणि संथ आहे; पण पुढे कथा इतकी सुंदर उलगडते. एकूण अनुभव वाईट नाही, उलट समाधानकारक आहे.",Positive
चित्रपट अजिबात मनमोहक नाही; उलट कथा खूप कंटाळवाणा आहे.,Negative
चित्रपटाने चित्रपट पाहताना वारंवार कंटाळा आला आणि दिग्दर्शन खरोखर अंदाजे आहे.,Negative
हा चित्रपट चांगला नाही आणि कथा खूपच कंटाळवाणी आहे. त्यामुळे पुन्हा पाहण्याची इच्छा होत नाही.,Negative
"एकदम भारी चित्रपट, अपेक्षेपेक्षा जास्त आवडला. दिग्दर्शनातली बारकाई प्रत्येक दृश्यात जाणवते. गाण्यांचे शब्द आणि चाल दोन्ही मनाला भावतात. सर्वांना शिफारस करेन असा हा चित्रपट आहे.",Positive
चित्रपटाची संगीत खूप नैसर्गिक आहे आणि संगीताने प्रसंगांची परिणामकारकता वाढवली.,Positive
या कलाकृतीचा अभिनय प्रभावी असून सर्व कलाकारांची कामगिरी लक्षात राहते.,Positive
चित्रपट अजिबात उत्तम नाही; उलट कथानक खूप कमकुवत आहे.,Negative
हा चित्रपट पुन्हा पाहावासा वाटतो कारण विनोदी प्रसंग खूप दर्जेदार आहे.,Positive
या चित्रपटाची दृश्यरचना मनाला भिडते आणि प्रत्येक प्रसंग लक्षात राहतो.,Positive
हा अनुभव अप्रभावी नसून खूप सुंदर आहे; संगीताने प्रसंगांची परिणामकारकता वाढवली.,Positive
मुख्य कलाकाराचा अभिनय आणि संवाद दोन्ही कंटाळवाणा आहेत; त्यामुळे दिग्दर्शनाने विषयाला योग्य न्याय दिला नाही.,Negative
"चित्रपट पाहताना वेळ कसा गेला कळले नाही, कारण दिग्दर्शन खूप सुंदर आहे.",Positive
हा अनुभव निरस नसून खूप उत्कृष्ट आहे; वेळ कसा गेला कळले नाही.,Positive
कथानकमध्ये काहीही वाईट वाटत नाही; मांडणी खूप आकर्षक आहे.,Positive
सुरुवात थोडी कंटाळवाणी आणि संथ आहे; पण पुढे कथा इतकी सुंदर उलगडते. उणिवा असूनही शेवटी चित्रपट मन जिंकून घेतो.,Positive
"चित्रपटात दिग्दर्शन कमकुवत आहे, त्यामुळे कलाकारांच्या कामगिरीत उत्साह जाणवत नाही.",Negative
चित्रपटाने अजिबात निराश केले नाही; संवाद विशेष रंजक आहे.,Positive
या चित्रपटाची विनोदी प्रसंग निराश करते आणि काही दृश्ये अजिबात गरजेची वाटत नाहीत.,Negative
चित्रपटाची शेवट खूप अप्रतिम आहे आणि कलाकारांनी भूमिका जिवंत केल्या आहेत.,Positive
फारसा वाईट नाही असे अंतिम निष्कर्ष काढणे योग्य ठरणार नाही. सुरुवात थोडी कंटाळवाणी आणि संथ आहे; पण पुढे कथा इतकी सुंदर उलगडते. त्यामुळे चित्रपट पाहिल्याचा निर्णय योग्य वाटतो.,Positive
"क्लासच आहे राव, बघाच एकदा. शेवट अगदी समाधानकारक आणि हृदयस्पर्शी झाला आहे.",Positive
हा चित्रपट उत्तम वाटतो; कुटुंबासोबत पाहण्यासारखा अनुभव मिळतो.,Positive
कथेपासून अभिनयापर्यंत बरेच काही फिका वाटले; चित्रपटाची लांबी त्रासदायक ठरते.,Negative
कथेपासून अभिनयापर्यंत सर्व काही रंजक वाटले; कुटुंबासोबत पाहण्यासारखा अनुभव मिळतो.,Positive
अशा चित्रपटांमुळे मराठी सिनेमाची बदनामी होते. संगीत काहीच लक्षात राहण्यासारखं नाही. अपेक्षा घेऊन गेलात तर नक्कीच निराश व्हाल.,Negative
कथाचा पार्श्वसंगीत मनमोहक असून शेवट समाधानकारक वाटतो.,Positive
मनाला भिडणारा नाही असे अंतिम निष्कर्ष काढणे योग्य ठरणार नाही. सुरुवातीला कथा सुंदर आणि आकर्षक वाटते; तरी दुसऱ्या अर्ध्यात दिग्दर्शन कमकुवत होते. शेवटी चित्रपट समाधान देत नाही.,Negative
सुरुवातीपासून शेवटपर्यंत चित्रपट फिका राहतो आणि पटकथा शेवटपर्यंत प्रभावी राहत नाही.,Negative
चित्रपटाची संवाद खूप अप्रभावी आहे आणि चित्रपट पाहिल्यानंतर विशेष काही लक्षात राहत नाही.,Negative
सुरुवात थोडी कंटाळवाणी आणि संथ आहे; वाईट नाही असे एकूण चित्रपटाबद्दल म्हणता येणार नाही. मात्र दुसऱ्या अर्ध्यात चित्रपट पूर्णपणे बदलतो. चित्रपटाने निराश केले नाही; उलट तो खूप आवडला.,Positive
चित्रपट अजिबात वाईट नाही; उलट शेवट खूप मनमोहक आहे.,Positive
हा चित्रपट अपेक्षेपेक्षा निराशाजनक निघाला आणि भावनिक प्रसंगांचा परिणाम होत नाही.,Negative
सुरुवात थोडी कंटाळवाणी आणि संथ आहे; मनाला न पटणारा नाही असे एकूण चित्रपटाबद्दल म्हणता येणार नाही. तरी पुढे पात्रांचा प्रवास खूप प्रभावी होतो. एकूण परिणाम सकारात्मक आणि समाधान देणारा आहे.,Positive
कथानकमध्ये काहीही उत्तम वाटत नाही; अभिनय खूप कृत्रिम आहे.,Negative
सिनेमागृहातून बाहेर पडताना चेहऱ्यावर हसू होतं. सहकलाकारांचाही अभिनय तितकाच दमदार आहे. भावनिक प्रसंगांमध्ये डोळ्यात पाणी आल्याशिवाय राहत नाही. असे चित्रपट वारंवार यायला हवेत.,Positive
मित्रांच्या सांगण्यावरून गेलो पण खूप पश्चाताप झाला. दिग्दर्शन अगदीच कमकुवत असून प्रसंगांची मांडणी विस्कळीत आहे. पूर्णपणे टाइमपास वाया गेला असं वाटलं.,Negative
दिग्दर्शन प्रभावी नाही आणि कलाकारांना योग्य वाव मिळाला नाही. यामुळे चित्रपटाचा प्रभाव कमी होतो.,Negative
थिएटरमध्ये जाऊन बघण्यासारखा चित्रपट आहे हा. संवाद खूप प्रभावी असून थेट मनाला भिडतात. सहकलाकारांचाही अभिनय तितकाच दमदार आहे. शेवट अगदी समाधानकारक आणि हृदयस्पर्शी झाला आहे. कुटुंबासोबत थिएटरमध्ये जाऊन बघण्यासारखा सिनेमा आहे.,Positive
सुरुवात थोडी कंटाळवाणी आणि संथ आहे; मनाला न पटणारा नाही असे एकूण चित्रपटाबद्दल म्हणता येणार नाही. पण पुढे कथा इतकी सुंदर उलगडते. सुरुवातीच्या उणिवा असूनही हा चित्रपट लक्षात राहतो.,Positive
या कलाकृतीचा छायाचित्रण अप्रतिम असून वेळ कसा गेला कळले नाही.,Positive
सिनेमा सुरु झाल्यापासूनच कंटाळा येऊ लागला. अभिनेत्यांचा अभिनय अगदीच सुमार आणि कृत्रिम वाटला.,Negative
चित्रपट अजिबात निराशाजनक नाही; उलट शेवट खूप रंजक आहे.,Positive
"पूर्ण चित्रपटभर काहीच लॉजिक सापडलं नाही. कथेत काहीच नावीन्य नाही, सगळं आधीच पाहिलेलं वाटतं. OTT वर आला तरी बघावासा वाटत नाही.",Negative
हा चित्रपट नैसर्गिक वाटतो; चित्रपट पाहताना उत्सुकता कायम राहते.,Positive
मनाला न पटणारा नाही असे अंतिम निष्कर्ष काढणे योग्य ठरणार नाही. सुरुवात थोडी कंटाळवाणी आणि संथ आहे; तरी पुढे पात्रांचा प्रवास खूप प्रभावी होतो. चित्रपटाने निराश केले नाही; उलट तो खूप आवडला.,Positive
मित्रांसोबत बघितला आणि सगळ्यांनाच खूप आवडला. गाण्यांचे शब्द आणि चाल दोन्ही मनाला भावतात. या चित्रपटाला पाच पैकी पाच स्टार्स.,Positive
हा अनुभव अप्रतिम नसून खूप अंदाजे आहे; दिग्दर्शनाने विषयाला योग्य न्याय दिला नाही.,Negative
सिनेमागृहातून बाहेर पडताना खूप वैताग आला. दिग्दर्शकाला नेमकं काय दाखवायचं आहे हेच कळत नाही. पार्श्वसंगीत उगाचच मोठ्या आवाजात आणि त्रासदायक वाटतं. क्लायमॅक्स अगदीच अपेक्षित आणि सपक झाला आहे. अपेक्षा घेऊन गेलात तर नक्कीच निराश व्हाल.,Negative
सिनेमा बघून मन अगदी प्रसन्न झालं. संवाद खूप प्रभावी असून थेट मनाला भिडतात. विनोदी प्रसंग अगदी सहज आणि टाइमिंगसह मांडले आहेत.,Positive
चित्रपटाची विनोदी प्रसंग खूप निरस आहे आणि चित्रपट पाहिल्यानंतर विशेष काही लक्षात राहत नाही.,Negative
सुरुवातीला कथा सुंदर आणि आकर्षक वाटते; आशादायक नाही असे एकूण चित्रपटाबद्दल म्हणता येणार नाही. पण पुढे पटकथा पूर्णपणे गोंधळते. एकूण चित्रपट सकारात्मक कारणांसाठी लक्षात राहत नाही.,Negative
यशस्वी नाही असे अंतिम निष्कर्ष काढणे योग्य ठरणार नाही. सुरुवातीला कथा सुंदर आणि आकर्षक वाटते; तरी दुसऱ्या अर्ध्यात दिग्दर्शन कमकुवत होते. शेवटामुळे आधीचे चांगले क्षणही फिके पडतात.,Negative
कथेपासून अभिनयापर्यंत सर्व काही मनमोहक वाटले; कुटुंबासोबत पाहण्यासारखा अनुभव मिळतो.,Positive
वेळेचा आणि पैशांचा पूर्ण अपव्यय झाला. पटकथा खूपच विस्कळीत असल्यामुळे कथा नीट समजतच नाही.,Negative
"चित्रपट पाहताना काही दृश्ये अजिबात गरजेची वाटत नाहीत, कारण पार्श्वसंगीत खूप निराशाजनक आहे.",Negative
सुरुवातीपासून शेवटपर्यंत चित्रपट अतिशय संथ राहतो आणि दिग्दर्शनाने विषयाला योग्य न्याय दिला नाही.,Negative
"थिएटरमध्ये अर्ध्यातच झोप येत होती. गाणी उगाचच घुसवल्यासारखी वाटतात, कथेशी संबंधच नाही.",Negative
"चित्रपट पाहताना सर्व कलाकारांची कामगिरी लक्षात राहते, कारण संगीत खूप प्रभावी आहे.",Positive
चित्रपटचा पार्श्वसंगीत प्रभावी असून कुटुंबासोबत पाहण्यासारखा अनुभव मिळतो.,Positive
कथेपासून अभिनयापर्यंत सर्व काही आकर्षक वाटले; सर्व कलाकारांची कामगिरी लक्षात राहते.,Positive
हा चित्रपट पुन्हा पाहावासा वाटतो कारण दिग्दर्शन खूप आकर्षक आहे.,Positive
पूर्ण कुटुंबासोबत बघण्यासारखा सुंदर चित्रपट आहे. व्हीएफएक्स दर्जेदार असून हॉलिवूडच्या तोडीचे वाटतात. संगीत कानाला खूप गोड लागतं आणि गाणी सुद्धा सुरेख आहेत. कथेची मांडणी अशी आहे की पुढे काय होणार याची उत्सुकता कायम राहते.,Positive
संपूर्ण चित्रपट अप्रतिम आहे आणि कथानक मुळे अनुभव आणखी सुंदर झाला.,Positive
या चित्रपटाची मांडणी निराश करते आणि पटकथा शेवटपर्यंत प्रभावी राहत नाही.,Negative
चित्रपट अजिबात कंटाळवाणा नाही; उलट पार्श्वसंगीत खूप हृदयस्पर्शी आहे.,Positive
चित्रपटाची दिग्दर्शन खूप कमकुवत आहे आणि कलाकारांच्या कामगिरीत उत्साह जाणवत नाही.,Negative
चित्रपटाने चित्रपट पाहून मन प्रसन्न झाले आणि दिग्दर्शन खरोखर हृदयस्पर्शी आहे.,Positive
हा चित्रपट खरंच अप्रतिम होता. कथेची मांडणी अशी आहे की पुढे काय होणार याची उत्सुकता कायम राहते.,Positive
हा चित्रपट कंटाळवाणा वाटतो; पटकथा शेवटपर्यंत प्रभावी राहत नाही.,Negative
हा अनुभव उत्तम नसून खूप निराशाजनक आहे; संवाद कृत्रिम वाटतात.,Negative
"चित्रपट पाहताना कथा शेवटपर्यंत पकडून ठेवते, कारण अभिनय खूप आकर्षक आहे.",Positive
संपूर्ण चित्रपट आकर्षक आहे आणि पार्श्वसंगीत मुळे अनुभव आणखी सुंदर झाला.,Positive
चित्रपटाने पूर्णपणे निराश केले; दिग्दर्शन विशेष गोंधळलेला आहे.,Negative
चित्रपटातील भावनिक सादरीकरण पाहून वेळ वाया गेल्यासारखे वाटले; एकूण अनुभव कृत्रिम आहे.,Negative
कथेपासून अभिनयापर्यंत बरेच काही अप्रभावी वाटले; काही दृश्ये अजिबात गरजेची वाटत नाहीत.,Negative
"अभिनय वाईट नाही असे काही प्रसंगांत वाटते, पण एकूण कामगिरी कमकुवत आहे. यामुळे चित्रपटाचा प्रभाव कमी होतो.",Negative
सुरुवातीला कथा सुंदर आणि आकर्षक वाटते; उत्कृष्ट नाही असे एकूण चित्रपटाबद्दल म्हणता येणार नाही. तरी दुसऱ्या अर्ध्यात दिग्दर्शन कमकुवत होते. शेवटी चित्रपट समाधान देत नाही.,Negative
सुरुवात थोडी कंटाळवाणी आणि संथ आहे; अपेक्षाभंग करणारा नाही असे एकूण चित्रपटाबद्दल म्हणता येणार नाही. पण पुढे कथा इतकी सुंदर उलगडते. एकूण परिणाम सकारात्मक आणि समाधान देणारा आहे.,Positive
हा अनुभव वाईट नसून खूप रंजक आहे; दिग्दर्शकाने विषयाला योग्य न्याय दिला.,Positive
प्रभावी नाही असे अंतिम निष्कर्ष काढणे योग्य ठरणार नाही. सुरुवातीला कथा सुंदर आणि आकर्षक वाटते; पण पुढे पटकथा पूर्णपणे गोंधळते. शेवटामुळे आधीचे चांगले क्षणही फिके पडतात.,Negative
कथाचा पार्श्वसंगीत सुंदर असून कलाकारांनी भूमिका जिवंत केल्या आहेत.,Positive
"खराब नाही असे अंतिम निष्कर्ष काढणे योग्य ठरणार नाही. सुरुवात थोडी कंटाळवाणी आणि संथ आहे; तरी पुढे पात्रांचा प्रवास खूप प्रभावी होतो. एकूण अनुभव वाईट नाही, उलट समाधानकारक आहे.",Positive
या चित्रपटाची कथा मनाला भिडते आणि कलाकारांनी भूमिका जिवंत केल्या आहेत.,Positive
या चित्रपटाची अभिनय मनाला भिडते आणि कुटुंबासोबत पाहण्यासारखा अनुभव मिळतो.,Positive
चित्रपटाने प्रत्येक फ्रेम विचारपूर्वक सादर केली आहे आणि कथानक खरोखर सुंदर आहे.,Positive
सुरुवातीला कथा सुंदर आणि आकर्षक वाटते; समाधानकारक नाही असे एकूण चित्रपटाबद्दल म्हणता येणार नाही. पण पुढे पटकथा पूर्णपणे गोंधळते. त्यामुळे अंतिम अनुभव अपेक्षाभंग करणारा ठरतो.,Negative
चित्रपटाने पूर्णपणे निराश केले; दृश्यरचना विशेष अस्ताव्यस्त आहे.,Negative
कथामध्ये काहीही फिका वाटत नाही; संगीत खूप उत्तम आहे.,Positive
चित्रपटाची मांडणी खूप अप्रतिम आहे आणि शेवट समाधानकारक वाटतो.,Positive
हा अनुभव वाईट नसून खूप दर्जेदार आहे; कलाकारांनी भूमिका जिवंत केल्या आहेत.,Positive
मित्रांसोबत बघितला आणि सगळ्यांनाच खूप आवडला. विनोदी प्रसंग अगदी सहज आणि टाइमिंगसह मांडले आहेत. सर्वांना शिफारस करेन असा हा चित्रपट आहे.,Positive
हा अनुभव अप्रभावी नसून खूप कौतुकास्पद आहे; वेळ कसा गेला कळले नाही.,Positive
चित्रपटातील दिग्दर्शन पाहून वेळ वाया गेल्यासारखे वाटले; एकूण अनुभव कंटाळवाणा आहे.,Negative
चित्रपट अजिबात प्रभावी नाही; उलट दिग्दर्शन खूप गोंधळलेला आहे.,Negative
चित्रपटाने प्रत्येक प्रसंग लक्षात राहतो आणि संगीत खरोखर उत्कृष्ट आहे.,Positive
चित्रपटाची भावनिक सादरीकरण खूप उत्तम आहे आणि सर्व कलाकारांची कामगिरी लक्षात राहते.,Positive
एवढा भिकार सिनेमा अलीकडे बघितला नव्हता. काही कलाकारांची निवडच चुकीची वाटते. पूर्णपणे टाइमपास वाया गेला असं वाटलं.,Negative
चित्रपट अजिबात कंटाळवाणा नाही; उलट संवाद खूप प्रभावी आहे.,Positive
संपूर्ण चित्रपट अप्रभावी आहे आणि भावनिक सादरीकरण मुळे अनुभव खराब झाला.,Negative
पूर्ण कुटुंबासोबत बघण्यासारखा सुंदर चित्रपट आहे. सहकलाकारांचाही अभिनय तितकाच दमदार आहे. क्लायमॅक्स इतका जबरदस्त आहे की अंगावर काटा येतो. अॅक्शन सीन्स एकदम जबरदस्त आणि रिअलिस्टिक वाटतात. पुन्हा एकदा बघायला नक्कीच आवडेल.,Positive
कथानकमध्ये काहीही उत्कृष्ट वाटत नाही; छायाचित्रण खूप कंटाळवाणा आहे.,Negative
"मित्रांसोबत बघितला आणि सगळ्यांनाच खूप आवडला. प्रत्येक कलाकाराने आपल्या भूमिकेला योग्य न्याय दिला आहे. छायाचित्रण अप्रतिम आहे, प्रत्येक फ्रेम एखाद्या चित्रासारखी वाटते.",Positive
हा चित्रपट पुन्हा पाहावासा वाटत नाही कारण शेवट खूप अस्ताव्यस्त आहे.,Negative
संपूर्ण चित्रपट प्रभावी आहे आणि दृश्यरचना मुळे अनुभव आणखी सुंदर झाला.,Positive
शेवट समाधानकारक नव्हता आणि संपूर्ण कथा विस्कळीत वाटली. त्यामुळे पुन्हा पाहण्याची इच्छा होत नाही.,Negative
चित्रपटाची पार्श्वसंगीत खूप अप्रभावी आहे आणि चित्रपट पाहिल्यानंतर विशेष काही लक्षात राहत नाही.,Negative
सुरुवातीला कथा सुंदर आणि आकर्षक वाटते; उत्कृष्ट नाही असे एकूण चित्रपटाबद्दल म्हणता येणार नाही. पण पुढे पटकथा पूर्णपणे गोंधळते. त्यामुळे हा चित्रपट समाधानकारक म्हणता येत नाही.,Negative
संपूर्ण मांडणीमध्ये काहीही अप्रतिम वाटत नाही; मुख्य कलाकाराचा अभिनय खूप सुमार आहे.,Negative
सुरुवातीला कथा सुंदर आणि आकर्षक वाटते; तरी दुसऱ्या अर्ध्यात दिग्दर्शन कमकुवत होते. त्यामुळे हा चित्रपट समाधानकारक म्हणता येत नाही.,Negative
चित्रपटचा मुख्य कलाकाराचा अभिनय सुंदर असून सर्व कलाकारांची कामगिरी लक्षात राहते.,Positive
चांगला नाही असे अंतिम निष्कर्ष काढणे योग्य ठरणार नाही. सुरुवातीला कथा सुंदर आणि आकर्षक वाटते; पण पुढे पटकथा पूर्णपणे गोंधळते. त्यामुळे हा चित्रपट समाधानकारक म्हणता येत नाही.,Negative
कथानकचा भावनिक सादरीकरण कृत्रिम असून चित्रपट पाहिल्यानंतर विशेष काही लक्षात राहत नाही.,Negative
हा चित्रपट फिका वाटतो; काही दृश्ये अजिबात गरजेची वाटत नाहीत.,Negative
पूर्ण कुटुंबासोबत बघण्यासारखा सुंदर चित्रपट आहे. क्लायमॅक्स इतका जबरदस्त आहे की अंगावर काटा येतो.,Positive
कथा अजिबात उत्तम नाही आणि चित्रपट पाहताना वारंवार कंटाळा आला.,Negative
यशस्वी नाही असे अंतिम निष्कर्ष काढणे योग्य ठरणार नाही. सुरुवातीला कथा सुंदर आणि आकर्षक वाटते; पण पुढे पटकथा पूर्णपणे गोंधळते. शेवटामुळे आधीचे चांगले क्षणही फिके पडतात.,Negative
या चित्रपटाची अभिनय निराश करते आणि दिग्दर्शनाने विषयाला योग्य न्याय दिला नाही.,Negative
भावनिक सादरीकरण आणि पार्श्वसंगीत दोन्ही अंदाजे आहेत; त्यामुळे कथानकात नवीनपणा जाणवत नाही.,Negative
संपूर्ण चित्रपट निरस आहे आणि शेवट मुळे अनुभव खराब झाला.,Negative
कथामध्ये काहीही फिका वाटत नाही; विनोदी प्रसंग खूप नैसर्गिक आहे.,Positive
सुरुवात थोडी कंटाळवाणी आणि संथ आहे; निराशाजनक नाही असे एकूण चित्रपटाबद्दल म्हणता येणार नाही. पण पुढे कथा इतकी सुंदर उलगडते. उणिवा असूनही शेवटी चित्रपट मन जिंकून घेतो.,Positive
हा चित्रपट पुन्हा पाहावासा वाटत नाही कारण छायाचित्रण खूप कमकुवत आहे.,Negative
कथा साधी असली तरी अजिबात वाईट नाही. चित्रपट पाहताना उत्सुकता कायम राहते.,Positive
चित्रपटातील कथा पाहून काही दृश्ये अजिबात गरजेची वाटत नाहीत; एकूण अनुभव कंटाळवाणा आहे.,Negative
चित्रपट अजिबात फिका नाही; उलट भावनिक सादरीकरण खूप मनमोहक आहे.,Positive
"उगाच हाईप केलेला सिनेमा, प्रत्यक्षात काही दम नाही. भावनिक प्रसंगांमध्ये सुद्धा काहीच परिणाम जाणवत नाही. पूर्णपणे टाइमपास वाया गेला असं वाटलं.",Negative
चित्रपटमध्ये काहीही सुंदर वाटत नाही; पटकथा खूप अस्ताव्यस्त आहे.,Negative
संपूर्ण चित्रपट हृदयस्पर्शी आहे आणि भावनिक सादरीकरण मुळे अनुभव आणखी सुंदर झाला.,Positive
हा चित्रपट सुमार वाटतो; अनेक प्रसंग विनाकारण लांबवले आहेत.,Negative
चित्रपटाने पूर्णपणे निराश केले; संगीत विशेष अतिशय संथ आहे.,Negative
चित्रपटातील भावनिक सादरीकरण पाहून कथानकात नवीनपणा जाणवत नाही; एकूण अनुभव कृत्रिम आहे.,Negative
"सुरुवात थोडी कंटाळवाणी आणि संथ आहे; असमाधानकारक नाही असे एकूण चित्रपटाबद्दल म्हणता येणार नाही. पण पुढे कथा इतकी सुंदर उलगडते. शेवट अजिबात खराब नाही, उलट मनाला भिडतो.",Positive
गाणी अजिबात लक्षात राहत नाहीत आणि पार्श्वसंगीतही कमजोर आहे. यामुळे चित्रपटाचा प्रभाव कमी होतो.,Negative
हा चित्रपट पुन्हा पाहावासा वाटतो कारण विनोदी प्रसंग खूप उत्तम आहे.,Positive
आशादायक नाही असे अंतिम निष्कर्ष काढणे योग्य ठरणार नाही. सुरुवातीला कथा सुंदर आणि आकर्षक वाटते; मात्र नंतर कथा इतकी रटाळ होते. अखेरीस एकूण परिणाम कमकुवत ठरतो.,Negative
अगदीच वाईट्ट आहे गड्या हा सिनेमा.,Negative
हा अनुभव दर्जेदार नसून खूप गोंधळलेला आहे; कथानकात नवीनपणा जाणवत नाही.,Negative
उत्तम नाही असे अंतिम निष्कर्ष काढणे योग्य ठरणार नाही. सुरुवातीला कथा सुंदर आणि आकर्षक वाटते; तरी दुसऱ्या अर्ध्यात दिग्दर्शन कमकुवत होते. एकूण परिणाम वाईट आणि असमाधानकारक राहतो.,Negative
चित्रपटाने अजिबात निराश केले नाही; छायाचित्रण विशेष दर्जेदार आहे.,Positive
सुरुवात थोडी कंटाळवाणी आणि संथ आहे; वाईट नाही असे एकूण चित्रपटाबद्दल म्हणता येणार नाही. मात्र दुसऱ्या अर्ध्यात चित्रपट पूर्णपणे बदलतो. त्यामुळे चित्रपट पाहिल्याचा निर्णय योग्य वाटतो.,Positive
चित्रपटाची विनोदी प्रसंग खूप सुमार आहे आणि अनेक प्रसंग विनाकारण लांबवले आहेत.,Negative
कथेपासून अभिनयापर्यंत सर्व काही हृदयस्पर्शी वाटले; चित्रपट पाहून मन प्रसन्न झाले.,Positive
"अपेक्षा खूप होत्या पण चित्रपटाने साफ निराश केलं. कथेत काहीच नावीन्य नाही, सगळं आधीच पाहिलेलं वाटतं. काही कलाकारांची निवडच चुकीची वाटते. संगीत काहीच लक्षात राहण्यासारखं नाही.",Negative
छायाचित्रण आणि विनोदी प्रसंग दोन्ही रंजक आहेत; त्यामुळे संगीताने प्रसंगांची परिणामकारकता वाढवली.,Positive
चित्रपटाने अजिबात निराश केले नाही; पार्श्वसंगीत विशेष उत्कृष्ट आहे.,Positive
चित्रपटातील संवाद पाहून प्रत्येक फ्रेम विचारपूर्वक सादर केली आहे; एकूण अनुभव उत्कृष्ट आहे.,Positive
सुरुवातीला कथा सुंदर आणि आकर्षक वाटते; उत्तम नाही असे एकूण चित्रपटाबद्दल म्हणता येणार नाही. तरी दुसऱ्या अर्ध्यात दिग्दर्शन कमकुवत होते. अखेरीस एकूण परिणाम कमकुवत ठरतो.,Negative
कथानक आणि कथा दोन्ही सुमार आहेत; त्यामुळे संवाद कृत्रिम वाटतात.,Negative
"हा सिनेमा वाईट नाही असे वाटावे अशी सुरुवात झाली, पण पुढे तो खूप कंटाळवाणा झाला. एकूण अनुभव समाधानकारक वाटत नाही.",Negative
चित्रपट अजिबात वाईट नाही; उलट विनोदी प्रसंग खूप उत्कृष्ट आहे.,Positive
चित्रपटाने पूर्णपणे निराश केले; कथानक विशेष फिका आहे.,Negative
काहीच खास नव्हतं या चित्रपटात. काही कलाकारांची निवडच चुकीची वाटते.,Negative
पटकथा आणि अभिनय दोन्ही रंजक आहेत; त्यामुळे चित्रपटाचा अनुभव मनाला आनंद देतो.,Positive
सुरुवातीपासून शेवटपर्यंत चित्रपट उत्कृष्ट राहतो आणि वेळ कसा गेला कळले नाही.,Positive
संपूर्ण चित्रपट उत्तम आहे आणि छायाचित्रण मुळे अनुभव आणखी सुंदर झाला.,Positive
संपूर्ण मांडणीमध्ये काहीही प्रभावी वाटत नाही; दृश्यरचना खूप फिका आहे.,Negative
कथानकमध्ये काहीही मनमोहक वाटत नाही; मुख्य कलाकाराचा अभिनय खूप कमकुवत आहे.,Negative
हा अनुभव उत्कृष्ट नसून खूप अतिशय संथ आहे; चित्रपट पाहिल्यानंतर विशेष काही लक्षात राहत नाही.,Negative
सुरुवातीपासून शेवटपर्यंत चित्रपट निराशाजनक राहतो आणि अनेक प्रसंग विनाकारण लांबवले आहेत.,Negative
कथा अजिबात फिका नाही आणि वेळ कसा गेला कळले नाही.,Positive
सुंदर नाही असे अंतिम निष्कर्ष काढणे योग्य ठरणार नाही. सुरुवातीला कथा सुंदर आणि आकर्षक वाटते; मात्र नंतर कथा इतकी रटाळ होते. शेवटामुळे आधीचे चांगले क्षणही फिके पडतात.,Negative
चित्रपटातील अभिनय पाहून भावनिक प्रसंग मनाला स्पर्श करतात; एकूण अनुभव प्रभावी आहे.,Positive
संवाद इतका सुमार आहे की कलाकारांच्या कामगिरीत उत्साह जाणवत नाही.,Negative
या चित्रपटाची कथा निराश करते आणि पटकथा शेवटपर्यंत प्रभावी राहत नाही.,Negative
सुरुवातीला कथा सुंदर आणि आकर्षक वाटते; उत्कृष्ट नाही असे एकूण चित्रपटाबद्दल म्हणता येणार नाही. पण पुढील भाग इतका कंटाळवाणा आहे. एकूण अनुभव मात्र निराशाजनक आहे.,Negative
आशादायक नाही असे अंतिम निष्कर्ष काढणे योग्य ठरणार नाही. सुरुवातीला कथा सुंदर आणि आकर्षक वाटते; मात्र नंतर कथा इतकी रटाळ होते. एकूण अनुभव मात्र निराशाजनक आहे.,Negative
हा अनुभव रंजक नसून खूप अस्ताव्यस्त आहे; चित्रपटाची लांबी त्रासदायक ठरते.,Negative
पूर्ण कुटुंबासोबत बघण्यासारखा सुंदर चित्रपट आहे. शेवट अगदी समाधानकारक आणि हृदयस्पर्शी झाला आहे. अभिनेत्यांचा अभिनय खूपच नैसर्गिक आणि प्रभावी वाटला.,Positive
चित्रपटाने वेळ वाया गेल्यासारखे वाटले आणि संवाद खरोखर अंदाजे आहे.,Negative
हा चित्रपट सुमार वाटतो; कलाकारांच्या कामगिरीत उत्साह जाणवत नाही.,Negative
हा अनुभव अप्रतिम नसून खूप अंदाजे आहे; काही दृश्ये अजिबात गरजेची वाटत नाहीत.,Negative
चित्रपटाची मुख्य कलाकाराचा अभिनय खूप नैसर्गिक आहे आणि सर्व कलाकारांची कामगिरी लक्षात राहते.,Positive
सुरुवातीला कथा सुंदर आणि आकर्षक वाटते; चांगला नाही असे एकूण चित्रपटाबद्दल म्हणता येणार नाही. मात्र नंतर कथा इतकी रटाळ होते. एकूण अनुभव मात्र निराशाजनक आहे.,Negative
सुरुवातीला कथा सुंदर आणि आकर्षक वाटते; प्रभावी नाही असे एकूण चित्रपटाबद्दल म्हणता येणार नाही. मात्र नंतर कथा इतकी रटाळ होते. अखेरीस एकूण परिणाम कमकुवत ठरतो.,Negative
हा चित्रपट उत्कृष्ट वाटतो; कलाकारांनी भूमिका जिवंत केल्या आहेत.,Positive
सुरुवात थोडी कंटाळवाणी आणि संथ आहे; खराब नाही असे एकूण चित्रपटाबद्दल म्हणता येणार नाही. मात्र दुसऱ्या अर्ध्यात चित्रपट पूर्णपणे बदलतो. अखेरीस हा अनुभव अजिबात असमाधानकारक राहत नाही.,Positive
सुरुवातीला कथा सुंदर आणि आकर्षक वाटते; उत्तम नाही असे एकूण चित्रपटाबद्दल म्हणता येणार नाही. तरी दुसऱ्या अर्ध्यात दिग्दर्शन कमकुवत होते. त्यामुळे सुंदर क्षण असूनही चित्रपट आवडत नाही.,Negative
विनोदी प्रसंग आणि दृश्यरचना दोन्ही मनमोहक आहेत; त्यामुळे चित्रपट पाहताना उत्सुकता कायम राहते.,Positive
कथानकमध्ये काहीही प्रभावी वाटत नाही; पार्श्वसंगीत खूप कमकुवत आहे.,Negative
सुरुवात थोडी कंटाळवाणी आणि संथ आहे; कमकुवत नाही असे एकूण चित्रपटाबद्दल म्हणता येणार नाही. तरी पुढे पात्रांचा प्रवास खूप प्रभावी होतो. चित्रपटाने निराश केले नाही; उलट तो खूप आवडला.,Positive
"सुरुवात थोडी कंटाळवाणी आणि संथ आहे; मनाला न पटणारा नाही असे एकूण चित्रपटाबद्दल म्हणता येणार नाही. पण शेवटच्या भागात सुरुवातीच्या उणिवा मागे पडतात. शेवट अजिबात खराब नाही, उलट मनाला भिडतो.",Positive
टकाटक अपेक्षा होती पण सगळं फेल. संगीत काहीच लक्षात राहण्यासारखं नाही.,Negative
सुरुवातीला कथा सुंदर आणि आकर्षक वाटते; आशादायक नाही असे एकूण चित्रपटाबद्दल म्हणता येणार नाही. मात्र नंतर कथा इतकी रटाळ होते. एकूण अनुभव मात्र निराशाजनक आहे.,Negative
सुरुवातीपासून शेवटपर्यंत चित्रपट हृदयस्पर्शी राहतो आणि कथा शेवटपर्यंत पकडून ठेवते.,Positive
"चित्रपट पाहताना चित्रपट पाहताना वारंवार कंटाळा आला, कारण विनोदी प्रसंग खूप कृत्रिम आहे.",Negative
हा चित्रपट पुन्हा पाहावासा वाटत नाही कारण पार्श्वसंगीत खूप अंदाजे आहे.,Negative
खूप दिवसांनी असा जबरदस्त चित्रपट पाहिला. विनोदी प्रसंग अगदी सहज आणि टाइमिंगसह मांडले आहेत.,Positive
कथानक आणि विनोदी प्रसंग दोन्ही अंदाजे आहेत; त्यामुळे कथा पुढे सरकत नाही.,Negative
कथानकचा कथानक सुमार असून भावनिक प्रसंगांचा परिणाम होत नाही.,Negative
चित्रपटाने अजिबात निराश केले नाही; पटकथा विशेष प्रभावी आहे.,Positive
सुरुवातीपासून शेवटपर्यंत चित्रपट अंदाजे राहतो आणि अनेक प्रसंग विनाकारण लांबवले आहेत.,Negative
कथेपासून अभिनयापर्यंत सर्व काही प्रभावी वाटले; चित्रपट पाहून मन प्रसन्न झाले.,Positive
मनाला न पटणारा नाही असे अंतिम निष्कर्ष काढणे योग्य ठरणार नाही. सुरुवात थोडी कंटाळवाणी आणि संथ आहे; पण पुढे कथा इतकी सुंदर उलगडते. त्यामुळे चित्रपट पाहिल्याचा निर्णय योग्य वाटतो.,Positive
या चित्रपटाची अभिनय निराश करते आणि वेळ वाया गेल्यासारखे वाटले.,Negative
हा चित्रपट पुन्हा पाहावासा वाटतो कारण अभिनय खूप मनमोहक आहे.,Positive
दिग्दर्शन आणि संवाद दोन्ही निराशाजनक आहेत; त्यामुळे कथानकात नवीनपणा जाणवत नाही.,Negative
संपूर्ण मांडणीचा दिग्दर्शन अप्रभावी असून दिग्दर्शनाने विषयाला योग्य न्याय दिला नाही.,Negative
संपूर्ण चित्रपट कौतुकास्पद आहे आणि कथानक मुळे अनुभव आणखी सुंदर झाला.,Positive
"काहीच खास नाही, निराशाच झाली.",Negative
हा अनुभव कंटाळवाणा नसून खूप सुंदर आहे; प्रत्येक फ्रेम विचारपूर्वक सादर केली आहे.,Positive
"एकदम भारी चित्रपट, अपेक्षेपेक्षा जास्त आवडला. अॅक्शन सीन्स एकदम जबरदस्त आणि रिअलिस्टिक वाटतात. गाण्यांचे शब्द आणि चाल दोन्ही मनाला भावतात. असे चित्रपट वारंवार यायला हवेत.",Positive
कथा अजिबात कमकुवत नाही आणि प्रत्येक फ्रेम विचारपूर्वक सादर केली आहे.,Positive
खूप दिवसांनी असा जबरदस्त चित्रपट पाहिला. व्हीएफएक्स दर्जेदार असून हॉलिवूडच्या तोडीचे वाटतात.,Positive
चित्रपटाची संवाद खूप गोंधळलेला आहे आणि भावनिक प्रसंगांचा परिणाम होत नाही.,Negative
पार्श्वसंगीत इतका उत्तम आहे की संगीताने प्रसंगांची परिणामकारकता वाढवली.,Positive
सुरुवात थोडी कंटाळवाणी आणि संथ आहे; असमाधानकारक नाही असे एकूण चित्रपटाबद्दल म्हणता येणार नाही. तरी पुढे पात्रांचा प्रवास खूप प्रभावी होतो. सुरुवातीच्या उणिवा असूनही हा चित्रपट लक्षात राहतो.,Positive
"चित्रपट पाहताना कुटुंबासोबत पाहण्यासारखा अनुभव मिळतो, कारण मुख्य कलाकाराचा अभिनय खूप अप्रतिम आहे.",Positive
हा अनुभव अप्रतिम नसून खूप सुमार आहे; चित्रपट पाहताना वारंवार कंटाळा आला.,Negative
"थिएटरमध्ये अर्ध्यातच झोप येत होती. गाणी उगाचच घुसवल्यासारखी वाटतात, कथेशी संबंधच नाही. छायाचित्रण अगदीच सामान्य दर्जाचं आहे. अपेक्षा घेऊन गेलात तर नक्कीच निराश व्हाल.",Negative
सुरुवात थोडी कंटाळवाणी आणि संथ आहे; कंटाळवाणा नाही असे एकूण चित्रपटाबद्दल म्हणता येणार नाही. मात्र दुसऱ्या अर्ध्यात चित्रपट पूर्णपणे बदलतो. सुरुवातीच्या उणिवा असूनही हा चित्रपट लक्षात राहतो.,Positive
हा चित्रपट सुंदर वाटतो; शेवट समाधानकारक वाटतो.,Positive
हा अनुभव कंटाळवाणा नसून खूप रंजक आहे; दिग्दर्शकाने विषयाला योग्य न्याय दिला.,Positive
सुरुवातीपासून शेवटपर्यंत चित्रपट सुमार राहतो आणि संवाद कृत्रिम वाटतात.,Negative
चित्रपटातील शेवट पाहून चित्रपट पाहून मन प्रसन्न झाले; एकूण अनुभव प्रभावी आहे.,Positive
डोकं दुखवणारा सिनेमा आहे हा.,Negative
भावनिक सादरीकरण इतका कंटाळवाणा आहे की कथा पुढे सरकत नाही.,Negative
कथेपासून अभिनयापर्यंत बरेच काही कमकुवत वाटले; अनेक प्रसंग विनाकारण लांबवले आहेत.,Negative
हा चित्रपट अपेक्षेपेक्षा रंजक निघाला आणि वेळ कसा गेला कळले नाही.,Positive
हा चित्रपट पुन्हा पाहावासा वाटत नाही कारण दृश्यरचना खूप गोंधळलेला आहे.,Negative
"चित्रपटात मांडणी कमकुवत आहे, त्यामुळे वेळ वाया गेल्यासारखे वाटले.",Negative
सुरुवातीला कथा सुंदर आणि आकर्षक वाटते; उत्तम नाही असे एकूण चित्रपटाबद्दल म्हणता येणार नाही. पण पुढे पटकथा पूर्णपणे गोंधळते. त्यामुळे सुंदर क्षण असूनही चित्रपट आवडत नाही.,Negative
"चित्रपट पाहताना पटकथा शेवटपर्यंत प्रभावी राहत नाही, कारण शेवट खूप कृत्रिम आहे.",Negative
सुरुवातीला कथा सुंदर आणि आकर्षक वाटते; सुंदर नाही असे एकूण चित्रपटाबद्दल म्हणता येणार नाही. पण पुढे पटकथा पूर्णपणे गोंधळते. शेवटी चित्रपट समाधान देत नाही.,Negative
थिएटरमध्ये अर्ध्यातच झोप येत होती. काही कलाकारांची निवडच चुकीची वाटते.,Negative
सिनेमागृहातून बाहेर पडताना खूप वैताग आला. शेवट इतका घाईघाईत गुंडाळलेला आहे की निराशा होते. पार्श्वसंगीत उगाचच मोठ्या आवाजात आणि त्रासदायक वाटतं.,Negative
"चित्रपटात दिग्दर्शन उत्तम आहे, त्यामुळे दिग्दर्शकाने विषयाला योग्य न्याय दिला.",Positive
हा चित्रपट पुन्हा पाहावासा वाटत नाही कारण मुख्य कलाकाराचा अभिनय खूप अस्ताव्यस्त आहे.,Negative
चित्रपटाने संवाद कृत्रिम वाटतात आणि मुख्य कलाकाराचा अभिनय खरोखर कमकुवत आहे.,Negative
मित्रांच्या सांगण्यावरून गेलो पण खूप पश्चाताप झाला. व्हीएफएक्स इतके स्वस्त वाटतात की हसू येतं. या चित्रपटाला दोन पैकी अर्धा स्टार सुद्धा जास्त आहे.,Negative
कथा अजिबात कमकुवत नाही आणि शेवट समाधानकारक वाटतो.,Positive
निराश केले नाही असे अंतिम निष्कर्ष काढणे योग्य ठरणार नाही. सुरुवात थोडी कंटाळवाणी आणि संथ आहे; तरी पुढे पात्रांचा प्रवास खूप प्रभावी होतो. त्यामुळे सुरुवातीचे नकारात्मक संकेत दिशाभूल करणारे ठरतात.,Positive
सुरुवातीला कथा सुंदर आणि आकर्षक वाटते; मनाला भिडणारा नाही असे एकूण चित्रपटाबद्दल म्हणता येणार नाही. पण पुढील भाग इतका कंटाळवाणा आहे. एकूण अनुभव मात्र निराशाजनक आहे.,Negative
संपूर्ण चित्रपट सुंदर आहे आणि छायाचित्रण मुळे अनुभव आणखी सुंदर झाला.,Positive
हा चित्रपट पुन्हा पाहावासा वाटत नाही कारण शेवट खूप अंदाजे आहे.,Negative
मांडणी इतका दर्जेदार आहे की कलाकारांनी भूमिका जिवंत केल्या आहेत.,Positive
चित्रपट अजिबात अप्रभावी नाही; उलट भावनिक सादरीकरण खूप उत्कृष्ट आहे.,Positive
या कलाकृतीमध्ये काहीही दर्जेदार वाटत नाही; मांडणी खूप अतिशय संथ आहे.,Negative
सुरुवातीला कथा सुंदर आणि आकर्षक वाटते; मनाला भिडणारा नाही असे एकूण चित्रपटाबद्दल म्हणता येणार नाही. तरी दुसऱ्या अर्ध्यात दिग्दर्शन कमकुवत होते. एकूण परिणाम वाईट आणि असमाधानकारक राहतो.,Negative
चित्रपटातील संवाद पाहून दिग्दर्शकाने विषयाला योग्य न्याय दिला; एकूण अनुभव आकर्षक आहे.,Positive
हा चित्रपट खरंच अप्रतिम होता. सहकलाकारांचाही अभिनय तितकाच दमदार आहे. या चित्रपटाला पाच पैकी पाच स्टार्स.,Positive
चित्रपटाने अजिबात निराश केले नाही; अभिनय विशेष उत्कृष्ट आहे.,Positive
"चित्रपट पाहताना चित्रपट पाहताना वारंवार कंटाळा आला, कारण विनोदी प्रसंग खूप कमकुवत आहे.",Negative
"खरंच अशा चित्रपटांची गरज आहे मराठी सृष्टीला. छायाचित्रण अप्रतिम आहे, प्रत्येक फ्रेम एखाद्या चित्रासारखी वाटते. मराठी चित्रपटसृष्टीसाठी अभिमानास्पद कलाकृती आहे.",Positive
सिनेमा बघून मन अगदी प्रसन्न झालं. संवाद खूप प्रभावी असून थेट मनाला भिडतात. कथेची मांडणी अशी आहे की पुढे काय होणार याची उत्सुकता कायम राहते.,Positive
चित्रपटाची भावनिक सादरीकरण खूप प्रभावी आहे आणि प्रत्येक प्रसंग लक्षात राहतो.,Positive
सुरुवातीला कथा सुंदर आणि आकर्षक वाटते; चांगला नाही असे एकूण चित्रपटाबद्दल म्हणता येणार नाही. मात्र नंतर कथा इतकी रटाळ होते. त्यामुळे अंतिम अनुभव अपेक्षाभंग करणारा ठरतो.,Negative
कथा अजिबात दर्जेदार नाही आणि कलाकारांच्या कामगिरीत उत्साह जाणवत नाही.,Negative
सुरुवात थोडी कंटाळवाणी आणि संथ आहे; अपेक्षाभंग करणारा नाही असे एकूण चित्रपटाबद्दल म्हणता येणार नाही. तरी पुढे पात्रांचा प्रवास खूप प्रभावी होतो. त्यामुळे सुरुवातीचे नकारात्मक संकेत दिशाभूल करणारे ठरतात.,Positive
चित्रपट अजिबात मनमोहक नाही; उलट छायाचित्रण खूप अप्रभावी आहे.,Negative
मांडणी इतका अस्ताव्यस्त आहे की काही दृश्ये अजिबात गरजेची वाटत नाहीत.,Negative
एवढा भिकार सिनेमा अलीकडे बघितला नव्हता. अभिनेत्यांचा अभिनय अगदीच सुमार आणि कृत्रिम वाटला. संवाद खूपच सुमार आणि ओढून ताणून लिहिलेले वाटतात.,Negative
चित्रपटाची पार्श्वसंगीत खूप अतिशय संथ आहे आणि अनेक प्रसंग विनाकारण लांबवले आहेत.,Negative
हा चित्रपट खरंच अप्रतिम होता. मुख्य कलाकारांनी आपापल्या भूमिका उत्कृष्टपणे साकारल्या आहेत. सहकलाकारांचाही अभिनय तितकाच दमदार आहे. सर्वांना शिफारस करेन असा हा चित्रपट आहे.,Positive
कथा अजिबात उत्तम नाही आणि भावनिक प्रसंगांचा परिणाम होत नाही.,Negative
"चित्रपट पाहताना संगीताने प्रसंगांची परिणामकारकता वाढवली, कारण संगीत खूप उत्तम आहे.",Positive
"एकदम भारी चित्रपट, अपेक्षेपेक्षा जास्त आवडला. कथा अगदी वेगळी आणि विचार करायला लावणारी आहे. मराठी चित्रपटसृष्टीसाठी अभिमानास्पद कलाकृती आहे.",Positive
इतका रटाळ चित्रपट खूप दिवसांनी पाहिला. शेवट इतका घाईघाईत गुंडाळलेला आहे की निराशा होते. सहकलाकारांचा अभिनयही अगदीच सामान्य आहे.,Negative
चित्रपटातील शेवट पाहून दिग्दर्शकाने विषयाला योग्य न्याय दिला; एकूण अनुभव सुंदर आहे.,Positive
संपूर्ण मांडणीचा दिग्दर्शन अप्रतिम असून प्रत्येक फ्रेम विचारपूर्वक सादर केली आहे.,Positive
कथा अजिबात कमकुवत नाही आणि भावनिक प्रसंग मनाला स्पर्श करतात.,Positive
चित्रपटाने अजिबात निराश केले नाही; संवाद विशेष हृदयस्पर्शी आहे.,Positive
सिनेमा सुरु झाल्यापासूनच कंटाळा येऊ लागला. शेवट इतका घाईघाईत गुंडाळलेला आहे की निराशा होते. पुन्हा असा चित्रपट बघण्याची इच्छा नाही.,Negative
चित्रपटाची छायाचित्रण खूप उत्कृष्ट आहे आणि शेवट समाधानकारक वाटतो.,Positive
चित्रपटातील दृश्यरचना पाहून काही दृश्ये अजिबात गरजेची वाटत नाहीत; एकूण अनुभव निराशाजनक आहे.,Negative
संपूर्ण चित्रपट अप्रतिम आहे आणि कथा मुळे अनुभव आणखी सुंदर झाला.,Positive
चित्रपटाची पटकथा खूप अस्ताव्यस्त आहे आणि वेळ वाया गेल्यासारखे वाटले.,Negative
सिनेमा सुरुवातीपासून शेवटपर्यंत खिळवून ठेवतो. सहकलाकारांचाही अभिनय तितकाच दमदार आहे. विनोदी प्रसंग अगदी सहज आणि टाइमिंगसह मांडले आहेत. सर्वांना शिफारस करेन असा हा चित्रपट आहे.,Positive
हा चित्रपट निरस वाटतो; चित्रपट पाहताना वारंवार कंटाळा आला.,Negative
चांगला नाही असे अंतिम निष्कर्ष काढणे योग्य ठरणार नाही. सुरुवातीला कथा सुंदर आणि आकर्षक वाटते; तरी दुसऱ्या अर्ध्यात दिग्दर्शन कमकुवत होते. शेवटामुळे आधीचे चांगले क्षणही फिके पडतात.,Negative
कथामध्ये काहीही सुंदर वाटत नाही; दृश्यरचना खूप अप्रभावी आहे.,Negative
दृश्यरचना इतका अप्रभावी आहे की चित्रपट पाहिल्यानंतर विशेष काही लक्षात राहत नाही.,Negative
कथामध्ये काहीही प्रभावी वाटत नाही; अभिनय खूप फिका आहे.,Negative
या कलाकृतीचा अभिनय निरस असून दिग्दर्शनाने विषयाला योग्य न्याय दिला नाही.,Negative
हा चित्रपट उत्कृष्ट वाटतो; कथा शेवटपर्यंत पकडून ठेवते.,Positive
हा चित्रपट खरंच अप्रतिम होता. गाण्यांचे शब्द आणि चाल दोन्ही मनाला भावतात. विनोदी प्रसंग अगदी सहज आणि टाइमिंगसह मांडले आहेत.,Positive
खूप दिवसांनी असा जबरदस्त चित्रपट पाहिला. प्रत्येक कलाकाराने आपल्या भूमिकेला योग्य न्याय दिला आहे. एकदा तरी नक्की बघावा असा हा चित्रपट आहे.,Positive
कथानकचा शेवट सुंदर असून शेवट समाधानकारक वाटतो.,Positive
मनाला भिडणारा नाही असे अंतिम निष्कर्ष काढणे योग्य ठरणार नाही. सुरुवातीला कथा सुंदर आणि आकर्षक वाटते; मात्र नंतर कथा इतकी रटाळ होते. त्यामुळे सुंदर क्षण असूनही चित्रपट आवडत नाही.,Negative
संपूर्ण चित्रपट गोंधळलेला आहे आणि विनोदी प्रसंग मुळे अनुभव खराब झाला.,Negative
संपूर्ण मांडणीचा भावनिक सादरीकरण फिका असून अनेक प्रसंग विनाकारण लांबवले आहेत.,Negative
अभिनय आणि पटकथा दोन्ही मनमोहक आहेत; त्यामुळे प्रत्येक फ्रेम विचारपूर्वक सादर केली आहे.,Positive
सिनेमागृहातून बाहेर पडताना खूप वैताग आला. क्लायमॅक्स अगदीच अपेक्षित आणि सपक झाला आहे. व्हीएफएक्स इतके स्वस्त वाटतात की हसू येतं.,Negative
कथामध्ये काहीही कमकुवत वाटत नाही; दिग्दर्शन खूप आकर्षक आहे.,Positive
चित्रपटातील छायाचित्रण पाहून सर्व कलाकारांची कामगिरी लक्षात राहते; एकूण अनुभव हृदयस्पर्शी आहे.,Positive
चित्रपटाची पार्श्वसंगीत खूप आकर्षक आहे आणि वेळ कसा गेला कळले नाही.,Positive
हा चित्रपट सुंदर वाटतो; सर्व कलाकारांची कामगिरी लक्षात राहते.,Positive
संगीत आणि भावनिक सादरीकरण दोन्ही रंजक आहेत; त्यामुळे वेळ कसा गेला कळले नाही.,Positive
चित्रपटाने पूर्णपणे निराश केले; शेवट विशेष फिका आहे.,Negative
"चित्रपटात अभिनय कमकुवत आहे, त्यामुळे चित्रपट पाहताना वारंवार कंटाळा आला.",Negative
या कलाकृतीमध्ये काहीही प्रभावी वाटत नाही; पटकथा खूप अप्रभावी आहे.,Negative
"पूर्ण चित्रपटभर काहीच लॉजिक सापडलं नाही. गाणी उगाचच घुसवल्यासारखी वाटतात, कथेशी संबंधच नाही. कथेत काहीच नावीन्य नाही, सगळं आधीच पाहिलेलं वाटतं. पूर्णपणे टाइमपास वाया गेला असं वाटलं.",Negative
सिनेमा सुरुवातीपासून शेवटपर्यंत खिळवून ठेवतो. भावनिक प्रसंगांमध्ये डोळ्यात पाणी आल्याशिवाय राहत नाही. कथेची मांडणी अशी आहे की पुढे काय होणार याची उत्सुकता कायम राहते. एकदा तरी नक्की बघावा असा हा चित्रपट आहे.,Positive
चित्रपटातील शेवट पाहून शेवट समाधानकारक वाटतो; एकूण अनुभव उत्कृष्ट आहे.,Positive
हा चित्रपट चांगला नाही आणि कथा खूपच कंटाळवाणी आहे. त्यामुळे चित्रपट फारसा प्रभावी वाटत नाही.,Negative
चांगला नाही असे अंतिम निष्कर्ष काढणे योग्य ठरणार नाही. सुरुवातीला कथा सुंदर आणि आकर्षक वाटते; पण पुढे पटकथा पूर्णपणे गोंधळते. शेवटामुळे आधीचे चांगले क्षणही फिके पडतात.,Negative
चित्रपटातील अभिनय पाहून कथा पुढे सरकत नाही; एकूण अनुभव अप्रभावी आहे.,Negative
कथानक इतका अप्रतिम आहे की शेवट समाधानकारक वाटतो.,Positive
"चित्रपटात संवाद कमकुवत आहे, त्यामुळे काही दृश्ये अजिबात गरजेची वाटत नाहीत.",Negative
संपूर्ण चित्रपट अप्रभावी आहे आणि मांडणी मुळे अनुभव खराब झाला.,Negative
"एकदम भारी चित्रपट, अपेक्षेपेक्षा जास्त आवडला. कथा अगदी वेगळी आणि विचार करायला लावणारी आहे. शेवट अगदी समाधानकारक आणि हृदयस्पर्शी झाला आहे. अभिनेत्यांचा अभिनय खूपच नैसर्गिक आणि प्रभावी वाटला.",Positive
हा अनुभव सुंदर नसून खूप निरस आहे; संवाद कृत्रिम वाटतात.,Negative
सुरुवात थोडी कंटाळवाणी आणि संथ आहे; फारसा वाईट नाही असे एकूण चित्रपटाबद्दल म्हणता येणार नाही. पण पुढे कथा इतकी सुंदर उलगडते. त्यामुळे चित्रपट पाहिल्याचा निर्णय योग्य वाटतो.,Positive
चित्रपट अजिबात अप्रतिम नाही; उलट पार्श्वसंगीत खूप कंटाळवाणा आहे.,Negative
कथानकमध्ये काहीही फिका वाटत नाही; शेवट खूप मनमोहक आहे.,Positive
सुरुवातीला कथा सुंदर आणि आकर्षक वाटते; सुंदर नाही असे एकूण चित्रपटाबद्दल म्हणता येणार नाही. पण पुढे पटकथा पूर्णपणे गोंधळते. त्यामुळे हा चित्रपट समाधानकारक म्हणता येत नाही.,Negative
चित्रपट अजिबात फिका नाही; उलट विनोदी प्रसंग खूप उत्तम आहे.,Positive
या चित्रपटाची भावनिक सादरीकरण मनाला भिडते आणि कुटुंबासोबत पाहण्यासारखा अनुभव मिळतो.,Positive
चित्रपट अजिबात सुंदर नाही; उलट पार्श्वसंगीत खूप कंटाळवाणा आहे.,Negative
उत्तम नाही असे अंतिम निष्कर्ष काढणे योग्य ठरणार नाही. सुरुवातीला कथा सुंदर आणि आकर्षक वाटते; पण पुढे पटकथा पूर्णपणे गोंधळते. त्यामुळे सुंदर क्षण असूनही चित्रपट आवडत नाही.,Negative
चित्रपटाने निराश केले नाही; अनुभव खूप आनंददायी होता. कलाकारांचे कामही मनापासून आवडले.,Positive
"चित्रपटात शेवट उत्तम आहे, त्यामुळे शेवट समाधानकारक वाटतो.",Positive
कथानकमध्ये काहीही निरस वाटत नाही; मुख्य कलाकाराचा अभिनय खूप उत्कृष्ट आहे.,Positive
या कलाकृतीमध्ये काहीही वाईट वाटत नाही; पटकथा खूप नैसर्गिक आहे.,Positive
चित्रपटमध्ये काहीही उत्तम वाटत नाही; पार्श्वसंगीत खूप सुमार आहे.,Negative
सुरुवात थोडी कंटाळवाणी आणि संथ आहे; खराब नाही असे एकूण चित्रपटाबद्दल म्हणता येणार नाही. मात्र दुसऱ्या अर्ध्यात चित्रपट पूर्णपणे बदलतो. सुरुवातीच्या उणिवा असूनही हा चित्रपट लक्षात राहतो.,Positive
सुरुवात थोडी कंटाळवाणी आणि संथ आहे; खराब नाही असे एकूण चित्रपटाबद्दल म्हणता येणार नाही. तरी पुढे पात्रांचा प्रवास खूप प्रभावी होतो. चित्रपटाने निराश केले नाही; उलट तो खूप आवडला.,Positive
हा चित्रपट खरंच अप्रतिम होता. सहकलाकारांचाही अभिनय तितकाच दमदार आहे. क्लायमॅक्स इतका जबरदस्त आहे की अंगावर काटा येतो. संगीत कानाला खूप गोड लागतं आणि गाणी सुद्धा सुरेख आहेत.,Positive
सुंदर कथा आणि तितकाच सुंदर अभिनय.,Positive
"सिनेमा सुरु झाल्यापासूनच कंटाळा येऊ लागला. कथेत काहीच नावीन्य नाही, सगळं आधीच पाहिलेलं वाटतं. छायाचित्रण अगदीच सामान्य दर्जाचं आहे.",Negative
"चित्रपटात मुख्य कलाकाराचा अभिनय कमकुवत आहे, त्यामुळे काही दृश्ये अजिबात गरजेची वाटत नाहीत.",Negative
चित्रपटाने पूर्णपणे निराश केले; विनोदी प्रसंग विशेष अस्ताव्यस्त आहे.,Negative
सुरुवातीला कथा सुंदर आणि आकर्षक वाटते; आकर्षक नाही असे एकूण चित्रपटाबद्दल म्हणता येणार नाही. पण पुढे पटकथा पूर्णपणे गोंधळते. अखेरीस एकूण परिणाम कमकुवत ठरतो.,Negative
हा चित्रपट अपेक्षेपेक्षा कौतुकास्पद निघाला आणि कलाकारांनी भूमिका जिवंत केल्या आहेत.,Positive
संगीत आणि अभिनय दोन्ही अप्रभावी आहेत; त्यामुळे दिग्दर्शनाने विषयाला योग्य न्याय दिला नाही.,Negative
सुरुवातीला कथा सुंदर आणि आकर्षक वाटते; सुंदर नाही असे एकूण चित्रपटाबद्दल म्हणता येणार नाही. तरी दुसऱ्या अर्ध्यात दिग्दर्शन कमकुवत होते. म्हणून चांगल्या सुरुवातीचा फारसा उपयोग होत नाही.,Negative
अपेक्षाभंग करणारा नाही असे अंतिम निष्कर्ष काढणे योग्य ठरणार नाही. सुरुवात थोडी कंटाळवाणी आणि संथ आहे; तरी पुढे पात्रांचा प्रवास खूप प्रभावी होतो. त्यामुळे सुरुवातीचे नकारात्मक संकेत दिशाभूल करणारे ठरतात.,Positive
या कलाकृतीमध्ये काहीही निराशाजनक वाटत नाही; कथानक खूप मनमोहक आहे.,Positive
चित्रपटाने पूर्णपणे निराश केले; संगीत विशेष अंदाजे आहे.,Negative
दिग्दर्शन सामान्य नाही; अनेक दृश्ये प्रभावी आहेत. त्यामुळे एकूण अनुभव खूप चांगला झाला.,Positive
पटकथा आणि अभिनय दोन्ही प्रभावी आहेत; त्यामुळे दिग्दर्शकाने विषयाला योग्य न्याय दिला.,Positive
चित्रपटाने कलाकारांनी भूमिका जिवंत केल्या आहेत आणि शेवट खरोखर मनमोहक आहे.,Positive
संवाद इतका हृदयस्पर्शी आहे की कलाकारांनी भूमिका जिवंत केल्या आहेत.,Positive
"इतका रटाळ चित्रपट खूप दिवसांनी पाहिला. गाणी उगाचच घुसवल्यासारखी वाटतात, कथेशी संबंधच नाही.",Negative
कथा अजिबात सुंदर नाही आणि चित्रपट पाहताना वारंवार कंटाळा आला.,Negative
"चित्रपटात मांडणी उत्तम आहे, त्यामुळे कलाकारांनी भूमिका जिवंत केल्या आहेत.",Positive
निराशाजनक नाही असे अंतिम निष्कर्ष काढणे योग्य ठरणार नाही. सुरुवात थोडी कंटाळवाणी आणि संथ आहे; मात्र दुसऱ्या अर्ध्यात चित्रपट पूर्णपणे बदलतो. सुरुवातीच्या उणिवा असूनही हा चित्रपट लक्षात राहतो.,Positive
हा अनुभव कमकुवत नसून खूप अप्रतिम आहे; प्रत्येक फ्रेम विचारपूर्वक सादर केली आहे.,Positive
कथानकमध्ये काहीही उत्कृष्ट वाटत नाही; दृश्यरचना खूप निरस आहे.,Negative
एवढा भिकार सिनेमा अलीकडे बघितला नव्हता. संगीत काहीच लक्षात राहण्यासारखं नाही. दिग्दर्शन अगदीच कमकुवत असून प्रसंगांची मांडणी विस्कळीत आहे. अपेक्षा घेऊन गेलात तर नक्कीच निराश व्हाल.,Negative
हा अनुभव कंटाळवाणा नसून खूप कौतुकास्पद आहे; शेवट समाधानकारक वाटतो.,Positive
"पैसे वाया गेले असं वाटलं सिनेमा बघून. संगीत काहीच लक्षात राहण्यासारखं नाही. गाणी उगाचच घुसवल्यासारखी वाटतात, कथेशी संबंधच नाही. शेवट इतका घाईघाईत गुंडाळलेला आहे की निराशा होते. वेळ असेल तरी बघू नका असा सल्ला देईन.",Negative
संपूर्ण मांडणीमध्ये काहीही रंजक वाटत नाही; दृश्यरचना खूप सुमार आहे.,Negative
"चित्रपटात दिग्दर्शन उत्तम आहे, त्यामुळे वेळ कसा गेला कळले नाही.",Positive
संपूर्ण मांडणीचा विनोदी प्रसंग आकर्षक असून चित्रपट पाहून मन प्रसन्न झाले.,Positive
"चित्रपट पाहताना काही दृश्ये अजिबात गरजेची वाटत नाहीत, कारण कथानक खूप कृत्रिम आहे.",Negative
चित्रपटाने कलाकारांच्या कामगिरीत उत्साह जाणवत नाही आणि विनोदी प्रसंग खरोखर अतिशय संथ आहे.,Negative
"चित्रपट पाहताना शेवट निराश करतो, कारण शेवट खूप कंटाळवाणा आहे.",Negative
सुरुवात थोडी कंटाळवाणी आणि संथ आहे; निराशाजनक नाही असे एकूण चित्रपटाबद्दल म्हणता येणार नाही. पण पुढे कथा इतकी सुंदर उलगडते. म्हणून एकूण चित्रपट अपेक्षेपेक्षा सुंदर वाटतो.,Positive
कथा अजिबात वाईट नाही आणि प्रत्येक प्रसंग लक्षात राहतो.,Positive
संपूर्ण मांडणीचा दृश्यरचना निराशाजनक असून कलाकारांच्या कामगिरीत उत्साह जाणवत नाही.,Negative
कथानक आणि संगीत दोन्ही आकर्षक आहेत; त्यामुळे सर्व कलाकारांची कामगिरी लक्षात राहते.,Positive
सिनेमागृहातून बाहेर पडताना खूप वैताग आला. पटकथा खूपच विस्कळीत असल्यामुळे कथा नीट समजतच नाही. पूर्णपणे टाइमपास वाया गेला असं वाटलं.,Negative
चित्रपटाने कुटुंबासोबत पाहण्यासारखा अनुभव मिळतो आणि मांडणी खरोखर सुंदर आहे.,Positive
सुरुवात थोडी कंटाळवाणी आणि संथ आहे; कमकुवत नाही असे एकूण चित्रपटाबद्दल म्हणता येणार नाही. तरी पुढे पात्रांचा प्रवास खूप प्रभावी होतो. त्यामुळे सुरुवातीचे नकारात्मक संकेत दिशाभूल करणारे ठरतात.,Positive
"अभिनय उत्कृष्ट वाटला नाही, कलाकारांची कामगिरी निराशाजनक आहे. एकूण अनुभव समाधानकारक वाटत नाही.",Negative
हा चित्रपट पुन्हा पाहावासा वाटत नाही कारण शेवट खूप फिका आहे.,Negative
"चित्रपट पाहताना कलाकारांनी भूमिका जिवंत केल्या आहेत, कारण भावनिक सादरीकरण खूप सुंदर आहे.",Positive
चित्रपट अजिबात प्रभावी नाही; उलट कथा खूप निरस आहे.,Negative
कमकुवत नाही असे अंतिम निष्कर्ष काढणे योग्य ठरणार नाही. सुरुवात थोडी कंटाळवाणी आणि संथ आहे; तरी पुढे पात्रांचा प्रवास खूप प्रभावी होतो. एकूण परिणाम सकारात्मक आणि समाधान देणारा आहे.,Positive
"चित्रपटात दृश्यरचना उत्तम आहे, त्यामुळे कुटुंबासोबत पाहण्यासारखा अनुभव मिळतो.",Positive
दिग्दर्शन सामान्य नाही; अनेक दृश्ये प्रभावी आहेत. हा अनुभव नक्कीच समाधानकारक वाटतो.,Positive
थिएटरमध्ये अर्ध्यातच झोप येत होती. छायाचित्रण अगदीच सामान्य दर्जाचं आहे. पटकथा खूपच विस्कळीत असल्यामुळे कथा नीट समजतच नाही. सहकलाकारांचा अभिनयही अगदीच सामान्य आहे. या चित्रपटाला दोन पैकी अर्धा स्टार सुद्धा जास्त आहे.,Negative
"सिनेमागृहातून बाहेर पडताना खूप वैताग आला. काही कलाकारांची निवडच चुकीची वाटते. विनोदी प्रसंग हास्यास्पद वाटतात, हसू येण्याऐवजी वैताग येतो. कथेत काहीच नावीन्य नाही, सगळं आधीच पाहिलेलं वाटतं. अपेक्षा घेऊन गेलात तर नक्कीच निराश व्हाल.",Negative
हा चित्रपट पुन्हा पाहावासा वाटत नाही कारण पार्श्वसंगीत खूप निराशाजनक आहे.,Negative
हा चित्रपट पुन्हा पाहावासा वाटत नाही कारण संगीत खूप फिका आहे.,Negative
चित्रपटाने कलाकारांनी भूमिका जिवंत केल्या आहेत आणि पार्श्वसंगीत खरोखर सुंदर आहे.,Positive
थिएटरमध्ये अर्ध्यातच झोप येत होती. क्लायमॅक्स अगदीच अपेक्षित आणि सपक झाला आहे. या चित्रपटाला दोन पैकी अर्धा स्टार सुद्धा जास्त आहे.,Negative
थिएटरमध्ये अर्ध्यातच झोप येत होती. क्लायमॅक्स अगदीच अपेक्षित आणि सपक झाला आहे. शेवट इतका घाईघाईत गुंडाळलेला आहे की निराशा होते. अॅक्शन सीन्स अगदीच बनावट आणि कंटाळवाणे वाटतात.,Negative
चित्रपट अजिबात मनोरंजक नाही आणि वेळ वाया गेल्यासारखे वाटले. यामुळे चित्रपटाचा प्रभाव कमी होतो.,Negative
हा चित्रपट अपेक्षेपेक्षा गोंधळलेला निघाला आणि कथा पुढे सरकत नाही.,Negative
हा चित्रपट पुन्हा पाहावासा वाटतो कारण कथा खूप हृदयस्पर्शी आहे.,Positive
अशा चित्रपटांमुळे मराठी सिनेमाची बदनामी होते. सहकलाकारांचा अभिनयही अगदीच सामान्य आहे.,Negative
मित्रांच्या सांगण्यावरून गेलो पण खूप पश्चाताप झाला. सहकलाकारांचा अभिनयही अगदीच सामान्य आहे. अभिनेत्यांचा अभिनय अगदीच सुमार आणि कृत्रिम वाटला. पुन्हा असा चित्रपट बघण्याची इच्छा नाही.,Negative
सुरुवात थोडी कंटाळवाणी आणि संथ आहे; तरी पुढे पात्रांचा प्रवास खूप प्रभावी होतो. त्यामुळे चित्रपट पाहिल्याचा निर्णय योग्य वाटतो.,Positive
संपूर्ण चित्रपट दर्जेदार आहे आणि कथानक मुळे अनुभव आणखी सुंदर झाला.,Positive
हा अनुभव कंटाळवाणा नसून खूप प्रभावी आहे; कुटुंबासोबत पाहण्यासारखा अनुभव मिळतो.,Positive
चित्रपटाची मांडणी खूप निराशाजनक आहे आणि शेवट निराश करतो.,Negative
चित्रपट अजिबात निरर्थक नाही; त्यात चांगला संदेश आहे. चित्रपट पाहताना उत्सुकता कायम राहते.,Positive
चित्रपटाची मांडणी खूप फिका आहे आणि चित्रपट पाहताना वारंवार कंटाळा आला.,Negative
हा चित्रपट अपेक्षेपेक्षा अंदाजे निघाला आणि काही दृश्ये अजिबात गरजेची वाटत नाहीत.,Negative
पार्श्वसंगीत आणि अभिनय दोन्ही उत्तम आहेत; त्यामुळे प्रत्येक फ्रेम विचारपूर्वक सादर केली आहे.,Positive
सुरुवातीपासूनच चित्रपट प्रेक्षकांना पकडून ठेवतो. प्रत्येक कलाकाराने आपल्या भूमिकेला योग्य न्याय दिला आहे. या चित्रपटाला पाच पैकी पाच स्टार्स.,Positive
"सुरुवातीला कथा सुंदर आणि आकर्षक वाटते. तरी दुसऱ्या अर्ध्यात दिग्दर्शन कमकुवत होते, पण शेवटामुळे आधीचे चांगले क्षणही फिके पडतात.",Negative
हा चित्रपट अपेक्षेपेक्षा मनमोहक निघाला आणि भावनिक प्रसंग मनाला स्पर्श करतात.,Positive
विनोदी प्रसंग इतका सुंदर आहे की कथा शेवटपर्यंत पकडून ठेवते.,Positive
वाईट नाही असे अंतिम निष्कर्ष काढणे योग्य ठरणार नाही. सुरुवात थोडी कंटाळवाणी आणि संथ आहे; तरी पुढे पात्रांचा प्रवास खूप प्रभावी होतो. सुरुवातीच्या उणिवा असूनही हा चित्रपट लक्षात राहतो.,Positive
सिनेमागृहातून बाहेर पडताना चेहऱ्यावर हसू होतं. क्लायमॅक्स इतका जबरदस्त आहे की अंगावर काटा येतो. गाण्यांचे शब्द आणि चाल दोन्ही मनाला भावतात. असे चित्रपट वारंवार यायला हवेत.,Positive
चित्रपटाने अजिबात निराश केले नाही; कथा विशेष सुंदर आहे.,Positive
सिनेमा बघून मन अगदी प्रसन्न झालं. दिग्दर्शनातली बारकाई प्रत्येक दृश्यात जाणवते. कुटुंबासोबत थिएटरमध्ये जाऊन बघण्यासारखा सिनेमा आहे.,Positive
"सुरुवातीला कथा सुंदर आणि आकर्षक वाटते. तरी दुसऱ्या अर्ध्यात दिग्दर्शन कमकुवत होते, पण त्यामुळे हा चित्रपट समाधानकारक म्हणता येत नाही.",Negative
खूप वेळाने मराठी चित्रपटसृष्टीत असा दर्जेदार सिनेमा आला. सहकलाकारांचाही अभिनय तितकाच दमदार आहे. पार्श्वसंगीत प्रसंगांची तीव्रता अजून वाढवतं. संवाद खूप प्रभावी असून थेट मनाला भिडतात. थिएटरमध्ये जाऊन नक्की एन्जॉय करा.,Positive
मांडणी इतका अतिशय संथ आहे की चित्रपट पाहिल्यानंतर विशेष काही लक्षात राहत नाही.,Negative
हा अनुभव अप्रतिम नसून खूप फिका आहे; पटकथा शेवटपर्यंत प्रभावी राहत नाही.,Negative
कथाचा शेवट मनमोहक असून चित्रपट पाहून मन प्रसन्न झाले.,Positive
पूर्ण कुटुंबासोबत बघण्यासारखा सुंदर चित्रपट आहे. सहकलाकारांचाही अभिनय तितकाच दमदार आहे. गाण्यांचे शब्द आणि चाल दोन्ही मनाला भावतात. प्रत्येक कलाकाराने आपल्या भूमिकेला योग्य न्याय दिला आहे. पुन्हा एकदा बघायला नक्कीच आवडेल.,Positive
चांगला नाही असे अंतिम निष्कर्ष काढणे योग्य ठरणार नाही. सुरुवातीला कथा सुंदर आणि आकर्षक वाटते; पण पुढे पटकथा पूर्णपणे गोंधळते. एकूण परिणाम वाईट आणि असमाधानकारक राहतो.,Negative
चित्रपटचा दृश्यरचना अतिशय संथ असून पटकथा शेवटपर्यंत प्रभावी राहत नाही.,Negative
भावनिक सादरीकरण आणि संगीत दोन्ही हृदयस्पर्शी आहेत; त्यामुळे प्रत्येक प्रसंग लक्षात राहतो.,Positive
"शेवट खराब वाटला नाही, उलट तो समाधानकारक होता. कलाकारांचे कामही मनापासून आवडले.",Positive
या कलाकृतीचा दृश्यरचना आकर्षक असून कथा शेवटपर्यंत पकडून ठेवते.,Positive
सुरुवातीपासून शेवटपर्यंत चित्रपट अंदाजे राहतो आणि कथानकात नवीनपणा जाणवत नाही.,Negative
सुरुवातीपासून शेवटपर्यंत चित्रपट निरस राहतो आणि काही दृश्ये अजिबात गरजेची वाटत नाहीत.,Negative
"चित्रपट पाहताना कथा शेवटपर्यंत पकडून ठेवते, कारण विनोदी प्रसंग खूप नैसर्गिक आहे.",Positive
वाईट नाही असे अंतिम निष्कर्ष काढणे योग्य ठरणार नाही. सुरुवात थोडी कंटाळवाणी आणि संथ आहे; मात्र दुसऱ्या अर्ध्यात चित्रपट पूर्णपणे बदलतो. त्यामुळे सुरुवातीचे नकारात्मक संकेत दिशाभूल करणारे ठरतात.,Positive
मित्रांसोबत बघितला आणि सगळ्यांनाच खूप आवडला. क्लायमॅक्स इतका जबरदस्त आहे की अंगावर काटा येतो. व्हीएफएक्स दर्जेदार असून हॉलिवूडच्या तोडीचे वाटतात.,Positive
कथा अजिबात उत्कृष्ट नाही आणि चित्रपटाची लांबी त्रासदायक ठरते.,Negative
या चित्रपटाची शेवट मनाला भिडते आणि कुटुंबासोबत पाहण्यासारखा अनुभव मिळतो.,Positive
चित्रपटाने शेवट निराश करतो आणि दृश्यरचना खरोखर कमकुवत आहे.,Negative
हा चित्रपट पुन्हा पाहावासा वाटतो कारण भावनिक सादरीकरण खूप आकर्षक आहे.,Positive
कथेपासून अभिनयापर्यंत बरेच काही कमकुवत वाटले; चित्रपट पाहिल्यानंतर विशेष काही लक्षात राहत नाही.,Negative
या चित्रपटाची विनोदी प्रसंग निराश करते आणि दिग्दर्शनाने विषयाला योग्य न्याय दिला नाही.,Negative
हा चित्रपट पुन्हा पाहावासा वाटत नाही कारण संवाद खूप कृत्रिम आहे.,Negative
काहीच दम नाही राव यात. छायाचित्रण अगदीच सामान्य दर्जाचं आहे.,Negative
सुरुवात थोडी कंटाळवाणी आणि संथ आहे; मात्र दुसऱ्या अर्ध्यात चित्रपट पूर्णपणे बदलतो. उणिवा असूनही शेवटी चित्रपट मन जिंकून घेतो.,Positive
सुरुवात थोडी कंटाळवाणी आणि संथ आहे; निराश केले नाही असे एकूण चित्रपटाबद्दल म्हणता येणार नाही. मात्र दुसऱ्या अर्ध्यात चित्रपट पूर्णपणे बदलतो. अखेरीस हा अनुभव अजिबात असमाधानकारक राहत नाही.,Positive
चित्रपटातील शेवट पाहून प्रत्येक प्रसंग लक्षात राहतो; एकूण अनुभव उत्तम आहे.,Positive
कथानकमध्ये काहीही कंटाळवाणा वाटत नाही; विनोदी प्रसंग खूप आकर्षक आहे.,Positive
कथाचा छायाचित्रण सुमार असून अनेक प्रसंग विनाकारण लांबवले आहेत.,Negative
"फारसा वाईट नाही असे अंतिम निष्कर्ष काढणे योग्य ठरणार नाही. सुरुवात थोडी कंटाळवाणी आणि संथ आहे; मात्र दुसऱ्या अर्ध्यात चित्रपट पूर्णपणे बदलतो. शेवट अजिबात खराब नाही, उलट मनाला भिडतो.",Positive
चित्रपटाची छायाचित्रण खूप उत्कृष्ट आहे आणि कलाकारांनी भूमिका जिवंत केल्या आहेत.,Positive
आकर्षक नाही असे अंतिम निष्कर्ष काढणे योग्य ठरणार नाही. सुरुवातीला कथा सुंदर आणि आकर्षक वाटते; पण पुढे पटकथा पूर्णपणे गोंधळते. शेवटी चित्रपट समाधान देत नाही.,Negative
संपूर्ण चित्रपट फिका आहे आणि पटकथा मुळे अनुभव खराब झाला.,Negative
चित्रपटातील छायाचित्रण पाहून दिग्दर्शनाने विषयाला योग्य न्याय दिला नाही; एकूण अनुभव फिका आहे.,Negative
संपूर्ण चित्रपट अंदाजे आहे आणि कथा मुळे अनुभव खराब झाला.,Negative
"सुरुवात थोडी कंटाळवाणी आणि संथ आहे. तरी पुढे पात्रांचा प्रवास खूप प्रभावी होतो, पण त्यामुळे सुरुवातीचे नकारात्मक संकेत दिशाभूल करणारे ठरतात.",Positive
सुरुवात थोडी कंटाळवाणी आणि संथ आहे; मात्र दुसऱ्या अर्ध्यात चित्रपट पूर्णपणे बदलतो. म्हणून एकूण चित्रपट अपेक्षेपेक्षा सुंदर वाटतो.,Positive
"चित्रपट पाहताना वेळ कसा गेला कळले नाही, कारण मुख्य कलाकाराचा अभिनय खूप दर्जेदार आहे.",Positive
या चित्रपटाची अभिनय निराश करते आणि चित्रपट पाहिल्यानंतर विशेष काही लक्षात राहत नाही.,Negative
चित्रपटातील संवाद पाहून भावनिक प्रसंगांचा परिणाम होत नाही; एकूण अनुभव सुमार आहे.,Negative
या कलाकृतीचा पार्श्वसंगीत प्रभावी असून चित्रपटाचा अनुभव मनाला आनंद देतो.,Positive
चित्रपट अजिबात सुंदर नाही; उलट अभिनय खूप फिका आहे.,Negative
हा चित्रपट पुन्हा पाहावासा वाटत नाही कारण मांडणी खूप अतिशय संथ आहे.,Negative
या चित्रपटाची मुख्य कलाकाराचा अभिनय मनाला भिडते आणि चित्रपटाचा अनुभव मनाला आनंद देतो.,Positive
संपूर्ण चित्रपट मनमोहक आहे आणि मुख्य कलाकाराचा अभिनय मुळे अनुभव आणखी सुंदर झाला.,Positive
कथा अजिबात मनमोहक नाही आणि चित्रपटाची लांबी त्रासदायक ठरते.,Negative
"पूर्ण चित्रपटभर काहीच लॉजिक सापडलं नाही. संवाद खूपच सुमार आणि ओढून ताणून लिहिलेले वाटतात. व्हीएफएक्स इतके स्वस्त वाटतात की हसू येतं. कथेत काहीच नावीन्य नाही, सगळं आधीच पाहिलेलं वाटतं.",Negative
मराठी प्रेक्षकांची निराशा करणारा चित्रपट आहे हा. पटकथा खूपच विस्कळीत असल्यामुळे कथा नीट समजतच नाही. संवाद खूपच सुमार आणि ओढून ताणून लिहिलेले वाटतात. पूर्णपणे टाइमपास वाया गेला असं वाटलं.,Negative
चित्रपटातील शेवट पाहून प्रत्येक फ्रेम विचारपूर्वक सादर केली आहे; एकूण अनुभव नैसर्गिक आहे.,Positive
चित्रपटचा पटकथा निरस असून शेवट निराश करतो.,Negative
चित्रपटाने अजिबात निराश केले नाही; मुख्य कलाकाराचा अभिनय विशेष मनमोहक आहे.,Positive
हा अनुभव उत्कृष्ट नसून खूप अतिशय संथ आहे; भावनिक प्रसंगांचा परिणाम होत नाही.,Negative
या चित्रपटाची संगीत निराश करते आणि चित्रपट पाहिल्यानंतर विशेष काही लक्षात राहत नाही.,Negative
सुरुवात थोडी कंटाळवाणी आणि संथ आहे; वाईट नाही असे एकूण चित्रपटाबद्दल म्हणता येणार नाही. पण शेवटच्या भागात सुरुवातीच्या उणिवा मागे पडतात. चित्रपटाने निराश केले नाही; उलट तो खूप आवडला.,Positive
या चित्रपटाची कथा मनाला भिडते आणि प्रत्येक प्रसंग लक्षात राहतो.,Positive
कथा इतका हृदयस्पर्शी आहे की चित्रपट पाहून मन प्रसन्न झाले.,Positive
"उगाच हाईप केलेला सिनेमा, प्रत्यक्षात काही दम नाही. दिग्दर्शन अगदीच कमकुवत असून प्रसंगांची मांडणी विस्कळीत आहे. थिएटरमध्ये पैसे खर्च करण्याआधी नक्की विचार करा.",Negative
चित्रपटाची पार्श्वसंगीत खूप अप्रतिम आहे आणि कथा शेवटपर्यंत पकडून ठेवते.,Positive
चित्रपट अजिबात निरस नाही; उलट मुख्य कलाकाराचा अभिनय खूप मनमोहक आहे.,Positive
अशा चित्रपटांमुळे मराठी सिनेमाची बदनामी होते. अॅक्शन सीन्स अगदीच बनावट आणि कंटाळवाणे वाटतात. वेळ असेल तरी बघू नका असा सल्ला देईन.,Negative
सुरुवातीपासून शेवटपर्यंत चित्रपट सुंदर राहतो आणि कुटुंबासोबत पाहण्यासारखा अनुभव मिळतो.,Positive
कथेपासून अभिनयापर्यंत सर्व काही अप्रतिम वाटले; दिग्दर्शकाने विषयाला योग्य न्याय दिला.,Positive
या चित्रपटाची मुख्य कलाकाराचा अभिनय निराश करते आणि संवाद कृत्रिम वाटतात.,Negative
"चित्रपट पाहताना चित्रपटाचा अनुभव मनाला आनंद देतो, कारण कथा खूप आकर्षक आहे.",Positive
फारसा वाईट नाही असे अंतिम निष्कर्ष काढणे योग्य ठरणार नाही. सुरुवात थोडी कंटाळवाणी आणि संथ आहे; पण पुढे कथा इतकी सुंदर उलगडते. उणिवा असूनही शेवटी चित्रपट मन जिंकून घेतो.,Positive
"सिनेमा सुरु झाल्यापासूनच कंटाळा येऊ लागला. क्लायमॅक्स अगदीच अपेक्षित आणि सपक झाला आहे. विनोदी प्रसंग हास्यास्पद वाटतात, हसू येण्याऐवजी वैताग येतो.",Negative
पार्श्वसंगीत आणि संगीत दोन्ही हृदयस्पर्शी आहेत; त्यामुळे वेळ कसा गेला कळले नाही.,Positive
"चित्रपटात विनोदी प्रसंग उत्तम आहे, त्यामुळे संगीताने प्रसंगांची परिणामकारकता वाढवली.",Positive
कथानकमध्ये काहीही प्रभावी वाटत नाही; संगीत खूप अस्ताव्यस्त आहे.,Negative
सुरुवातीला कथा सुंदर आणि आकर्षक वाटते; सुंदर नाही असे एकूण चित्रपटाबद्दल म्हणता येणार नाही. मात्र नंतर कथा इतकी रटाळ होते. त्यामुळे हा चित्रपट समाधानकारक म्हणता येत नाही.,Negative
चित्रपटाची छायाचित्रण खूप उत्तम आहे आणि चित्रपट पाहताना उत्सुकता कायम राहते.,Positive
खराब नाही असे अंतिम निष्कर्ष काढणे योग्य ठरणार नाही. सुरुवात थोडी कंटाळवाणी आणि संथ आहे; मात्र दुसऱ्या अर्ध्यात चित्रपट पूर्णपणे बदलतो. एकूण परिणाम सकारात्मक आणि समाधान देणारा आहे.,Positive
चित्रपट अजिबात अप्रतिम नाही; उलट पटकथा खूप अस्ताव्यस्त आहे.,Negative
"वेळेचा आणि पैशांचा पूर्ण अपव्यय झाला. कथेत काहीच नावीन्य नाही, सगळं आधीच पाहिलेलं वाटतं. मराठी सिनेमाच्या नावाला कमीपणा आणणारा चित्रपट आहे.",Negative
भावनिक सादरीकरण इतका सुमार आहे की भावनिक प्रसंगांचा परिणाम होत नाही.,Negative
हा चित्रपट रंजक वाटतो; भावनिक प्रसंग मनाला स्पर्श करतात.,Positive
चित्रपटाची शेवट खूप रंजक आहे आणि कथा शेवटपर्यंत पकडून ठेवते.,Positive
संपूर्ण मांडणीमध्ये काहीही उत्कृष्ट वाटत नाही; संगीत खूप निरस आहे.,Negative
समाधानकारक नाही असे अंतिम निष्कर्ष काढणे योग्य ठरणार नाही. सुरुवातीला कथा सुंदर आणि आकर्षक वाटते; तरी दुसऱ्या अर्ध्यात दिग्दर्शन कमकुवत होते. एकूण चित्रपट सकारात्मक कारणांसाठी लक्षात राहत नाही.,Negative
कथा अजिबात अप्रभावी नाही आणि कलाकारांनी भूमिका जिवंत केल्या आहेत.,Positive
"चित्रपट पाहताना दिग्दर्शकाने विषयाला योग्य न्याय दिला, कारण छायाचित्रण खूप प्रभावी आहे.",Positive
हा चित्रपट उत्तम वाटतो; कलाकारांनी भूमिका जिवंत केल्या आहेत.,Positive
चित्रपटाने अजिबात निराश केले नाही; संवाद विशेष कौतुकास्पद आहे.,Positive
दिग्दर्शन इतका उत्तम आहे की कलाकारांनी भूमिका जिवंत केल्या आहेत.,Positive
हा चित्रपट अपेक्षेपेक्षा कृत्रिम निघाला आणि कलाकारांच्या कामगिरीत उत्साह जाणवत नाही.,Negative
चित्रपटाने कथा शेवटपर्यंत पकडून ठेवते आणि मुख्य कलाकाराचा अभिनय खरोखर हृदयस्पर्शी आहे.,Positive
मनाला भिडणारा नाही असे अंतिम निष्कर्ष काढणे योग्य ठरणार नाही. सुरुवातीला कथा सुंदर आणि आकर्षक वाटते; मात्र नंतर कथा इतकी रटाळ होते. शेवटी चित्रपट समाधान देत नाही.,Negative
"एकदम भारी चित्रपट, अपेक्षेपेक्षा जास्त आवडला. व्हीएफएक्स दर्जेदार असून हॉलिवूडच्या तोडीचे वाटतात. विनोदी प्रसंग अगदी सहज आणि टाइमिंगसह मांडले आहेत. एकदा तरी नक्की बघावा असा हा चित्रपट आहे.",Positive
चित्रपटाने चित्रपट पाहताना वारंवार कंटाळा आला आणि कथा खरोखर अतिशय संथ आहे.,Negative
चित्रपटाने पटकथा शेवटपर्यंत प्रभावी राहत नाही आणि पार्श्वसंगीत खरोखर कंटाळवाणा आहे.,Negative
काहीच दम नाही राव यात. पार्श्वसंगीत उगाचच मोठ्या आवाजात आणि त्रासदायक वाटतं.,Negative
"चित्रपट पाहताना सर्व कलाकारांची कामगिरी लक्षात राहते, कारण भावनिक सादरीकरण खूप रंजक आहे.",Positive
हा चित्रपट कमकुवत वाटतो; भावनिक प्रसंगांचा परिणाम होत नाही.,Negative
कथेपासून अभिनयापर्यंत सर्व काही रंजक वाटले; शेवट समाधानकारक वाटतो.,Positive
थिएटरमध्ये जाऊन बघण्यासारखा चित्रपट आहे हा. शेवट अगदी समाधानकारक आणि हृदयस्पर्शी झाला आहे. क्लायमॅक्स इतका जबरदस्त आहे की अंगावर काटा येतो. पार्श्वसंगीत प्रसंगांची तीव्रता अजून वाढवतं.,Positive
चित्रपटाची शेवट खूप निरस आहे आणि वेळ वाया गेल्यासारखे वाटले.,Negative
चित्रपटातील अभिनय पाहून अनेक प्रसंग विनाकारण लांबवले आहेत; एकूण अनुभव अस्ताव्यस्त आहे.,Negative
चित्रपटाची अभिनय खूप सुंदर आहे आणि प्रत्येक फ्रेम विचारपूर्वक सादर केली आहे.,Positive
"चित्रपटात संगीत कमकुवत आहे, त्यामुळे दिग्दर्शनाने विषयाला योग्य न्याय दिला नाही.",Negative
"चित्रपटात अभिनय उत्तम आहे, त्यामुळे सर्व कलाकारांची कामगिरी लक्षात राहते.",Positive
"चित्रपट पाहताना कथा शेवटपर्यंत पकडून ठेवते, कारण भावनिक सादरीकरण खूप आकर्षक आहे.",Positive
खरंच अशा चित्रपटांची गरज आहे मराठी सृष्टीला. गाण्यांचे शब्द आणि चाल दोन्ही मनाला भावतात.,Positive
विनोदी प्रसंग इतका दर्जेदार आहे की शेवट समाधानकारक वाटतो.,Positive
या चित्रपटाची दिग्दर्शन मनाला भिडते आणि कुटुंबासोबत पाहण्यासारखा अनुभव मिळतो.,Positive
चित्रपटाची विनोदी प्रसंग खूप प्रभावी आहे आणि शेवट समाधानकारक वाटतो.,Positive
"उगाच हाईप केलेला सिनेमा, प्रत्यक्षात काही दम नाही. संवाद खूपच सुमार आणि ओढून ताणून लिहिलेले वाटतात. पूर्णपणे टाइमपास वाया गेला असं वाटलं.",Negative
"चित्रपट पाहताना दिग्दर्शकाने विषयाला योग्य न्याय दिला, कारण संवाद खूप उत्तम आहे.",Positive
"निराशाजनक नाही असे अंतिम निष्कर्ष काढणे योग्य ठरणार नाही. सुरुवात थोडी कंटाळवाणी आणि संथ आहे; पण पुढे कथा इतकी सुंदर उलगडते. शेवट अजिबात खराब नाही, उलट मनाला भिडतो.",Positive
वाईट नाही असे अंतिम निष्कर्ष काढणे योग्य ठरणार नाही. सुरुवात थोडी कंटाळवाणी आणि संथ आहे; पण पुढे कथा इतकी सुंदर उलगडते. त्यामुळे सुरुवातीचे नकारात्मक संकेत दिशाभूल करणारे ठरतात.,Positive
भावनिक सादरीकरण इतका आकर्षक आहे की वेळ कसा गेला कळले नाही.,Positive
पटकथा आणि दिग्दर्शन दोन्ही अप्रभावी आहेत; त्यामुळे चित्रपटाची लांबी त्रासदायक ठरते.,Negative
कथानक आणि दृश्यरचना दोन्ही गोंधळलेला आहेत; त्यामुळे कथा पुढे सरकत नाही.,Negative
या चित्रपटाची विनोदी प्रसंग मनाला भिडते आणि सर्व कलाकारांची कामगिरी लक्षात राहते.,Positive
हा अनुभव अप्रतिम नसून खूप अंदाजे आहे; वेळ वाया गेल्यासारखे वाटले.,Negative
चित्रपटाने कलाकारांच्या कामगिरीत उत्साह जाणवत नाही आणि पटकथा खरोखर कमकुवत आहे.,Negative
पूर्ण कुटुंबासोबत बघण्यासारखा सुंदर चित्रपट आहे. गाण्यांचे शब्द आणि चाल दोन्ही मनाला भावतात. प्रत्येक कलाकाराने आपल्या भूमिकेला योग्य न्याय दिला आहे. संगीत कानाला खूप गोड लागतं आणि गाणी सुद्धा सुरेख आहेत. या चित्रपटाला पाच पैकी पाच स्टार्स.,Positive
"चित्रपट पाहताना काही दृश्ये अजिबात गरजेची वाटत नाहीत, कारण पटकथा खूप अस्ताव्यस्त आहे.",Negative
"सुरुवातीला कथा सुंदर आणि आकर्षक वाटते. मात्र नंतर कथा इतकी रटाळ होते, पण त्यामुळे सुंदर क्षण असूनही चित्रपट आवडत नाही.",Negative
हा चित्रपट निराश करणारा नाही; एकूण अनुभव चांगला आहे. त्यामुळे एकूण अनुभव खूप चांगला झाला.,Positive
चित्रपटातील अभिनय पाहून चित्रपट पाहिल्यानंतर विशेष काही लक्षात राहत नाही; एकूण अनुभव कंटाळवाणा आहे.,Negative
सुरुवातीपासूनच चित्रपट प्रेक्षकांना पकडून ठेवतो. गाण्यांचे शब्द आणि चाल दोन्ही मनाला भावतात. या चित्रपटाला पाच पैकी पाच स्टार्स.,Positive
अशा चित्रपटांमुळे मराठी सिनेमाची बदनामी होते. काही कलाकारांची निवडच चुकीची वाटते. मुख्य कलाकारांच्या भूमिकेत जीव ओतलेला जाणवलाच नाही. अपेक्षा घेऊन गेलात तर नक्कीच निराश व्हाल.,Negative
सुरुवातीपासून शेवटपर्यंत चित्रपट हृदयस्पर्शी राहतो आणि चित्रपट पाहून मन प्रसन्न झाले.,Positive
"पैसे वसूल चित्रपट, अजिबात निराश करत नाही. छायाचित्रण अप्रतिम आहे, प्रत्येक फ्रेम एखाद्या चित्रासारखी वाटते. भावनिक प्रसंगांमध्ये डोळ्यात पाणी आल्याशिवाय राहत नाही. कुटुंबासोबत थिएटरमध्ये जाऊन बघण्यासारखा सिनेमा आहे.",Positive
चित्रपटाने अजिबात निराश केले नाही; अभिनय विशेष उत्तम आहे.,Positive
कथेपासून अभिनयापर्यंत बरेच काही अंदाजे वाटले; शेवट निराश करतो.,Negative
सिनेमा बघून मन अगदी प्रसन्न झालं. संगीत कानाला खूप गोड लागतं आणि गाणी सुद्धा सुरेख आहेत. कथा अगदी वेगळी आणि विचार करायला लावणारी आहे. गाण्यांचे शब्द आणि चाल दोन्ही मनाला भावतात.,Positive
हा चित्रपट अपेक्षेपेक्षा उत्कृष्ट निघाला आणि वेळ कसा गेला कळले नाही.,Positive
चित्रपटातील मुख्य कलाकाराचा अभिनय पाहून शेवट समाधानकारक वाटतो; एकूण अनुभव कौतुकास्पद आहे.,Positive
चित्रपटातील पार्श्वसंगीत पाहून शेवट समाधानकारक वाटतो; एकूण अनुभव कौतुकास्पद आहे.,Positive
पूर्ण चित्रपटभर काहीच लॉजिक सापडलं नाही. कथेत इतके लॉजिकल गॅप्स आहेत की डोकं दुखायला लागतं. छायाचित्रण अगदीच सामान्य दर्जाचं आहे. संवाद खूपच सुमार आणि ओढून ताणून लिहिलेले वाटतात.,Negative
इतका रटाळ चित्रपट खूप दिवसांनी पाहिला. सहकलाकारांचा अभिनयही अगदीच सामान्य आहे. छायाचित्रण अगदीच सामान्य दर्जाचं आहे. संवाद खूपच सुमार आणि ओढून ताणून लिहिलेले वाटतात. OTT वर आला तरी बघावासा वाटत नाही.,Negative
हा चित्रपट अपेक्षेपेक्षा नैसर्गिक निघाला आणि वेळ कसा गेला कळले नाही.,Positive
अशा चित्रपटांमुळे मराठी सिनेमाची बदनामी होते. अभिनेत्यांचा अभिनय अगदीच सुमार आणि कृत्रिम वाटला. पार्श्वसंगीत उगाचच मोठ्या आवाजात आणि त्रासदायक वाटतं. छायाचित्रण अगदीच सामान्य दर्जाचं आहे. अपेक्षा घेऊन गेलात तर नक्कीच निराश व्हाल.,Negative
चित्रपटाने अजिबात निराश केले नाही; पटकथा विशेष आकर्षक आहे.,Positive
संपूर्ण चित्रपट अप्रभावी आहे आणि दृश्यरचना मुळे अनुभव खराब झाला.,Negative
या चित्रपटाची शेवट मनाला भिडते आणि शेवट समाधानकारक वाटतो.,Positive
कथा अजिबात कंटाळवाणा नाही आणि कुटुंबासोबत पाहण्यासारखा अनुभव मिळतो.,Positive
चित्रपटाने निराश केले नाही; अनुभव खूप आनंददायी होता. चित्रपट पाहताना उत्सुकता कायम राहते.,Positive
पटकथा आणि विनोदी प्रसंग दोन्ही उत्तम आहेत; त्यामुळे वेळ कसा गेला कळले नाही.,Positive
"पूर्ण कुटुंबासोबत बघण्यासारखा सुंदर चित्रपट आहे. छायाचित्रण अप्रतिम आहे, प्रत्येक फ्रेम एखाद्या चित्रासारखी वाटते. पुन्हा एकदा बघायला नक्कीच आवडेल.",Positive
संपूर्ण मांडणीमध्ये काहीही कंटाळवाणा वाटत नाही; मांडणी खूप नैसर्गिक आहे.,Positive
चित्रपटातील शेवट पाहून प्रत्येक प्रसंग लक्षात राहतो; एकूण अनुभव रंजक आहे.,Positive
चित्रपटाने काही दृश्ये अजिबात गरजेची वाटत नाहीत आणि शेवट खरोखर फिका आहे.,Negative
चित्रपटातील संगीत पाहून कथा पुढे सरकत नाही; एकूण अनुभव अतिशय संथ आहे.,Negative
अपेक्षा खूप होत्या पण चित्रपटाने साफ निराश केलं. पटकथा खूपच विस्कळीत असल्यामुळे कथा नीट समजतच नाही. OTT वर आला तरी बघावासा वाटत नाही.,Negative
सुरुवातीला कथा सुंदर आणि आकर्षक वाटते; उत्तम नाही असे एकूण चित्रपटाबद्दल म्हणता येणार नाही. तरी दुसऱ्या अर्ध्यात दिग्दर्शन कमकुवत होते. त्यामुळे अंतिम अनुभव अपेक्षाभंग करणारा ठरतो.,Negative
सुंदर नाही असे अंतिम निष्कर्ष काढणे योग्य ठरणार नाही. सुरुवातीला कथा सुंदर आणि आकर्षक वाटते; पण पुढे पटकथा पूर्णपणे गोंधळते. एकूण अनुभव मात्र निराशाजनक आहे.,Negative
कथेपासून अभिनयापर्यंत सर्व काही प्रभावी वाटले; प्रत्येक प्रसंग लक्षात राहतो.,Positive
हा चित्रपट पुन्हा पाहावासा वाटतो कारण संगीत खूप कौतुकास्पद आहे.,Positive
कंटाळवाणा नाही असे अंतिम निष्कर्ष काढणे योग्य ठरणार नाही. सुरुवात थोडी कंटाळवाणी आणि संथ आहे; मात्र दुसऱ्या अर्ध्यात चित्रपट पूर्णपणे बदलतो. त्यामुळे चित्रपट पाहिल्याचा निर्णय योग्य वाटतो.,Positive
चांगला नाही असे अंतिम निष्कर्ष काढणे योग्य ठरणार नाही. सुरुवातीला कथा सुंदर आणि आकर्षक वाटते; पण पुढे पटकथा पूर्णपणे गोंधळते. एकूण अनुभव मात्र निराशाजनक आहे.,Negative
पार्श्वसंगीत इतका कमकुवत आहे की शेवट निराश करतो.,Negative
संपूर्ण चित्रपट रंजक आहे आणि पटकथा मुळे अनुभव आणखी सुंदर झाला.,Positive
"एकदम भारी चित्रपट, अपेक्षेपेक्षा जास्त आवडला. पटकथा घट्ट बांधलेली असल्यामुळे कुठेही कंटाळा येत नाही. या चित्रपटाला पाच पैकी पाच स्टार्स.",Positive
चित्रपट अजिबात रंजक नाही; उलट संवाद खूप कमकुवत आहे.,Negative
"सुरुवात थोडी कंटाळवाणी आणि संथ आहे; कमकुवत नाही असे एकूण चित्रपटाबद्दल म्हणता येणार नाही. मात्र दुसऱ्या अर्ध्यात चित्रपट पूर्णपणे बदलतो. शेवट अजिबात खराब नाही, उलट मनाला भिडतो.",Positive
हा चित्रपट उत्तम वाटतो; सर्व कलाकारांची कामगिरी लक्षात राहते.,Positive
चित्रपटाने काही दृश्ये अजिबात गरजेची वाटत नाहीत आणि अभिनय खरोखर अस्ताव्यस्त आहे.,Negative
चित्रपटातील कथानक पाहून कलाकारांनी भूमिका जिवंत केल्या आहेत; एकूण अनुभव रंजक आहे.,Positive
हा अनुभव सुंदर नसून खूप अतिशय संथ आहे; वेळ वाया गेल्यासारखे वाटले.,Negative
पार्श्वसंगीत आणि कथानक दोन्ही प्रभावी आहेत; त्यामुळे कथा शेवटपर्यंत पकडून ठेवते.,Positive
"चित्रपटात दृश्यरचना उत्तम आहे, त्यामुळे प्रत्येक फ्रेम विचारपूर्वक सादर केली आहे.",Positive
खूप दिवसांनी असा जबरदस्त चित्रपट पाहिला. दिग्दर्शनातली बारकाई प्रत्येक दृश्यात जाणवते. विनोदी प्रसंग अगदी सहज आणि टाइमिंगसह मांडले आहेत.,Positive
या कलाकृतीमध्ये काहीही उत्कृष्ट वाटत नाही; छायाचित्रण खूप कंटाळवाणा आहे.,Negative
निराशाजनक नाही असे अंतिम निष्कर्ष काढणे योग्य ठरणार नाही. सुरुवात थोडी कंटाळवाणी आणि संथ आहे; मात्र दुसऱ्या अर्ध्यात चित्रपट पूर्णपणे बदलतो. अखेरीस हा अनुभव अजिबात असमाधानकारक राहत नाही.,Positive
चित्रपटातील पटकथा पाहून प्रत्येक फ्रेम विचारपूर्वक सादर केली आहे; एकूण अनुभव उत्तम आहे.,Positive
"चित्रपट संथ नाही असे सुरुवातीला वाटले, पण नंतर वेग पूर्णपणे कमी झाला. यामुळे चित्रपटाचा प्रभाव कमी होतो.",Negative
"असमाधानकारक नाही असे अंतिम निष्कर्ष काढणे योग्य ठरणार नाही. सुरुवात थोडी कंटाळवाणी आणि संथ आहे; तरी पुढे पात्रांचा प्रवास खूप प्रभावी होतो. शेवट अजिबात खराब नाही, उलट मनाला भिडतो.",Positive
हा चित्रपट अपेक्षेपेक्षा आकर्षक निघाला आणि वेळ कसा गेला कळले नाही.,Positive
दिग्दर्शन इतका गोंधळलेला आहे की शेवट निराश करतो.,Negative
शेवट इतका उत्कृष्ट आहे की कुटुंबासोबत पाहण्यासारखा अनुभव मिळतो.,Positive
चित्रपटाने दिग्दर्शकाने विषयाला योग्य न्याय दिला आणि मांडणी खरोखर रंजक आहे.,Positive
संपूर्ण चित्रपट अतिशय संथ आहे आणि दृश्यरचना मुळे अनुभव खराब झाला.,Negative
या चित्रपटाची कथा मनाला भिडते आणि भावनिक प्रसंग मनाला स्पर्श करतात.,Positive
या चित्रपटाची संवाद निराश करते आणि कथानकात नवीनपणा जाणवत नाही.,Negative
चित्रपटाने कथा पुढे सरकत नाही आणि छायाचित्रण खरोखर कंटाळवाणा आहे.,Negative
चित्रपट अजिबात मनोरंजक नाही आणि वेळ वाया गेल्यासारखे वाटले. एकूण अनुभव समाधानकारक वाटत नाही.,Negative
सुरुवातीला कथा सुंदर आणि आकर्षक वाटते; मनाला भिडणारा नाही असे एकूण चित्रपटाबद्दल म्हणता येणार नाही. मात्र नंतर कथा इतकी रटाळ होते. एकूण चित्रपट सकारात्मक कारणांसाठी लक्षात राहत नाही.,Negative
सुरुवात थोडी कंटाळवाणी आणि संथ आहे; कमकुवत नाही असे एकूण चित्रपटाबद्दल म्हणता येणार नाही. मात्र दुसऱ्या अर्ध्यात चित्रपट पूर्णपणे बदलतो. त्यामुळे चित्रपट पाहिल्याचा निर्णय योग्य वाटतो.,Positive
खरंच अशा चित्रपटांची गरज आहे मराठी सृष्टीला. व्हीएफएक्स दर्जेदार असून हॉलिवूडच्या तोडीचे वाटतात. असे चित्रपट वारंवार यायला हवेत.,Positive
कथेपासून अभिनयापर्यंत बरेच काही फिका वाटले; कथानकात नवीनपणा जाणवत नाही.,Negative
या कलाकृतीमध्ये काहीही मनमोहक वाटत नाही; मुख्य कलाकाराचा अभिनय खूप सुमार आहे.,Negative
कथेपासून अभिनयापर्यंत सर्व काही उत्कृष्ट वाटले; वेळ कसा गेला कळले नाही.,Positive
सिनेमागृहातून बाहेर पडताना खूप वैताग आला. अभिनेत्यांचा अभिनय अगदीच सुमार आणि कृत्रिम वाटला. शेवट इतका घाईघाईत गुंडाळलेला आहे की निराशा होते. OTT वर आला तरी बघावासा वाटत नाही.,Negative
"चित्रपट पाहताना दिग्दर्शकाने विषयाला योग्य न्याय दिला, कारण संगीत खूप उत्तम आहे.",Positive
चित्रपटाने सर्व कलाकारांची कामगिरी लक्षात राहते आणि विनोदी प्रसंग खरोखर आकर्षक आहे.,Positive
संगीत इतका सुंदर आहे की भावनिक प्रसंग मनाला स्पर्श करतात.,Positive
संपूर्ण मांडणीमध्ये काहीही अप्रभावी वाटत नाही; पार्श्वसंगीत खूप प्रभावी आहे.,Positive
सुरुवात थोडी कंटाळवाणी आणि संथ आहे; निराश केले नाही असे एकूण चित्रपटाबद्दल म्हणता येणार नाही. तरी पुढे पात्रांचा प्रवास खूप प्रभावी होतो. उणिवा असूनही शेवटी चित्रपट मन जिंकून घेतो.,Positive
चित्रपटातील संवाद पाहून अनेक प्रसंग विनाकारण लांबवले आहेत; एकूण अनुभव गोंधळलेला आहे.,Negative
"चित्रपटात अभिनय उत्तम आहे, त्यामुळे कथा शेवटपर्यंत पकडून ठेवते.",Positive
"चित्रपटात दृश्यरचना उत्तम आहे, त्यामुळे कथा शेवटपर्यंत पकडून ठेवते.",Positive
चांगला नाही असे अंतिम निष्कर्ष काढणे योग्य ठरणार नाही. सुरुवातीला कथा सुंदर आणि आकर्षक वाटते; मात्र नंतर कथा इतकी रटाळ होते. शेवटी चित्रपट समाधान देत नाही.,Negative
चित्रपटाची अभिनय खूप दर्जेदार आहे आणि सर्व कलाकारांची कामगिरी लक्षात राहते.,Positive
"सुरुवात थोडी कंटाळवाणी आणि संथ आहे; कंटाळवाणा नाही असे एकूण चित्रपटाबद्दल म्हणता येणार नाही. मात्र दुसऱ्या अर्ध्यात चित्रपट पूर्णपणे बदलतो. एकूण अनुभव वाईट नाही, उलट समाधानकारक आहे.",Positive
हा अनुभव रंजक नसून खूप अस्ताव्यस्त आहे; कथानकात नवीनपणा जाणवत नाही.,Negative
चित्रपट अजिबात अप्रभावी नाही; उलट कथानक खूप आकर्षक आहे.,Positive
कथाचा संवाद निराशाजनक असून अनेक प्रसंग विनाकारण लांबवले आहेत.,Negative
"चित्रपटात विनोदी प्रसंग कमकुवत आहे, त्यामुळे शेवट निराश करतो.",Negative
भावनिक सादरीकरण आणि विनोदी प्रसंग दोन्ही फिका आहेत; त्यामुळे कथा पुढे सरकत नाही.,Negative
"अभिनय निराशाजनक नाही, कलाकारांनी भूमिका छान साकारल्या आहेत. कलाकारांचे कामही मनापासून आवडले.",Positive
चित्रपटाची विनोदी प्रसंग खूप कृत्रिम आहे आणि अनेक प्रसंग विनाकारण लांबवले आहेत.,Negative
सुरुवात थोडी कंटाळवाणी आणि संथ आहे; अपेक्षाभंग करणारा नाही असे एकूण चित्रपटाबद्दल म्हणता येणार नाही. मात्र दुसऱ्या अर्ध्यात चित्रपट पूर्णपणे बदलतो. चित्रपटाने निराश केले नाही; उलट तो खूप आवडला.,Positive
"सुरुवात थोडी कंटाळवाणी आणि संथ आहे; वाईट नाही असे एकूण चित्रपटाबद्दल म्हणता येणार नाही. तरी पुढे पात्रांचा प्रवास खूप प्रभावी होतो. शेवट अजिबात खराब नाही, उलट मनाला भिडतो.",Positive
"चित्रपट पाहताना प्रत्येक प्रसंग लक्षात राहतो, कारण शेवट खूप आकर्षक आहे.",Positive
"सुरुवात थोडी कंटाळवाणी आणि संथ आहे; कमकुवत नाही असे एकूण चित्रपटाबद्दल म्हणता येणार नाही. पण पुढे कथा इतकी सुंदर उलगडते. एकूण अनुभव वाईट नाही, उलट समाधानकारक आहे.",Positive
भावनिक सादरीकरण आणि दृश्यरचना दोन्ही उत्कृष्ट आहेत; त्यामुळे प्रत्येक प्रसंग लक्षात राहतो.,Positive
हा चित्रपट पुन्हा पाहावासा वाटत नाही कारण भावनिक सादरीकरण खूप कृत्रिम आहे.,Negative
कथा वेगळी असली तरी तिची मांडणी चांगली नाही. त्यामुळे एकूण अनुभव निराशाजनक झाला.,Negative
हा चित्रपट पुन्हा पाहावासा वाटत नाही कारण दिग्दर्शन खूप अप्रभावी आहे.,Negative
"कमकुवत नाही असे अंतिम निष्कर्ष काढणे योग्य ठरणार नाही. सुरुवात थोडी कंटाळवाणी आणि संथ आहे; तरी पुढे पात्रांचा प्रवास खूप प्रभावी होतो. शेवट अजिबात खराब नाही, उलट मनाला भिडतो.",Positive
चित्रपटाने कथा शेवटपर्यंत पकडून ठेवते आणि दृश्यरचना खरोखर प्रभावी आहे.,Positive
चित्रपटाने अजिबात निराश केले नाही; मुख्य कलाकाराचा अभिनय विशेष उत्कृष्ट आहे.,Positive
अभिनय आणि मांडणी दोन्ही अप्रतिम आहेत; त्यामुळे संगीताने प्रसंगांची परिणामकारकता वाढवली.,Positive
कमकुवत नाही असे अंतिम निष्कर्ष काढणे योग्य ठरणार नाही. सुरुवात थोडी कंटाळवाणी आणि संथ आहे; मात्र दुसऱ्या अर्ध्यात चित्रपट पूर्णपणे बदलतो. म्हणून एकूण चित्रपट अपेक्षेपेक्षा सुंदर वाटतो.,Positive
थिएटरमध्ये अर्ध्यातच झोप येत होती. संगीत काहीच लक्षात राहण्यासारखं नाही.,Negative
हा अनुभव रंजक नसून खूप अप्रभावी आहे; कलाकारांच्या कामगिरीत उत्साह जाणवत नाही.,Negative
संपूर्ण चित्रपट कंटाळवाणा आहे आणि मांडणी मुळे अनुभव खराब झाला.,Negative
हा चित्रपट निरस वाटतो; भावनिक प्रसंगांचा परिणाम होत नाही.,Negative
कथा अजिबात दर्जेदार नाही आणि संवाद कृत्रिम वाटतात.,Negative
हा चित्रपट अपेक्षेपेक्षा कंटाळवाणा निघाला आणि कथा पुढे सरकत नाही.,Negative
निराश केले नाही असे अंतिम निष्कर्ष काढणे योग्य ठरणार नाही. सुरुवात थोडी कंटाळवाणी आणि संथ आहे; तरी पुढे पात्रांचा प्रवास खूप प्रभावी होतो. उणिवा असूनही शेवटी चित्रपट मन जिंकून घेतो.,Positive
"सुरुवात थोडी कंटाळवाणी आणि संथ आहे; मनाला न पटणारा नाही असे एकूण चित्रपटाबद्दल म्हणता येणार नाही. मात्र दुसऱ्या अर्ध्यात चित्रपट पूर्णपणे बदलतो. शेवट अजिबात खराब नाही, उलट मनाला भिडतो.",Positive
मांडणी इतका कृत्रिम आहे की संवाद कृत्रिम वाटतात.,Negative
चित्रपट अजिबात निराशाजनक नाही; उलट संवाद खूप उत्कृष्ट आहे.,Positive
हा अनुभव निराशाजनक नसून खूप आकर्षक आहे; सर्व कलाकारांची कामगिरी लक्षात राहते.,Positive
पटकथा विस्कळीत नाही आणि कथानक सहज समजते. पुन्हा पाहायला देखील आवडेल.,Positive
सुरुवातीला कथा सुंदर आणि आकर्षक वाटते; आशादायक नाही असे एकूण चित्रपटाबद्दल म्हणता येणार नाही. पण पुढे पटकथा पूर्णपणे गोंधळते. एकूण परिणाम वाईट आणि असमाधानकारक राहतो.,Negative
संपूर्ण चित्रपट निरस आहे आणि मुख्य कलाकाराचा अभिनय मुळे अनुभव खराब झाला.,Negative
या चित्रपटाची कथानक निराश करते आणि कथानकात नवीनपणा जाणवत नाही.,Negative
एकदम झकास सिनेमा आहे भाऊ!,Positive
"चित्रपट पाहताना कुटुंबासोबत पाहण्यासारखा अनुभव मिळतो, कारण मुख्य कलाकाराचा अभिनय खूप दर्जेदार आहे.",Positive
सुरुवात थोडी कंटाळवाणी आणि संथ आहे; असमाधानकारक नाही असे एकूण चित्रपटाबद्दल म्हणता येणार नाही. तरी पुढे पात्रांचा प्रवास खूप प्रभावी होतो. त्यामुळे सुरुवातीचे नकारात्मक संकेत दिशाभूल करणारे ठरतात.,Positive
"मस्त सिनेमा आहे, नक्की बघा. क्लायमॅक्स इतका जबरदस्त आहे की अंगावर काटा येतो. पटकथा घट्ट बांधलेली असल्यामुळे कुठेही कंटाळा येत नाही. विनोदी प्रसंग अगदी सहज आणि टाइमिंगसह मांडले आहेत.",Positive
हा चित्रपट पुन्हा पाहावासा वाटतो कारण पार्श्वसंगीत खूप दर्जेदार आहे.,Positive
"सुरुवातीला कथा सुंदर आणि आकर्षक वाटते. पण पुढे पटकथा पूर्णपणे गोंधळते, पण त्यामुळे अंतिम अनुभव अपेक्षाभंग करणारा ठरतो.",Negative
चांगला नाही असे अंतिम निष्कर्ष काढणे योग्य ठरणार नाही. सुरुवातीला कथा सुंदर आणि आकर्षक वाटते; पण पुढे पटकथा पूर्णपणे गोंधळते. त्यामुळे सुंदर क्षण असूनही चित्रपट आवडत नाही.,Negative
दिग्दर्शन सामान्य नाही; अनेक दृश्ये प्रभावी आहेत. चित्रपट पाहताना उत्सुकता कायम राहते.,Positive
कथा अजिबात मनमोहक नाही आणि पटकथा शेवटपर्यंत प्रभावी राहत नाही.,Negative
मनाला न पटणारा नाही असे अंतिम निष्कर्ष काढणे योग्य ठरणार नाही. सुरुवात थोडी कंटाळवाणी आणि संथ आहे; मात्र दुसऱ्या अर्ध्यात चित्रपट पूर्णपणे बदलतो. त्यामुळे सुरुवातीचे नकारात्मक संकेत दिशाभूल करणारे ठरतात.,Positive
फारसा वाईट नाही असे अंतिम निष्कर्ष काढणे योग्य ठरणार नाही. सुरुवात थोडी कंटाळवाणी आणि संथ आहे; पण पुढे कथा इतकी सुंदर उलगडते. चित्रपटाने निराश केले नाही; उलट तो खूप आवडला.,Positive
कथा इतका फिका आहे की चित्रपट पाहिल्यानंतर विशेष काही लक्षात राहत नाही.,Negative
या चित्रपटाची दिग्दर्शन निराश करते आणि दिग्दर्शनाने विषयाला योग्य न्याय दिला नाही.,Negative
सुरुवात थोडी कंटाळवाणी आणि संथ आहे; मनाला न पटणारा नाही असे एकूण चित्रपटाबद्दल म्हणता येणार नाही. तरी पुढे पात्रांचा प्रवास खूप प्रभावी होतो. त्यामुळे चित्रपट पाहिल्याचा निर्णय योग्य वाटतो.,Positive
हा चित्रपट खरंच अप्रतिम होता. अभिनेत्यांचा अभिनय खूपच नैसर्गिक आणि प्रभावी वाटला. मराठी चित्रपटसृष्टीसाठी अभिमानास्पद कलाकृती आहे.,Positive
हा अनुभव कंटाळवाणा नसून खूप मनमोहक आहे; कलाकारांनी भूमिका जिवंत केल्या आहेत.,Positive
कथानकमध्ये काहीही अप्रभावी वाटत नाही; भावनिक सादरीकरण खूप नैसर्गिक आहे.,Positive
कथाचा संगीत उत्कृष्ट असून चित्रपटाचा अनुभव मनाला आनंद देतो.,Positive
हा चित्रपट रंजक वाटतो; सर्व कलाकारांची कामगिरी लक्षात राहते.,Positive
पूर्ण चित्रपटभर काहीच लॉजिक सापडलं नाही. संगीत काहीच लक्षात राहण्यासारखं नाही. दिग्दर्शन अगदीच कमकुवत असून प्रसंगांची मांडणी विस्कळीत आहे. पटकथा खूपच विस्कळीत असल्यामुळे कथा नीट समजतच नाही. अपेक्षा घेऊन गेलात तर नक्कीच निराश व्हाल.,Negative
पटकथा आणि छायाचित्रण दोन्ही निराशाजनक आहेत; त्यामुळे कथा पुढे सरकत नाही.,Negative
या कलाकृतीचा पटकथा सुंदर असून कलाकारांनी भूमिका जिवंत केल्या आहेत.,Positive
चित्रपटाने पूर्णपणे निराश केले; पार्श्वसंगीत विशेष कंटाळवाणा आहे.,Negative
कथा आणि पार्श्वसंगीत दोन्ही हृदयस्पर्शी आहेत; त्यामुळे कुटुंबासोबत पाहण्यासारखा अनुभव मिळतो.,Positive
हा चित्रपट पुन्हा पाहावासा वाटतो कारण शेवट खूप कौतुकास्पद आहे.,Positive
मनाला भिडणारा नाही असे अंतिम निष्कर्ष काढणे योग्य ठरणार नाही. सुरुवातीला कथा सुंदर आणि आकर्षक वाटते; तरी दुसऱ्या अर्ध्यात दिग्दर्शन कमकुवत होते. त्यामुळे हा चित्रपट समाधानकारक म्हणता येत नाही.,Negative
"अभिनय बनावटीचा वाटला नाही, तो खूप नैसर्गिक आहे. त्यामुळे एकूण अनुभव खूप चांगला झाला.",Positive
यशस्वी नाही असे अंतिम निष्कर्ष काढणे योग्य ठरणार नाही. सुरुवातीला कथा सुंदर आणि आकर्षक वाटते; पण पुढे पटकथा पूर्णपणे गोंधळते. एकूण चित्रपट सकारात्मक कारणांसाठी लक्षात राहत नाही.,Negative
सुरुवातीपासूनच चित्रपट प्रेक्षकांना पकडून ठेवतो. संवाद खूप प्रभावी असून थेट मनाला भिडतात.,Positive
हा चित्रपट पुन्हा पाहावासा वाटतो कारण छायाचित्रण खूप हृदयस्पर्शी आहे.,Positive
खूप दिवसांनी असा जबरदस्त चित्रपट पाहिला. प्रत्येक कलाकाराने आपल्या भूमिकेला योग्य न्याय दिला आहे.,Positive
या चित्रपटाची कथा मनाला भिडते आणि संगीताने प्रसंगांची परिणामकारकता वाढवली.,Positive
कथा अजिबात मनमोहक नाही आणि वेळ वाया गेल्यासारखे वाटले.,Negative
सिनेमागृहातून बाहेर पडताना चेहऱ्यावर हसू होतं. प्रत्येक कलाकाराने आपल्या भूमिकेला योग्य न्याय दिला आहे. मराठी चित्रपटसृष्टीसाठी अभिमानास्पद कलाकृती आहे.,Positive
"चित्रपट पाहताना दिग्दर्शकाने विषयाला योग्य न्याय दिला, कारण कथानक खूप दर्जेदार आहे.",Positive
संपूर्ण मांडणीचा संगीत रंजक असून सर्व कलाकारांची कामगिरी लक्षात राहते.,Positive
"चित्रपटात छायाचित्रण उत्तम आहे, त्यामुळे दिग्दर्शकाने विषयाला योग्य न्याय दिला.",Positive
"सुरुवात थोडी कंटाळवाणी आणि संथ आहे; अपेक्षाभंग करणारा नाही असे एकूण चित्रपटाबद्दल म्हणता येणार नाही. मात्र दुसऱ्या अर्ध्यात चित्रपट पूर्णपणे बदलतो. एकूण अनुभव वाईट नाही, उलट समाधानकारक आहे.",Positive
कथामध्ये काहीही उत्तम वाटत नाही; मुख्य कलाकाराचा अभिनय खूप कृत्रिम आहे.,Negative
चित्रपटाची भावनिक सादरीकरण खूप अंदाजे आहे आणि कथा पुढे सरकत नाही.,Negative
कथेपासून अभिनयापर्यंत बरेच काही अंदाजे वाटले; चित्रपट पाहिल्यानंतर विशेष काही लक्षात राहत नाही.,Negative
"चित्रपट पाहताना चित्रपट पाहिल्यानंतर विशेष काही लक्षात राहत नाही, कारण कथा खूप निरस आहे.",Negative
चित्रपटाने कथानकात नवीनपणा जाणवत नाही आणि पटकथा खरोखर कंटाळवाणा आहे.,Negative
सिनेमागृहातून बाहेर पडताना चेहऱ्यावर हसू होतं. विनोदी प्रसंग अगदी सहज आणि टाइमिंगसह मांडले आहेत. पार्श्वसंगीत प्रसंगांची तीव्रता अजून वाढवतं. दिग्दर्शनातली बारकाई प्रत्येक दृश्यात जाणवते. पुन्हा एकदा बघायला नक्कीच आवडेल.,Positive
पटकथा आणि कथा दोन्ही अप्रतिम आहेत; त्यामुळे भावनिक प्रसंग मनाला स्पर्श करतात.,Positive
या चित्रपटाची शेवट निराश करते आणि पटकथा शेवटपर्यंत प्रभावी राहत नाही.,Negative
चित्रपटातील दृश्यरचना पाहून कलाकारांच्या कामगिरीत उत्साह जाणवत नाही; एकूण अनुभव कृत्रिम आहे.,Negative
संपूर्ण चित्रपट नैसर्गिक आहे आणि दिग्दर्शन मुळे अनुभव आणखी सुंदर झाला.,Positive
संगीत आणि विनोदी प्रसंग दोन्ही अतिशय संथ आहेत; त्यामुळे काही दृश्ये अजिबात गरजेची वाटत नाहीत.,Negative
असमाधानकारक नाही असे अंतिम निष्कर्ष काढणे योग्य ठरणार नाही. सुरुवात थोडी कंटाळवाणी आणि संथ आहे; मात्र दुसऱ्या अर्ध्यात चित्रपट पूर्णपणे बदलतो. उणिवा असूनही शेवटी चित्रपट मन जिंकून घेतो.,Positive
"सुरुवातीपासूनच चित्रपट प्रेक्षकांना पकडून ठेवतो. छायाचित्रण अप्रतिम आहे, प्रत्येक फ्रेम एखाद्या चित्रासारखी वाटते. पुन्हा एकदा बघायला नक्कीच आवडेल.",Positive
चित्रपट अजिबात अप्रभावी नाही; उलट शेवट खूप नैसर्गिक आहे.,Positive
या चित्रपटाची अभिनय मनाला भिडते आणि कथा शेवटपर्यंत पकडून ठेवते.,Positive
हा चित्रपट पुन्हा पाहावासा वाटतो कारण कथा खूप कौतुकास्पद आहे.,Positive
कथा अजिबात कंटाळवाणी नाही आणि अभिनयही सुंदर आहे. कलाकारांचे कामही मनापासून आवडले.,Positive
"चित्रपटात मुख्य कलाकाराचा अभिनय कमकुवत आहे, त्यामुळे कथानकात नवीनपणा जाणवत नाही.",Negative
कथेपासून अभिनयापर्यंत सर्व काही कौतुकास्पद वाटले; संगीताने प्रसंगांची परिणामकारकता वाढवली.,Positive
"फालतू टाइमपास, अजिबात आवडला नाही.",Negative
हा चित्रपट नैसर्गिक वाटतो; संगीताने प्रसंगांची परिणामकारकता वाढवली.,Positive
या चित्रपटाची संगीत मनाला भिडते आणि प्रत्येक प्रसंग लक्षात राहतो.,Positive
"सुरुवात थोडी कंटाळवाणी आणि संथ आहे; अपेक्षाभंग करणारा नाही असे एकूण चित्रपटाबद्दल म्हणता येणार नाही. पण पुढे कथा इतकी सुंदर उलगडते. शेवट अजिबात खराब नाही, उलट मनाला भिडतो.",Positive
अभिनय इतका उत्तम आहे की कथा शेवटपर्यंत पकडून ठेवते.,Positive
"अभिनय वाईट नाही असे काही प्रसंगांत वाटते, पण एकूण कामगिरी कमकुवत आहे. त्यामुळे पुन्हा पाहण्याची इच्छा होत नाही.",Negative
चित्रपट अजिबात सुंदर नाही; उलट दृश्यरचना खूप कृत्रिम आहे.,Negative
या चित्रपटाची शेवट निराश करते आणि दिग्दर्शनाने विषयाला योग्य न्याय दिला नाही.,Negative
सुरुवातीपासून शेवटपर्यंत चित्रपट गोंधळलेला राहतो आणि कथानकात नवीनपणा जाणवत नाही.,Negative
हा चित्रपट पुन्हा पाहावासा वाटत नाही कारण संगीत खूप कृत्रिम आहे.,Negative
हा चित्रपट अपेक्षेपेक्षा फिका निघाला आणि कथानकात नवीनपणा जाणवत नाही.,Negative
"चित्रपटात मांडणी उत्तम आहे, त्यामुळे प्रत्येक प्रसंग लक्षात राहतो.",Positive
सुरुवातीला कथा सुंदर आणि आकर्षक वाटते; मनाला भिडणारा नाही असे एकूण चित्रपटाबद्दल म्हणता येणार नाही. पण पुढे पटकथा पूर्णपणे गोंधळते. शेवटी चित्रपट समाधान देत नाही.,Negative
हा अनुभव दर्जेदार नसून खूप फिका आहे; चित्रपट पाहताना वारंवार कंटाळा आला.,Negative
सुरुवातीला कथा सुंदर आणि आकर्षक वाटते; सुंदर नाही असे एकूण चित्रपटाबद्दल म्हणता येणार नाही. मात्र नंतर कथा इतकी रटाळ होते. एकूण चित्रपट सकारात्मक कारणांसाठी लक्षात राहत नाही.,Negative
पूर्ण चित्रपटभर काहीच लॉजिक सापडलं नाही. पटकथा खूपच विस्कळीत असल्यामुळे कथा नीट समजतच नाही. काही कलाकारांची निवडच चुकीची वाटते. पूर्णपणे टाइमपास वाया गेला असं वाटलं.,Negative
भावनिक सादरीकरण इतका उत्कृष्ट आहे की प्रत्येक प्रसंग लक्षात राहतो.,Positive
सुरुवात थोडी कंटाळवाणी आणि संथ आहे; पण पुढे कथा इतकी सुंदर उलगडते. सुरुवातीच्या उणिवा असूनही हा चित्रपट लक्षात राहतो.,Positive
फारसा वाईट नाही असे अंतिम निष्कर्ष काढणे योग्य ठरणार नाही. सुरुवात थोडी कंटाळवाणी आणि संथ आहे; मात्र दुसऱ्या अर्ध्यात चित्रपट पूर्णपणे बदलतो. सुरुवातीच्या उणिवा असूनही हा चित्रपट लक्षात राहतो.,Positive
सुरुवातीपासून शेवटपर्यंत चित्रपट दर्जेदार राहतो आणि सर्व कलाकारांची कामगिरी लक्षात राहते.,Positive
"चित्रपट पाहताना वेळ वाया गेल्यासारखे वाटले, कारण मुख्य कलाकाराचा अभिनय खूप अतिशय संथ आहे.",Negative
"क्लासच आहे राव, बघाच एकदा. संगीत कानाला खूप गोड लागतं आणि गाणी सुद्धा सुरेख आहेत.",Positive
"एवढा भिकार सिनेमा अलीकडे बघितला नव्हता. काही कलाकारांची निवडच चुकीची वाटते. संगीत काहीच लक्षात राहण्यासारखं नाही. गाणी उगाचच घुसवल्यासारखी वाटतात, कथेशी संबंधच नाही. मराठी सिनेमाच्या नावाला कमीपणा आणणारा चित्रपट आहे.",Negative
"एकदम भारी चित्रपट, अपेक्षेपेक्षा जास्त आवडला. भावनिक प्रसंगांमध्ये डोळ्यात पाणी आल्याशिवाय राहत नाही. पुन्हा एकदा बघायला नक्कीच आवडेल.",Positive
हा चित्रपट अपेक्षेपेक्षा प्रभावी निघाला आणि कथा शेवटपर्यंत पकडून ठेवते.,Positive
चित्रपटाने पूर्णपणे निराश केले; संवाद विशेष अस्ताव्यस्त आहे.,Negative
इतका रटाळ चित्रपट खूप दिवसांनी पाहिला. कथेत इतके लॉजिकल गॅप्स आहेत की डोकं दुखायला लागतं.,Negative
"सिनेमा बघून मन अगदी प्रसन्न झालं. छायाचित्रण अप्रतिम आहे, प्रत्येक फ्रेम एखाद्या चित्रासारखी वाटते. व्हीएफएक्स दर्जेदार असून हॉलिवूडच्या तोडीचे वाटतात. सहकलाकारांचाही अभिनय तितकाच दमदार आहे. या चित्रपटाला पाच पैकी पाच स्टार्स.",Positive
कथेपासून अभिनयापर्यंत सर्व काही आकर्षक वाटले; शेवट समाधानकारक वाटतो.,Positive
हा चित्रपट गोंधळलेला वाटतो; कथा पुढे सरकत नाही.,Negative
संगीत इतका कमकुवत आहे की चित्रपट पाहिल्यानंतर विशेष काही लक्षात राहत नाही.,Negative
संपूर्ण चित्रपट अप्रभावी आहे आणि पार्श्वसंगीत मुळे अनुभव खराब झाला.,Negative
संपूर्ण चित्रपट उत्तम आहे आणि पार्श्वसंगीत मुळे अनुभव आणखी सुंदर झाला.,Positive
"चित्रपट पाहताना चित्रपटाचा अनुभव मनाला आनंद देतो, कारण कथानक खूप नैसर्गिक आहे.",Positive
कथानकचा मुख्य कलाकाराचा अभिनय सुमार असून कलाकारांच्या कामगिरीत उत्साह जाणवत नाही.,Negative
"उगाच हाईप केलेला सिनेमा, प्रत्यक्षात काही दम नाही. अभिनेत्यांचा अभिनय अगदीच सुमार आणि कृत्रिम वाटला. गाणी उगाचच घुसवल्यासारखी वाटतात, कथेशी संबंधच नाही.",Negative
चित्रपटाची पार्श्वसंगीत खूप कंटाळवाणा आहे आणि संवाद कृत्रिम वाटतात.,Negative
"चित्रपट पाहताना कथा शेवटपर्यंत पकडून ठेवते, कारण भावनिक सादरीकरण खूप अप्रतिम आहे.",Positive
या चित्रपटाची शेवट मनाला भिडते आणि प्रत्येक फ्रेम विचारपूर्वक सादर केली आहे.,Positive
सुरुवातीला कथा सुंदर आणि आकर्षक वाटते; आशादायक नाही असे एकूण चित्रपटाबद्दल म्हणता येणार नाही. मात्र नंतर कथा इतकी रटाळ होते. म्हणून चांगल्या सुरुवातीचा फारसा उपयोग होत नाही.,Negative
संगीत इतका कमकुवत आहे की कथानकात नवीनपणा जाणवत नाही.,Negative
कथा अजिबात वाईट नाही आणि कुटुंबासोबत पाहण्यासारखा अनुभव मिळतो.,Positive
प्रभावी नाही असे अंतिम निष्कर्ष काढणे योग्य ठरणार नाही. सुरुवातीला कथा सुंदर आणि आकर्षक वाटते; तरी दुसऱ्या अर्ध्यात दिग्दर्शन कमकुवत होते. एकूण परिणाम वाईट आणि असमाधानकारक राहतो.,Negative
हा चित्रपट पुन्हा पाहावासा वाटतो कारण दृश्यरचना खूप सुंदर आहे.,Positive
संपूर्ण चित्रपट गोंधळलेला आहे आणि संगीत मुळे अनुभव खराब झाला.,Negative
वाईट नाही असे अंतिम निष्कर्ष काढणे योग्य ठरणार नाही. सुरुवात थोडी कंटाळवाणी आणि संथ आहे; मात्र दुसऱ्या अर्ध्यात चित्रपट पूर्णपणे बदलतो. एकूण परिणाम सकारात्मक आणि समाधान देणारा आहे.,Positive
हा चित्रपट पुन्हा पाहावासा वाटत नाही कारण संवाद खूप गोंधळलेला आहे.,Negative
मित्रांच्या सांगण्यावरून गेलो पण खूप पश्चाताप झाला. क्लायमॅक्स अगदीच अपेक्षित आणि सपक झाला आहे. शेवट इतका घाईघाईत गुंडाळलेला आहे की निराशा होते. OTT वर आला तरी बघावासा वाटत नाही.,Negative
कथा अजिबात कंटाळवाणी नाही आणि अभिनयही सुंदर आहे. पुन्हा पाहायला देखील आवडेल.,Positive
हा चित्रपट निराश करत नाही असे म्हणणे कठीण आहे; अनेक गोष्टी खटकतात. त्यामुळे चित्रपट फारसा प्रभावी वाटत नाही.,Negative
चित्रपटाने कलाकारांच्या कामगिरीत उत्साह जाणवत नाही आणि मांडणी खरोखर सुमार आहे.,Negative
हा अनुभव कंटाळवाणा नसून खूप सुंदर आहे; कुटुंबासोबत पाहण्यासारखा अनुभव मिळतो.,Positive
चित्रपटमध्ये काहीही उत्तम वाटत नाही; पटकथा खूप अस्ताव्यस्त आहे.,Negative
मनाला न पटणारा नाही असे अंतिम निष्कर्ष काढणे योग्य ठरणार नाही. सुरुवात थोडी कंटाळवाणी आणि संथ आहे; पण पुढे कथा इतकी सुंदर उलगडते. म्हणून एकूण चित्रपट अपेक्षेपेक्षा सुंदर वाटतो.,Positive
कथानकमध्ये काहीही अप्रतिम वाटत नाही; कथा खूप सुमार आहे.,Negative
समाधानकारक नाही असे अंतिम निष्कर्ष काढणे योग्य ठरणार नाही. सुरुवातीला कथा सुंदर आणि आकर्षक वाटते; पण पुढे पटकथा पूर्णपणे गोंधळते. म्हणून चांगल्या सुरुवातीचा फारसा उपयोग होत नाही.,Negative
"सुरुवात थोडी कंटाळवाणी आणि संथ आहे. तरी पुढे पात्रांचा प्रवास खूप प्रभावी होतो, पण त्यामुळे चित्रपट पाहिल्याचा निर्णय योग्य वाटतो.",Positive
"हा चित्रपट वाईट नाही, उलट खूपच मनोरंजक आहे. त्यामुळे एकूण अनुभव खूप चांगला झाला.",Positive
कथाचा कथा कंटाळवाणा असून शेवट निराश करतो.,Negative
चित्रपटातील दृश्यरचना पाहून भावनिक प्रसंगांचा परिणाम होत नाही; एकूण अनुभव निरस आहे.,Negative
हा चित्रपट खरंच अप्रतिम होता. संवाद खूप प्रभावी असून थेट मनाला भिडतात. पुन्हा एकदा बघायला नक्कीच आवडेल.,Positive
या चित्रपटाची दृश्यरचना मनाला भिडते आणि प्रत्येक फ्रेम विचारपूर्वक सादर केली आहे.,Positive
हा चित्रपट पुन्हा पाहावासा वाटत नाही कारण अभिनय खूप कृत्रिम आहे.,Negative
छायाचित्रण इतका अंदाजे आहे की चित्रपट पाहिल्यानंतर विशेष काही लक्षात राहत नाही.,Negative
चित्रपटाची भावनिक सादरीकरण खूप सुमार आहे आणि अनेक प्रसंग विनाकारण लांबवले आहेत.,Negative
कथा अजिबात सुंदर नाही आणि पटकथा शेवटपर्यंत प्रभावी राहत नाही.,Negative
"अपेक्षा खूप होत्या पण चित्रपटाने साफ निराश केलं. विनोदी प्रसंग हास्यास्पद वाटतात, हसू येण्याऐवजी वैताग येतो.",Negative
खरंच अशा चित्रपटांची गरज आहे मराठी सृष्टीला. मुख्य कलाकारांनी आपापल्या भूमिका उत्कृष्टपणे साकारल्या आहेत. दिग्दर्शनातली बारकाई प्रत्येक दृश्यात जाणवते.,Positive
संपूर्ण चित्रपट सुमार आहे आणि विनोदी प्रसंग मुळे अनुभव खराब झाला.,Negative
पूर्ण चित्रपटभर काहीच लॉजिक सापडलं नाही. भावनिक प्रसंगांमध्ये सुद्धा काहीच परिणाम जाणवत नाही. दिग्दर्शन अगदीच कमकुवत असून प्रसंगांची मांडणी विस्कळीत आहे. कथेत इतके लॉजिकल गॅप्स आहेत की डोकं दुखायला लागतं. या चित्रपटाला दोन पैकी अर्धा स्टार सुद्धा जास्त आहे.,Negative
चित्रपटमध्ये काहीही अप्रभावी वाटत नाही; पटकथा खूप उत्तम आहे.,Positive
"चित्रपटात संवाद कमकुवत आहे, त्यामुळे चित्रपटाची लांबी त्रासदायक ठरते.",Negative
"वेळेचा आणि पैशांचा पूर्ण अपव्यय झाला. गाणी उगाचच घुसवल्यासारखी वाटतात, कथेशी संबंधच नाही. पार्श्वसंगीत उगाचच मोठ्या आवाजात आणि त्रासदायक वाटतं. कथेत काहीच नावीन्य नाही, सगळं आधीच पाहिलेलं वाटतं. OTT वर आला तरी बघावासा वाटत नाही.",Negative
चित्रपटाने अजिबात निराश केले नाही; दिग्दर्शन विशेष दर्जेदार आहे.,Positive
या चित्रपटाची पार्श्वसंगीत मनाला भिडते आणि भावनिक प्रसंग मनाला स्पर्श करतात.,Positive
"चित्रपट पाहताना वेळ कसा गेला कळले नाही, कारण संवाद खूप आकर्षक आहे.",Positive
"कथा अजिबात वाईट नाही असे सुरुवातीला वाटले, पण शेवट खूप निराशाजनक आहे. त्यामुळे एकूण अनुभव निराशाजनक झाला.",Negative
विनोदी प्रसंग आणि पार्श्वसंगीत दोन्ही आकर्षक आहेत; त्यामुळे कथा शेवटपर्यंत पकडून ठेवते.,Positive
सुरुवातीपासून शेवटपर्यंत चित्रपट अप्रभावी राहतो आणि काही दृश्ये अजिबात गरजेची वाटत नाहीत.,Negative
आकर्षक नाही असे अंतिम निष्कर्ष काढणे योग्य ठरणार नाही. सुरुवातीला कथा सुंदर आणि आकर्षक वाटते; पण पुढील भाग इतका कंटाळवाणा आहे. शेवटी चित्रपट समाधान देत नाही.,Negative
कथाचा अभिनय प्रभावी असून कलाकारांनी भूमिका जिवंत केल्या आहेत.,Positive
सुरुवातीपासून शेवटपर्यंत चित्रपट रंजक राहतो आणि सर्व कलाकारांची कामगिरी लक्षात राहते.,Positive
सुरुवातीला कथा सुंदर आणि आकर्षक वाटते; उत्कृष्ट नाही असे एकूण चित्रपटाबद्दल म्हणता येणार नाही. मात्र नंतर कथा इतकी रटाळ होते. त्यामुळे सुंदर क्षण असूनही चित्रपट आवडत नाही.,Negative
कथा अजिबात कमकुवत नाही आणि संगीताने प्रसंगांची परिणामकारकता वाढवली.,Positive
पटकथा कमकुवत नाही आणि प्रसंगांची मांडणी चांगली आहे. त्यामुळे एकूण अनुभव खूप चांगला झाला.,Positive
दृश्यरचना इतका उत्तम आहे की वेळ कसा गेला कळले नाही.,Positive
सुरुवातीपासून शेवटपर्यंत चित्रपट कमकुवत राहतो आणि चित्रपट पाहिल्यानंतर विशेष काही लक्षात राहत नाही.,Negative
हा चित्रपट पुन्हा पाहावासा वाटत नाही कारण कथा खूप अतिशय संथ आहे.,Negative
मित्रांसोबत बघितला आणि सगळ्यांनाच खूप आवडला. व्हीएफएक्स दर्जेदार असून हॉलिवूडच्या तोडीचे वाटतात. विनोदी प्रसंग अगदी सहज आणि टाइमिंगसह मांडले आहेत. पुन्हा एकदा बघायला नक्कीच आवडेल.,Positive
सुरुवातीपासून शेवटपर्यंत चित्रपट मनमोहक राहतो आणि प्रत्येक प्रसंग लक्षात राहतो.,Positive
चित्रपटाने पूर्णपणे निराश केले; संगीत विशेष कंटाळवाणा आहे.,Negative
कथेपासून अभिनयापर्यंत सर्व काही मनमोहक वाटले; प्रत्येक फ्रेम विचारपूर्वक सादर केली आहे.,Positive
"चित्रपट पाहताना संवाद कृत्रिम वाटतात, कारण शेवट खूप अस्ताव्यस्त आहे.",Negative
सुरुवात थोडी कंटाळवाणी आणि संथ आहे; पण शेवटच्या भागात सुरुवातीच्या उणिवा मागे पडतात. चित्रपटाने निराश केले नाही; उलट तो खूप आवडला.,Positive
सुरुवात थोडी कंटाळवाणी आणि संथ आहे; अपेक्षाभंग करणारा नाही असे एकूण चित्रपटाबद्दल म्हणता येणार नाही. मात्र दुसऱ्या अर्ध्यात चित्रपट पूर्णपणे बदलतो. सुरुवातीच्या उणिवा असूनही हा चित्रपट लक्षात राहतो.,Positive
चित्रपट अजिबात कमकुवत नाही; उलट संगीत खूप सुंदर आहे.,Positive
अगदीच वाईट्ट आहे गड्या हा सिनेमा. काही कलाकारांची निवडच चुकीची वाटते.,Negative
मनाला न पटणारा नाही असे अंतिम निष्कर्ष काढणे योग्य ठरणार नाही. सुरुवात थोडी कंटाळवाणी आणि संथ आहे; मात्र दुसऱ्या अर्ध्यात चित्रपट पूर्णपणे बदलतो. एकूण परिणाम सकारात्मक आणि समाधान देणारा आहे.,Positive
"उगाच हाईप केलेला सिनेमा, प्रत्यक्षात काही दम नाही. विनोदी प्रसंग हास्यास्पद वाटतात, हसू येण्याऐवजी वैताग येतो. अपेक्षा घेऊन गेलात तर नक्कीच निराश व्हाल.",Negative
संपूर्ण चित्रपट उत्तम आहे आणि शेवट मुळे अनुभव आणखी सुंदर झाला.,Positive
मराठी प्रेक्षकांची निराशा करणारा चित्रपट आहे हा. मुख्य कलाकारांच्या भूमिकेत जीव ओतलेला जाणवलाच नाही. मराठी सिनेमाच्या नावाला कमीपणा आणणारा चित्रपट आहे.,Negative
एकदम झकास सिनेमा आहे भाऊ! विनोदी प्रसंग अगदी सहज आणि टाइमिंगसह मांडले आहेत.,Positive
उत्तम नाही असे अंतिम निष्कर्ष काढणे योग्य ठरणार नाही. सुरुवातीला कथा सुंदर आणि आकर्षक वाटते; पण पुढे पटकथा पूर्णपणे गोंधळते. त्यामुळे हा चित्रपट समाधानकारक म्हणता येत नाही.,Negative
सुरुवातीपासूनच चित्रपट प्रेक्षकांना पकडून ठेवतो. विनोदी प्रसंग अगदी सहज आणि टाइमिंगसह मांडले आहेत. अभिनेत्यांचा अभिनय खूपच नैसर्गिक आणि प्रभावी वाटला. पटकथा घट्ट बांधलेली असल्यामुळे कुठेही कंटाळा येत नाही.,Positive
दृश्यरचना इतका रंजक आहे की प्रत्येक फ्रेम विचारपूर्वक सादर केली आहे.,Positive
कथाचा पटकथा फिका असून संवाद कृत्रिम वाटतात.,Negative
छायाचित्रण आणि मांडणी दोन्ही गोंधळलेला आहेत; त्यामुळे चित्रपटाची लांबी त्रासदायक ठरते.,Negative
"काहीच खास नव्हतं या चित्रपटात. कथेत काहीच नावीन्य नाही, सगळं आधीच पाहिलेलं वाटतं.",Negative
हा अनुभव अप्रभावी नसून खूप प्रभावी आहे; शेवट समाधानकारक वाटतो.,Positive
चित्रपटाची संगीत खूप दर्जेदार आहे आणि दिग्दर्शकाने विषयाला योग्य न्याय दिला.,Positive
पार्श्वसंगीत इतका निराशाजनक आहे की अनेक प्रसंग विनाकारण लांबवले आहेत.,Negative
चित्रपटाने अजिबात निराश केले नाही; पार्श्वसंगीत विशेष रंजक आहे.,Positive
हा चित्रपट प्रभावी वाटतो; कथा शेवटपर्यंत पकडून ठेवते.,Positive
संपूर्ण चित्रपट फिका आहे आणि मुख्य कलाकाराचा अभिनय मुळे अनुभव खराब झाला.,Negative
"पैसे वसूल चित्रपट, अजिबात निराश करत नाही. संगीत कानाला खूप गोड लागतं आणि गाणी सुद्धा सुरेख आहेत. दिग्दर्शनातली बारकाई प्रत्येक दृश्यात जाणवते. एकदा तरी नक्की बघावा असा हा चित्रपट आहे.",Positive
या चित्रपटाची संवाद मनाला भिडते आणि कुटुंबासोबत पाहण्यासारखा अनुभव मिळतो.,Positive
या चित्रपटाची मांडणी निराश करते आणि चित्रपट पाहिल्यानंतर विशेष काही लक्षात राहत नाही.,Negative
चित्रपट अपेक्षेइतका चांगला नाही आणि अनेक प्रसंग फिके आहेत. त्यामुळे पुन्हा पाहण्याची इच्छा होत नाही.,Negative
चित्रपटाची दृश्यरचना खूप अप्रतिम आहे आणि कुटुंबासोबत पाहण्यासारखा अनुभव मिळतो.,Positive
मनाला भिडणारा नाही असे अंतिम निष्कर्ष काढणे योग्य ठरणार नाही. सुरुवातीला कथा सुंदर आणि आकर्षक वाटते; पण पुढे पटकथा पूर्णपणे गोंधळते. त्यामुळे हा चित्रपट समाधानकारक म्हणता येत नाही.,Negative
हा चित्रपट पुन्हा पाहावासा वाटतो कारण दृश्यरचना खूप उत्तम आहे.,Positive
कथा अजिबात कंटाळवाणी नाही आणि अभिनयही सुंदर आहे. चित्रपट पाहताना उत्सुकता कायम राहते.,Positive
मनाला भिडणारा नाही असे अंतिम निष्कर्ष काढणे योग्य ठरणार नाही. सुरुवातीला कथा सुंदर आणि आकर्षक वाटते; तरी दुसऱ्या अर्ध्यात दिग्दर्शन कमकुवत होते. एकूण अनुभव मात्र निराशाजनक आहे.,Negative
अपेक्षाभंग करणारा नाही असे अंतिम निष्कर्ष काढणे योग्य ठरणार नाही. सुरुवात थोडी कंटाळवाणी आणि संथ आहे; पण पुढे कथा इतकी सुंदर उलगडते. त्यामुळे चित्रपट पाहिल्याचा निर्णय योग्य वाटतो.,Positive
चित्रपटाची मांडणी खूप दर्जेदार आहे आणि प्रत्येक प्रसंग लक्षात राहतो.,Positive
चित्रपट अजिबात अप्रतिम नाही; उलट भावनिक सादरीकरण खूप कृत्रिम आहे.,Negative
हा चित्रपट दर्जेदार वाटतो; चित्रपट पाहताना उत्सुकता कायम राहते.,Positive
चित्रपट अजिबात वाईट नाही; उलट अभिनय खूप रंजक आहे.,Positive
संपूर्ण मांडणीमध्ये काहीही वाईट वाटत नाही; संवाद खूप मनमोहक आहे.,Positive
निराशाजनक नाही असे अंतिम निष्कर्ष काढणे योग्य ठरणार नाही. सुरुवात थोडी कंटाळवाणी आणि संथ आहे; तरी पुढे पात्रांचा प्रवास खूप प्रभावी होतो. उणिवा असूनही शेवटी चित्रपट मन जिंकून घेतो.,Positive
उत्कृष्ट नाही असे अंतिम निष्कर्ष काढणे योग्य ठरणार नाही. सुरुवातीला कथा सुंदर आणि आकर्षक वाटते; पण पुढील भाग इतका कंटाळवाणा आहे. शेवटी चित्रपट समाधान देत नाही.,Negative
चित्रपटाची दिग्दर्शन खूप हृदयस्पर्शी आहे आणि शेवट समाधानकारक वाटतो.,Positive
निराशाजनक नाही असे अंतिम निष्कर्ष काढणे योग्य ठरणार नाही. सुरुवात थोडी कंटाळवाणी आणि संथ आहे; तरी पुढे पात्रांचा प्रवास खूप प्रभावी होतो. चित्रपटाने निराश केले नाही; उलट तो खूप आवडला.,Positive
चित्रपटाची छायाचित्रण खूप मनमोहक आहे आणि संगीताने प्रसंगांची परिणामकारकता वाढवली.,Positive
"सुरुवात थोडी कंटाळवाणी आणि संथ आहे; खराब नाही असे एकूण चित्रपटाबद्दल म्हणता येणार नाही. मात्र दुसऱ्या अर्ध्यात चित्रपट पूर्णपणे बदलतो. एकूण अनुभव वाईट नाही, उलट समाधानकारक आहे.",Positive
चित्रपटाने अजिबात निराश केले नाही; मुख्य कलाकाराचा अभिनय विशेष रंजक आहे.,Positive
निराश केले नाही असे अंतिम निष्कर्ष काढणे योग्य ठरणार नाही. सुरुवात थोडी कंटाळवाणी आणि संथ आहे; मात्र दुसऱ्या अर्ध्यात चित्रपट पूर्णपणे बदलतो. एकूण परिणाम सकारात्मक आणि समाधान देणारा आहे.,Positive
सुरुवातीला कथा सुंदर आणि आकर्षक वाटते; चांगला नाही असे एकूण चित्रपटाबद्दल म्हणता येणार नाही. पण पुढे पटकथा पूर्णपणे गोंधळते. म्हणून चांगल्या सुरुवातीचा फारसा उपयोग होत नाही.,Negative
हा चित्रपट अपेक्षेपेक्षा कमकुवत निघाला आणि कलाकारांच्या कामगिरीत उत्साह जाणवत नाही.,Negative
चित्रपटाने चित्रपट पाहून मन प्रसन्न झाले आणि पार्श्वसंगीत खरोखर नैसर्गिक आहे.,Positive
चित्रपटाची मांडणी खूप दर्जेदार आहे आणि प्रत्येक फ्रेम विचारपूर्वक सादर केली आहे.,Positive
सुरुवात थोडी कंटाळवाणी आणि संथ आहे; कंटाळवाणा नाही असे एकूण चित्रपटाबद्दल म्हणता येणार नाही. पण पुढे कथा इतकी सुंदर उलगडते. अखेरीस हा अनुभव अजिबात असमाधानकारक राहत नाही.,Positive
कथाचा मांडणी हृदयस्पर्शी असून चित्रपट पाहून मन प्रसन्न झाले.,Positive
चित्रपट अपेक्षेइतका चांगला नाही आणि अनेक प्रसंग फिके आहेत. यामुळे चित्रपटाचा प्रभाव कमी होतो.,Negative
हा चित्रपट पुन्हा पाहावासा वाटतो कारण संगीत खूप हृदयस्पर्शी आहे.,Positive
हा चित्रपट पुन्हा पाहावासा वाटत नाही कारण कथा खूप अंदाजे आहे.,Negative
"सिनेमा सुरुवातीपासून शेवटपर्यंत खिळवून ठेवतो. पार्श्वसंगीत प्रसंगांची तीव्रता अजून वाढवतं. छायाचित्रण अप्रतिम आहे, प्रत्येक फ्रेम एखाद्या चित्रासारखी वाटते. भावनिक प्रसंगांमध्ये डोळ्यात पाणी आल्याशिवाय राहत नाही. कुटुंबासोबत थिएटरमध्ये जाऊन बघण्यासारखा सिनेमा आहे.",Positive
कथामध्ये काहीही उत्कृष्ट वाटत नाही; मुख्य कलाकाराचा अभिनय खूप अतिशय संथ आहे.,Negative
शेवट चांगला वाटला नाही आणि तो घाईघाईने संपवला आहे. त्यामुळे चित्रपट फारसा प्रभावी वाटत नाही.,Negative
सिनेमा सुरुवातीपासून शेवटपर्यंत खिळवून ठेवतो. गाण्यांचे शब्द आणि चाल दोन्ही मनाला भावतात. दिग्दर्शकाने प्रत्येक प्रसंग अतिशय सुंदर पद्धतीने मांडला आहे. कुटुंबासोबत थिएटरमध्ये जाऊन बघण्यासारखा सिनेमा आहे.,Positive
खूप वेळाने मराठी चित्रपटसृष्टीत असा दर्जेदार सिनेमा आला. पार्श्वसंगीत प्रसंगांची तीव्रता अजून वाढवतं. सर्वांना शिफारस करेन असा हा चित्रपट आहे.,Positive
सुरुवात थोडी कंटाळवाणी आणि संथ आहे; पण पुढे कथा इतकी सुंदर उलगडते. चित्रपटाने निराश केले नाही; उलट तो खूप आवडला.,Positive
कथाचा शेवट अंदाजे असून काही दृश्ये अजिबात गरजेची वाटत नाहीत.,Negative
कथामध्ये काहीही कंटाळवाणा वाटत नाही; कथा खूप मनमोहक आहे.,Positive
"मस्त सिनेमा आहे, नक्की बघा. छायाचित्रण अप्रतिम आहे, प्रत्येक फ्रेम एखाद्या चित्रासारखी वाटते. अॅक्शन सीन्स एकदम जबरदस्त आणि रिअलिस्टिक वाटतात. असे चित्रपट वारंवार यायला हवेत.",Positive
मुख्य कलाकाराचा अभिनय आणि मांडणी दोन्ही निराशाजनक आहेत; त्यामुळे भावनिक प्रसंगांचा परिणाम होत नाही.,Negative
चित्रपट अजिबात अप्रभावी नाही; उलट मांडणी खूप आकर्षक आहे.,Positive
सुरुवात थोडी कंटाळवाणी आणि संथ आहे; तरी पुढे पात्रांचा प्रवास खूप प्रभावी होतो. अखेरीस हा अनुभव अजिबात असमाधानकारक राहत नाही.,Positive
"सुरुवात थोडी कंटाळवाणी आणि संथ आहे; तरी पुढे पात्रांचा प्रवास खूप प्रभावी होतो. एकूण अनुभव वाईट नाही, उलट समाधानकारक आहे.",Positive
चित्रपटाने प्रत्येक फ्रेम विचारपूर्वक सादर केली आहे आणि दिग्दर्शन खरोखर कौतुकास्पद आहे.,Positive
"एकदम फाडू आहे यार सिनेमा. छायाचित्रण अप्रतिम आहे, प्रत्येक फ्रेम एखाद्या चित्रासारखी वाटते.",Positive
हा चित्रपट अस्ताव्यस्त वाटतो; शेवट निराश करतो.,Negative
टकाटक अपेक्षा होती पण सगळं फेल. काही कलाकारांची निवडच चुकीची वाटते.,Negative
सुरुवातीपासून शेवटपर्यंत चित्रपट गोंधळलेला राहतो आणि कलाकारांच्या कामगिरीत उत्साह जाणवत नाही.,Negative
चित्रपटाने पूर्णपणे निराश केले; कथानक विशेष कमकुवत आहे.,Negative
पैसे वाया गेले असं वाटलं सिनेमा बघून. सहकलाकारांचा अभिनयही अगदीच सामान्य आहे.,Negative
चित्रपटमध्ये काहीही निरस वाटत नाही; कथानक खूप रंजक आहे.,Positive
"चित्रपटात कथानक उत्तम आहे, त्यामुळे चित्रपट पाहताना उत्सुकता कायम राहते.",Positive
कथामध्ये काहीही कंटाळवाणा वाटत नाही; भावनिक सादरीकरण खूप उत्कृष्ट आहे.,Positive
चित्रपट अजिबात सुंदर नाही; उलट दृश्यरचना खूप अंदाजे आहे.,Negative
सुरुवातीला कथा सुंदर आणि आकर्षक वाटते; चांगला नाही असे एकूण चित्रपटाबद्दल म्हणता येणार नाही. मात्र नंतर कथा इतकी रटाळ होते. अखेरीस एकूण परिणाम कमकुवत ठरतो.,Negative
असमाधानकारक नाही असे अंतिम निष्कर्ष काढणे योग्य ठरणार नाही. सुरुवात थोडी कंटाळवाणी आणि संथ आहे; पण पुढे कथा इतकी सुंदर उलगडते. एकूण परिणाम सकारात्मक आणि समाधान देणारा आहे.,Positive
हा अनुभव दर्जेदार नसून खूप फिका आहे; वेळ वाया गेल्यासारखे वाटले.,Negative
या चित्रपटाची अभिनय मनाला भिडते आणि संगीताने प्रसंगांची परिणामकारकता वाढवली.,Positive
संपूर्ण मांडणीमध्ये काहीही निराशाजनक वाटत नाही; कथानक खूप रंजक आहे.,Positive
चित्रपट फारसा सामान्य नाही; त्यात वेगळेपणा जाणवतो. त्यामुळे एकूण अनुभव खूप चांगला झाला.,Positive
चांगला नाही असे अंतिम निष्कर्ष काढणे योग्य ठरणार नाही. सुरुवातीला कथा सुंदर आणि आकर्षक वाटते; मात्र नंतर कथा इतकी रटाळ होते. त्यामुळे सुंदर क्षण असूनही चित्रपट आवडत नाही.,Negative
सुरुवातीला कथा सुंदर आणि आकर्षक वाटते; उत्तम नाही असे एकूण चित्रपटाबद्दल म्हणता येणार नाही. पण पुढे पटकथा पूर्णपणे गोंधळते. त्यामुळे अंतिम अनुभव अपेक्षाभंग करणारा ठरतो.,Negative
सुरुवातीला कथा सुंदर आणि आकर्षक वाटते; चांगला नाही असे एकूण चित्रपटाबद्दल म्हणता येणार नाही. मात्र नंतर कथा इतकी रटाळ होते. शेवटामुळे आधीचे चांगले क्षणही फिके पडतात.,Negative
पूर्ण चित्रपटभर काहीच लॉजिक सापडलं नाही. क्लायमॅक्स अगदीच अपेक्षित आणि सपक झाला आहे. कथेत इतके लॉजिकल गॅप्स आहेत की डोकं दुखायला लागतं. सहकलाकारांचा अभिनयही अगदीच सामान्य आहे.,Negative
चित्रपटाने दिग्दर्शकाने विषयाला योग्य न्याय दिला आणि विनोदी प्रसंग खरोखर दर्जेदार आहे.,Positive
चित्रपट अजिबात उत्तम नाही; उलट दिग्दर्शन खूप सुमार आहे.,Negative
चित्रपट अजिबात उत्कृष्ट नाही; उलट कथानक खूप अंदाजे आहे.,Negative
हा चित्रपट अजिबात बघण्यासारखा नाही. पटकथा खूपच विस्कळीत असल्यामुळे कथा नीट समजतच नाही. भावनिक प्रसंगांमध्ये सुद्धा काहीच परिणाम जाणवत नाही. पूर्णपणे टाइमपास वाया गेला असं वाटलं.,Negative
चित्रपटाने पूर्णपणे निराश केले; कथा विशेष फिका आहे.,Negative
चित्रपट अजिबात फिका नाही; उलट विनोदी प्रसंग खूप कौतुकास्पद आहे.,Positive
सुरुवात थोडी कंटाळवाणी आणि संथ आहे; फारसा वाईट नाही असे एकूण चित्रपटाबद्दल म्हणता येणार नाही. मात्र दुसऱ्या अर्ध्यात चित्रपट पूर्णपणे बदलतो. चित्रपटाने निराश केले नाही; उलट तो खूप आवडला.,Positive
सुरुवात थोडी कंटाळवाणी आणि संथ आहे; अपेक्षाभंग करणारा नाही असे एकूण चित्रपटाबद्दल म्हणता येणार नाही. तरी पुढे पात्रांचा प्रवास खूप प्रभावी होतो. सुरुवातीच्या उणिवा असूनही हा चित्रपट लक्षात राहतो.,Positive
विनोदी प्रसंग आणि दिग्दर्शन दोन्ही निरस आहेत; त्यामुळे चित्रपट पाहिल्यानंतर विशेष काही लक्षात राहत नाही.,Negative
चित्रपटाने चित्रपटाची लांबी त्रासदायक ठरते आणि अभिनय खरोखर अस्ताव्यस्त आहे.,Negative
कथा अजिबात कंटाळवाणा नाही आणि कलाकारांनी भूमिका जिवंत केल्या आहेत.,Positive
चित्रपट अजिबात रंजक नाही; उलट दिग्दर्शन खूप फिका आहे.,Negative
चित्रपटाने अजिबात निराश केले नाही; अभिनय विशेष दर्जेदार आहे.,Positive
सुरुवात थोडी कंटाळवाणी आणि संथ आहे; मात्र दुसऱ्या अर्ध्यात चित्रपट पूर्णपणे बदलतो. सुरुवातीच्या उणिवा असूनही हा चित्रपट लक्षात राहतो.,Positive
"पैसे वसूल चित्रपट, अजिबात निराश करत नाही. सहकलाकारांचाही अभिनय तितकाच दमदार आहे. या चित्रपटाला पाच पैकी पाच स्टार्स.",Positive
चित्रपट अजिबात प्रभावी नाही; उलट छायाचित्रण खूप अस्ताव्यस्त आहे.,Negative
पटकथा आणि छायाचित्रण दोन्ही अप्रतिम आहेत; त्यामुळे शेवट समाधानकारक वाटतो.,Positive
कथाचा पटकथा कौतुकास्पद असून प्रत्येक फ्रेम विचारपूर्वक सादर केली आहे.,Positive
"कथा अजिबात वाईट नाही असे सुरुवातीला वाटले, पण शेवट खूप निराशाजनक आहे. एकूण अनुभव समाधानकारक वाटत नाही.",Negative
हा चित्रपट अपेक्षेपेक्षा हृदयस्पर्शी निघाला आणि दिग्दर्शकाने विषयाला योग्य न्याय दिला.,Positive
चित्रपटाची विनोदी प्रसंग खूप प्रभावी आहे आणि प्रत्येक प्रसंग लक्षात राहतो.,Positive
या कलाकृतीमध्ये काहीही निरस वाटत नाही; मांडणी खूप आकर्षक आहे.,Positive
हा अनुभव प्रभावी नसून खूप निरस आहे; भावनिक प्रसंगांचा परिणाम होत नाही.,Negative
चित्रपटचा मांडणी अस्ताव्यस्त असून वेळ वाया गेल्यासारखे वाटले.,Negative
चित्रपटाची मुख्य कलाकाराचा अभिनय खूप कृत्रिम आहे आणि चित्रपट पाहिल्यानंतर विशेष काही लक्षात राहत नाही.,Negative
कथा अजिबात प्रभावी नाही आणि वेळ वाया गेल्यासारखे वाटले.,Negative
कथा अजिबात निरस नाही आणि कुटुंबासोबत पाहण्यासारखा अनुभव मिळतो.,Positive
शेवट इतका अप्रभावी आहे की पटकथा शेवटपर्यंत प्रभावी राहत नाही.,Negative
असमाधानकारक नाही असे अंतिम निष्कर्ष काढणे योग्य ठरणार नाही. सुरुवात थोडी कंटाळवाणी आणि संथ आहे; तरी पुढे पात्रांचा प्रवास खूप प्रभावी होतो. उणिवा असूनही शेवटी चित्रपट मन जिंकून घेतो.,Positive
"चित्रपटात संगीत उत्तम आहे, त्यामुळे कलाकारांनी भूमिका जिवंत केल्या आहेत.",Positive
विनोदी प्रसंग इतका अस्ताव्यस्त आहे की काही दृश्ये अजिबात गरजेची वाटत नाहीत.,Negative
"मराठी प्रेक्षकांची निराशा करणारा चित्रपट आहे हा. कथेत काहीच नावीन्य नाही, सगळं आधीच पाहिलेलं वाटतं. व्हीएफएक्स इतके स्वस्त वाटतात की हसू येतं. पुन्हा असा चित्रपट बघण्याची इच्छा नाही.",Negative
"पूर्ण कुटुंबासोबत बघण्यासारखा सुंदर चित्रपट आहे. भावनिक प्रसंगांमध्ये डोळ्यात पाणी आल्याशिवाय राहत नाही. छायाचित्रण अप्रतिम आहे, प्रत्येक फ्रेम एखाद्या चित्रासारखी वाटते. पटकथा घट्ट बांधलेली असल्यामुळे कुठेही कंटाळा येत नाही. एकदा तरी नक्की बघावा असा हा चित्रपट आहे.",Positive
चित्रपटाची संवाद खूप आकर्षक आहे आणि चित्रपट पाहून मन प्रसन्न झाले.,Positive
चित्रपटाने भावनिक प्रसंग मनाला स्पर्श करतात आणि दिग्दर्शन खरोखर सुंदर आहे.,Positive
कथानकचा कथा निराशाजनक असून काही दृश्ये अजिबात गरजेची वाटत नाहीत.,Negative
संपूर्ण चित्रपट अस्ताव्यस्त आहे आणि शेवट मुळे अनुभव खराब झाला.,Negative
हा अनुभव प्रभावी नसून खूप गोंधळलेला आहे; चित्रपट पाहताना वारंवार कंटाळा आला.,Negative
शेवट इतका निराशाजनक आहे की काही दृश्ये अजिबात गरजेची वाटत नाहीत.,Negative
कथाचा छायाचित्रण दर्जेदार असून शेवट समाधानकारक वाटतो.,Positive
"चित्रपटात संवाद कमकुवत आहे, त्यामुळे पटकथा शेवटपर्यंत प्रभावी राहत नाही.",Negative
सुरुवात थोडी कंटाळवाणी आणि संथ आहे; निराशाजनक नाही असे एकूण चित्रपटाबद्दल म्हणता येणार नाही. तरी पुढे पात्रांचा प्रवास खूप प्रभावी होतो. एकूण परिणाम सकारात्मक आणि समाधान देणारा आहे.,Positive
चित्रपटातील भावनिक सादरीकरण पाहून पटकथा शेवटपर्यंत प्रभावी राहत नाही; एकूण अनुभव कमकुवत आहे.,Negative
मांडणी इतका प्रभावी आहे की शेवट समाधानकारक वाटतो.,Positive
कथानक इतका आकर्षक आहे की चित्रपट पाहून मन प्रसन्न झाले.,Positive
आकर्षक नाही असे अंतिम निष्कर्ष काढणे योग्य ठरणार नाही. सुरुवातीला कथा सुंदर आणि आकर्षक वाटते; तरी दुसऱ्या अर्ध्यात दिग्दर्शन कमकुवत होते. शेवटामुळे आधीचे चांगले क्षणही फिके पडतात.,Negative
चित्रपट अजिबात फिका नाही; उलट संगीत खूप मनमोहक आहे.,Positive
हा चित्रपट अपेक्षेपेक्षा कौतुकास्पद निघाला आणि भावनिक प्रसंग मनाला स्पर्श करतात.,Positive
कथा अजिबात निराशाजनक नाही आणि कुटुंबासोबत पाहण्यासारखा अनुभव मिळतो.,Positive
चित्रपटाची पटकथा खूप गोंधळलेला आहे आणि भावनिक प्रसंगांचा परिणाम होत नाही.,Negative
हा चित्रपट कंटाळवाणा वाटतो; कलाकारांच्या कामगिरीत उत्साह जाणवत नाही.,Negative
भावनिक सादरीकरण आणि दृश्यरचना दोन्ही कृत्रिम आहेत; त्यामुळे संवाद कृत्रिम वाटतात.,Negative
"पैसे वसूल चित्रपट, अजिबात निराश करत नाही. भावनिक प्रसंगांमध्ये डोळ्यात पाणी आल्याशिवाय राहत नाही. मराठी चित्रपटसृष्टीसाठी अभिमानास्पद कलाकृती आहे.",Positive
चित्रपट अजिबात कमकुवत नाही; उलट पार्श्वसंगीत खूप हृदयस्पर्शी आहे.,Positive
"एकदम टुकार सिनेमा आहे भाऊ. गाणी उगाचच घुसवल्यासारखी वाटतात, कथेशी संबंधच नाही.",Negative
संपूर्ण चित्रपट नैसर्गिक आहे आणि अभिनय मुळे अनुभव आणखी सुंदर झाला.,Positive
सुरुवातीला कथा सुंदर आणि आकर्षक वाटते; समाधानकारक नाही असे एकूण चित्रपटाबद्दल म्हणता येणार नाही. पण पुढे पटकथा पूर्णपणे गोंधळते. त्यामुळे हा चित्रपट समाधानकारक म्हणता येत नाही.,Negative
हा चित्रपट निराश करत नाही असे म्हणणे कठीण आहे; अनेक गोष्टी खटकतात. एकूण अनुभव समाधानकारक वाटत नाही.,Negative
चित्रपटातील मुख्य कलाकाराचा अभिनय पाहून भावनिक प्रसंगांचा परिणाम होत नाही; एकूण अनुभव अतिशय संथ आहे.,Negative
सुरुवातीपासून शेवटपर्यंत चित्रपट प्रभावी राहतो आणि कथा शेवटपर्यंत पकडून ठेवते.,Positive
सुरुवातीपासूनच चित्रपट प्रेक्षकांना पकडून ठेवतो. शेवट अगदी समाधानकारक आणि हृदयस्पर्शी झाला आहे. थिएटरमध्ये जाऊन नक्की एन्जॉय करा.,Positive
वाईट नाही असे अंतिम निष्कर्ष काढणे योग्य ठरणार नाही. सुरुवात थोडी कंटाळवाणी आणि संथ आहे; मात्र दुसऱ्या अर्ध्यात चित्रपट पूर्णपणे बदलतो. अखेरीस हा अनुभव अजिबात असमाधानकारक राहत नाही.,Positive
कथानकचा शेवट कमकुवत असून पटकथा शेवटपर्यंत प्रभावी राहत नाही.,Negative
चित्रपटातील विनोदी प्रसंग पाहून पटकथा शेवटपर्यंत प्रभावी राहत नाही; एकूण अनुभव निरस आहे.,Negative
हा चित्रपट अपेक्षेपेक्षा नैसर्गिक निघाला आणि भावनिक प्रसंग मनाला स्पर्श करतात.,Positive
कथा इतका कंटाळवाणा आहे की भावनिक प्रसंगांचा परिणाम होत नाही.,Negative
हा चित्रपट अजिबात बघण्यासारखा नाही. व्हीएफएक्स इतके स्वस्त वाटतात की हसू येतं. पटकथा खूपच विस्कळीत असल्यामुळे कथा नीट समजतच नाही.,Negative
"चित्रपटात विनोदी प्रसंग उत्तम आहे, त्यामुळे चित्रपट पाहताना उत्सुकता कायम राहते.",Positive
प्रभावी नाही असे अंतिम निष्कर्ष काढणे योग्य ठरणार नाही. सुरुवातीला कथा सुंदर आणि आकर्षक वाटते; मात्र नंतर कथा इतकी रटाळ होते. त्यामुळे अंतिम अनुभव अपेक्षाभंग करणारा ठरतो.,Negative
इतका रटाळ चित्रपट खूप दिवसांनी पाहिला. सहकलाकारांचा अभिनयही अगदीच सामान्य आहे.,Negative
चित्रपटातील संगीत पाहून प्रत्येक प्रसंग लक्षात राहतो; एकूण अनुभव अप्रतिम आहे.,Positive
चित्रपटातील पटकथा पाहून कुटुंबासोबत पाहण्यासारखा अनुभव मिळतो; एकूण अनुभव मनमोहक आहे.,Positive
पैसे वाया गेले असं वाटलं सिनेमा बघून. अभिनेत्यांचा अभिनय अगदीच सुमार आणि कृत्रिम वाटला. OTT वर आला तरी बघावासा वाटत नाही.,Negative
चित्रपटाची दृश्यरचना खूप उत्कृष्ट आहे आणि कथा शेवटपर्यंत पकडून ठेवते.,Positive
सुरुवात थोडी कंटाळवाणी आणि संथ आहे; पण पुढे कथा इतकी सुंदर उलगडते. त्यामुळे चित्रपट पाहिल्याचा निर्णय योग्य वाटतो.,Positive
चित्रपट अजिबात फिका नाही; उलट विनोदी प्रसंग खूप प्रभावी आहे.,Positive
"सुरुवातीला कथा सुंदर आणि आकर्षक वाटते. तरी दुसऱ्या अर्ध्यात दिग्दर्शन कमकुवत होते, पण एकूण अनुभव मात्र निराशाजनक आहे.",Negative
भावनिक सादरीकरण इतका कंटाळवाणा आहे की पटकथा शेवटपर्यंत प्रभावी राहत नाही.,Negative
"सिनेमागृहातून बाहेर पडताना खूप वैताग आला. गाणी उगाचच घुसवल्यासारखी वाटतात, कथेशी संबंधच नाही. कथेत इतके लॉजिकल गॅप्स आहेत की डोकं दुखायला लागतं. क्लायमॅक्स अगदीच अपेक्षित आणि सपक झाला आहे.",Negative
कथा अजिबात अप्रभावी नाही आणि प्रत्येक फ्रेम विचारपूर्वक सादर केली आहे.,Positive
"चित्रपट पाहताना चित्रपटाची लांबी त्रासदायक ठरते, कारण कथा खूप अप्रभावी आहे.",Negative
उत्कृष्ट नाही असे अंतिम निष्कर्ष काढणे योग्य ठरणार नाही. सुरुवातीला कथा सुंदर आणि आकर्षक वाटते; मात्र नंतर कथा इतकी रटाळ होते. त्यामुळे सुंदर क्षण असूनही चित्रपट आवडत नाही.,Negative
कथाचा भावनिक सादरीकरण सुमार असून कथा पुढे सरकत नाही.,Negative
चित्रपटाची पटकथा खूप उत्कृष्ट आहे आणि वेळ कसा गेला कळले नाही.,Positive
सुंदर नाही असे अंतिम निष्कर्ष काढणे योग्य ठरणार नाही. सुरुवातीला कथा सुंदर आणि आकर्षक वाटते; पण पुढे पटकथा पूर्णपणे गोंधळते. त्यामुळे हा चित्रपट समाधानकारक म्हणता येत नाही.,Negative
या चित्रपटाची मुख्य कलाकाराचा अभिनय मनाला भिडते आणि वेळ कसा गेला कळले नाही.,Positive
चित्रपट अजिबात उत्कृष्ट नाही; उलट संवाद खूप गोंधळलेला आहे.,Negative
कथानकमध्ये काहीही वाईट वाटत नाही; दिग्दर्शन खूप आकर्षक आहे.,Positive
"चित्रपटात संवाद कमकुवत आहे, त्यामुळे शेवट निराश करतो.",Negative
हा चित्रपट अपेक्षेपेक्षा उत्तम निघाला आणि संगीताने प्रसंगांची परिणामकारकता वाढवली.,Positive
कथेपासून अभिनयापर्यंत बरेच काही कंटाळवाणा वाटले; पटकथा शेवटपर्यंत प्रभावी राहत नाही.,Negative
समाधानकारक नाही असे अंतिम निष्कर्ष काढणे योग्य ठरणार नाही. सुरुवातीला कथा सुंदर आणि आकर्षक वाटते; मात्र नंतर कथा इतकी रटाळ होते. त्यामुळे अंतिम अनुभव अपेक्षाभंग करणारा ठरतो.,Negative
कथानक इतका प्रभावी आहे की भावनिक प्रसंग मनाला स्पर्श करतात.,Positive
"चित्रपट पाहताना शेवट समाधानकारक वाटतो, कारण पार्श्वसंगीत खूप मनमोहक आहे.",Positive
संपूर्ण चित्रपट सुमार आहे आणि शेवट मुळे अनुभव खराब झाला.,Negative
चित्रपटाची कथा खूप अंदाजे आहे आणि काही दृश्ये अजिबात गरजेची वाटत नाहीत.,Negative
सुरुवातीला कथा सुंदर आणि आकर्षक वाटते; प्रभावी नाही असे एकूण चित्रपटाबद्दल म्हणता येणार नाही. तरी दुसऱ्या अर्ध्यात दिग्दर्शन कमकुवत होते. एकूण परिणाम वाईट आणि असमाधानकारक राहतो.,Negative
उत्तम नाही असे अंतिम निष्कर्ष काढणे योग्य ठरणार नाही. सुरुवातीला कथा सुंदर आणि आकर्षक वाटते; पण पुढील भाग इतका कंटाळवाणा आहे. शेवटी चित्रपट समाधान देत नाही.,Negative
सिनेमा सुरु झाल्यापासूनच कंटाळा येऊ लागला. संवाद खूपच सुमार आणि ओढून ताणून लिहिलेले वाटतात. OTT वर आला तरी बघावासा वाटत नाही.,Negative
या चित्रपटाची कथानक निराश करते आणि संवाद कृत्रिम वाटतात.,Negative
"चित्रपट पाहताना सर्व कलाकारांची कामगिरी लक्षात राहते, कारण पटकथा खूप उत्कृष्ट आहे.",Positive
सुरुवातीपासूनच चित्रपट प्रेक्षकांना पकडून ठेवतो. शेवट अगदी समाधानकारक आणि हृदयस्पर्शी झाला आहे. भावनिक प्रसंगांमध्ये डोळ्यात पाणी आल्याशिवाय राहत नाही. एकदा तरी नक्की बघावा असा हा चित्रपट आहे.,Positive
संपूर्ण चित्रपट फिका आहे आणि संगीत मुळे अनुभव खराब झाला.,Negative
चित्रपटाने पूर्णपणे निराश केले; दृश्यरचना विशेष निरस आहे.,Negative
कथेपासून अभिनयापर्यंत सर्व काही मनमोहक वाटले; कथा शेवटपर्यंत पकडून ठेवते.,Positive
हा चित्रपट कृत्रिम वाटतो; भावनिक प्रसंगांचा परिणाम होत नाही.,Negative
चित्रपटाने वेळ कसा गेला कळले नाही आणि दृश्यरचना खरोखर प्रभावी आहे.,Positive
या चित्रपटाची मुख्य कलाकाराचा अभिनय निराश करते आणि चित्रपट पाहताना वारंवार कंटाळा आला.,Negative
"चित्रपट पाहताना वेळ कसा गेला कळले नाही, कारण दिग्दर्शन खूप आकर्षक आहे.",Positive
हा चित्रपट अतिशय संथ वाटतो; भावनिक प्रसंगांचा परिणाम होत नाही.,Negative
सुरुवातीला कथा सुंदर आणि आकर्षक वाटते; तरी दुसऱ्या अर्ध्यात दिग्दर्शन कमकुवत होते. एकूण अनुभव मात्र निराशाजनक आहे.,Negative
संपूर्ण मांडणीचा भावनिक सादरीकरण कौतुकास्पद असून चित्रपट पाहून मन प्रसन्न झाले.,Positive
प्रभावी नाही असे अंतिम निष्कर्ष काढणे योग्य ठरणार नाही. सुरुवातीला कथा सुंदर आणि आकर्षक वाटते; पण पुढे पटकथा पूर्णपणे गोंधळते. त्यामुळे हा चित्रपट समाधानकारक म्हणता येत नाही.,Negative
हा चित्रपट अपेक्षेपेक्षा नैसर्गिक निघाला आणि दिग्दर्शकाने विषयाला योग्य न्याय दिला.,Positive
प्रभावी नाही असे अंतिम निष्कर्ष काढणे योग्य ठरणार नाही. सुरुवातीला कथा सुंदर आणि आकर्षक वाटते; पण पुढे पटकथा पूर्णपणे गोंधळते. त्यामुळे सुंदर क्षण असूनही चित्रपट आवडत नाही.,Negative
चित्रपटाने काही दृश्ये अजिबात गरजेची वाटत नाहीत आणि भावनिक सादरीकरण खरोखर सुमार आहे.,Negative
"सुरुवात थोडी कंटाळवाणी आणि संथ आहे; असमाधानकारक नाही असे एकूण चित्रपटाबद्दल म्हणता येणार नाही. पण शेवटच्या भागात सुरुवातीच्या उणिवा मागे पडतात. शेवट अजिबात खराब नाही, उलट मनाला भिडतो.",Positive
सुरुवातीला कथा सुंदर आणि आकर्षक वाटते; आशादायक नाही असे एकूण चित्रपटाबद्दल म्हणता येणार नाही. पण पुढे पटकथा पूर्णपणे गोंधळते. शेवटामुळे आधीचे चांगले क्षणही फिके पडतात.,Negative
"चित्रपटात मुख्य कलाकाराचा अभिनय कमकुवत आहे, त्यामुळे अनेक प्रसंग विनाकारण लांबवले आहेत.",Negative
संपूर्ण चित्रपट अंदाजे आहे आणि दिग्दर्शन मुळे अनुभव खराब झाला.,Negative
सुरुवातीला कथा सुंदर आणि आकर्षक वाटते; उत्तम नाही असे एकूण चित्रपटाबद्दल म्हणता येणार नाही. मात्र नंतर कथा इतकी रटाळ होते. अखेरीस एकूण परिणाम कमकुवत ठरतो.,Negative
सिनेमागृहातून बाहेर पडताना चेहऱ्यावर हसू होतं. शेवट अगदी समाधानकारक आणि हृदयस्पर्शी झाला आहे. क्लायमॅक्स इतका जबरदस्त आहे की अंगावर काटा येतो. भावनिक प्रसंगांमध्ये डोळ्यात पाणी आल्याशिवाय राहत नाही. थिएटरमध्ये जाऊन नक्की एन्जॉय करा.,Positive
आकर्षक नाही असे अंतिम निष्कर्ष काढणे योग्य ठरणार नाही. सुरुवातीला कथा सुंदर आणि आकर्षक वाटते; पण पुढे पटकथा पूर्णपणे गोंधळते. त्यामुळे हा चित्रपट समाधानकारक म्हणता येत नाही.,Negative
सुरुवातीपासून शेवटपर्यंत चित्रपट गोंधळलेला राहतो आणि वेळ वाया गेल्यासारखे वाटले.,Negative
या चित्रपटाची भावनिक सादरीकरण मनाला भिडते आणि दिग्दर्शकाने विषयाला योग्य न्याय दिला.,Positive
हा चित्रपट मनमोहक वाटतो; चित्रपट पाहून मन प्रसन्न झाले.,Positive
"चित्रपट पाहताना संगीताने प्रसंगांची परिणामकारकता वाढवली, कारण कथा खूप नैसर्गिक आहे.",Positive
सिनेमा सुरुवातीपासून शेवटपर्यंत खिळवून ठेवतो. क्लायमॅक्स इतका जबरदस्त आहे की अंगावर काटा येतो. दिग्दर्शनातली बारकाई प्रत्येक दृश्यात जाणवते. पार्श्वसंगीत प्रसंगांची तीव्रता अजून वाढवतं. थिएटरमध्ये जाऊन नक्की एन्जॉय करा.,Positive
या चित्रपटाची संवाद मनाला भिडते आणि शेवट समाधानकारक वाटतो.,Positive
अशा चित्रपटांमुळे मराठी सिनेमाची बदनामी होते. दिग्दर्शन अगदीच कमकुवत असून प्रसंगांची मांडणी विस्कळीत आहे. संवाद खूपच सुमार आणि ओढून ताणून लिहिलेले वाटतात. शेवट इतका घाईघाईत गुंडाळलेला आहे की निराशा होते.,Negative
संपूर्ण मांडणीचा कथा अंदाजे असून चित्रपटाची लांबी त्रासदायक ठरते.,Negative
कथानकमध्ये काहीही फिका वाटत नाही; दृश्यरचना खूप मनमोहक आहे.,Positive
हा चित्रपट पुन्हा पाहावासा वाटत नाही कारण दृश्यरचना खूप निरस आहे.,Negative
थिएटरमध्ये जाऊन बघण्यासारखा चित्रपट आहे हा. प्रत्येक कलाकाराने आपल्या भूमिकेला योग्य न्याय दिला आहे. पुन्हा एकदा बघायला नक्कीच आवडेल.,Positive
या चित्रपटाची छायाचित्रण मनाला भिडते आणि भावनिक प्रसंग मनाला स्पर्श करतात.,Positive
सुरुवातीला कथा सुंदर आणि आकर्षक वाटते; उत्तम नाही असे एकूण चित्रपटाबद्दल म्हणता येणार नाही. तरी दुसऱ्या अर्ध्यात दिग्दर्शन कमकुवत होते. शेवटामुळे आधीचे चांगले क्षणही फिके पडतात.,Negative
चित्रपटाने कुटुंबासोबत पाहण्यासारखा अनुभव मिळतो आणि पटकथा खरोखर दर्जेदार आहे.,Positive
"चित्रपट पाहताना कथा पुढे सरकत नाही, कारण दृश्यरचना खूप कृत्रिम आहे.",Negative
हा चित्रपट नैसर्गिक वाटतो; कुटुंबासोबत पाहण्यासारखा अनुभव मिळतो.,Positive
चित्रपट अजिबात दर्जेदार नाही; उलट भावनिक सादरीकरण खूप सुमार आहे.,Negative
चित्रपट अजिबात अप्रभावी नाही; उलट शेवट खूप प्रभावी आहे.,Positive
हा चित्रपट अपेक्षेपेक्षा निरस निघाला आणि पटकथा शेवटपर्यंत प्रभावी राहत नाही.,Negative
उत्कृष्ट नाही असे अंतिम निष्कर्ष काढणे योग्य ठरणार नाही. सुरुवातीला कथा सुंदर आणि आकर्षक वाटते; तरी दुसऱ्या अर्ध्यात दिग्दर्शन कमकुवत होते. एकूण चित्रपट सकारात्मक कारणांसाठी लक्षात राहत नाही.,Negative
कथेपासून अभिनयापर्यंत बरेच काही अंदाजे वाटले; कलाकारांच्या कामगिरीत उत्साह जाणवत नाही.,Negative
चित्रपट अजिबात अप्रभावी नाही; उलट दिग्दर्शन खूप उत्कृष्ट आहे.,Positive
चित्रपट अजिबात वाईट नाही; उलट पार्श्वसंगीत खूप उत्तम आहे.,Positive
संपूर्ण मांडणीमध्ये काहीही उत्तम वाटत नाही; कथानक खूप अप्रभावी आहे.,Negative
संपूर्ण चित्रपट अंदाजे आहे आणि संवाद मुळे अनुभव खराब झाला.,Negative
सुरुवातीपासून शेवटपर्यंत चित्रपट दर्जेदार राहतो आणि शेवट समाधानकारक वाटतो.,Positive
चित्रपटातील विनोदी प्रसंग पाहून चित्रपट पाहून मन प्रसन्न झाले; एकूण अनुभव मनमोहक आहे.,Positive
सुरुवातीपासून शेवटपर्यंत चित्रपट अप्रतिम राहतो आणि प्रत्येक फ्रेम विचारपूर्वक सादर केली आहे.,Positive
चित्रपटातील विनोदी प्रसंग पाहून चित्रपटाचा अनुभव मनाला आनंद देतो; एकूण अनुभव उत्तम आहे.,Positive
हा अनुभव निराशाजनक नसून खूप नैसर्गिक आहे; कलाकारांनी भूमिका जिवंत केल्या आहेत.,Positive
"एकदम मस्त, आवडला मला खूप.",Positive
संपूर्ण मांडणीचा कथानक सुमार असून पटकथा शेवटपर्यंत प्रभावी राहत नाही.,Negative
फुकट गेला वेळ यार पूर्ण. शेवट इतका घाईघाईत गुंडाळलेला आहे की निराशा होते.,Negative
आशादायक नाही असे अंतिम निष्कर्ष काढणे योग्य ठरणार नाही. सुरुवातीला कथा सुंदर आणि आकर्षक वाटते; तरी दुसऱ्या अर्ध्यात दिग्दर्शन कमकुवत होते. त्यामुळे हा चित्रपट समाधानकारक म्हणता येत नाही.,Negative
चित्रपट अजिबात कंटाळवाणा नाही; उलट पार्श्वसंगीत खूप रंजक आहे.,Positive
हा चित्रपट अंदाजे वाटतो; चित्रपट पाहिल्यानंतर विशेष काही लक्षात राहत नाही.,Negative
कथा अजिबात कंटाळवाणा नाही आणि कथा शेवटपर्यंत पकडून ठेवते.,Positive
वाईट नाही असे अंतिम निष्कर्ष काढणे योग्य ठरणार नाही. सुरुवात थोडी कंटाळवाणी आणि संथ आहे; पण पुढे कथा इतकी सुंदर उलगडते. त्यामुळे चित्रपट पाहिल्याचा निर्णय योग्य वाटतो.,Positive
"चित्रपट पाहताना चित्रपटाची लांबी त्रासदायक ठरते, कारण अभिनय खूप निरस आहे.",Negative
सिनेमागृहातून बाहेर पडताना चेहऱ्यावर हसू होतं. विनोदी प्रसंग अगदी सहज आणि टाइमिंगसह मांडले आहेत.,Positive
संपूर्ण चित्रपट सुंदर आहे आणि दृश्यरचना मुळे अनुभव आणखी सुंदर झाला.,Positive
समाधानकारक नाही असे अंतिम निष्कर्ष काढणे योग्य ठरणार नाही. सुरुवातीला कथा सुंदर आणि आकर्षक वाटते; मात्र नंतर कथा इतकी रटाळ होते. अखेरीस एकूण परिणाम कमकुवत ठरतो.,Negative
दिग्दर्शन आणि पटकथा दोन्ही आकर्षक आहेत; त्यामुळे प्रत्येक फ्रेम विचारपूर्वक सादर केली आहे.,Positive
"चित्रपट पाहताना संवाद कृत्रिम वाटतात, कारण भावनिक सादरीकरण खूप अस्ताव्यस्त आहे.",Negative
उत्तम नाही असे अंतिम निष्कर्ष काढणे योग्य ठरणार नाही. सुरुवातीला कथा सुंदर आणि आकर्षक वाटते; पण पुढे पटकथा पूर्णपणे गोंधळते. शेवटी चित्रपट समाधान देत नाही.,Negative
चित्रपटाने पूर्णपणे निराश केले; कथानक विशेष निराशाजनक आहे.,Negative
"सिनेमागृहातून बाहेर पडताना खूप वैताग आला. गाणी उगाचच घुसवल्यासारखी वाटतात, कथेशी संबंधच नाही. छायाचित्रण अगदीच सामान्य दर्जाचं आहे. दिग्दर्शन अगदीच कमकुवत असून प्रसंगांची मांडणी विस्कळीत आहे. पूर्णपणे टाइमपास वाया गेला असं वाटलं.",Negative
सुरुवातीला कथा सुंदर आणि आकर्षक वाटते; समाधानकारक नाही असे एकूण चित्रपटाबद्दल म्हणता येणार नाही. मात्र नंतर कथा इतकी रटाळ होते. एकूण परिणाम वाईट आणि असमाधानकारक राहतो.,Negative
कथा अजिबात प्रभावी नाही आणि कथा पुढे सरकत नाही.,Negative
या चित्रपटाची शेवट निराश करते आणि कलाकारांच्या कामगिरीत उत्साह जाणवत नाही.,Negative
सुरुवातीला कथा सुंदर आणि आकर्षक वाटते; उत्तम नाही असे एकूण चित्रपटाबद्दल म्हणता येणार नाही. तरी दुसऱ्या अर्ध्यात दिग्दर्शन कमकुवत होते. त्यामुळे हा चित्रपट समाधानकारक म्हणता येत नाही.,Negative
चित्रपटचा शेवट रंजक असून प्रत्येक फ्रेम विचारपूर्वक सादर केली आहे.,Positive
चित्रपटाची कथा खूप अप्रतिम आहे आणि सर्व कलाकारांची कामगिरी लक्षात राहते.,Positive
"चित्रपट पाहताना शेवट समाधानकारक वाटतो, कारण कथानक खूप उत्तम आहे.",Positive
चित्रपट अजिबात रंजक नाही; उलट छायाचित्रण खूप निरस आहे.,Negative
चित्रपटाची भावनिक सादरीकरण खूप हृदयस्पर्शी आहे आणि चित्रपटाचा अनुभव मनाला आनंद देतो.,Positive
हा चित्रपट पुन्हा पाहावासा वाटत नाही कारण भावनिक सादरीकरण खूप कंटाळवाणा आहे.,Negative
हा चित्रपट अप्रभावी वाटतो; चित्रपट पाहिल्यानंतर विशेष काही लक्षात राहत नाही.,Negative
चित्रपटाची संगीत खूप मनमोहक आहे आणि दिग्दर्शकाने विषयाला योग्य न्याय दिला.,Positive
"चित्रपट पाहताना कलाकारांनी भूमिका जिवंत केल्या आहेत, कारण कथानक खूप मनमोहक आहे.",Positive
सुरुवातीला कथा सुंदर आणि आकर्षक वाटते; मनाला भिडणारा नाही असे एकूण चित्रपटाबद्दल म्हणता येणार नाही. पण पुढील भाग इतका कंटाळवाणा आहे. शेवटी चित्रपट समाधान देत नाही.,Negative
कथा अजिबात अप्रतिम नाही आणि भावनिक प्रसंगांचा परिणाम होत नाही.,Negative
कथामध्ये काहीही निरस वाटत नाही; मांडणी खूप उत्कृष्ट आहे.,Positive
हा चित्रपट अपेक्षेपेक्षा रंजक निघाला आणि चित्रपट पाहताना उत्सुकता कायम राहते.,Positive
"चित्रपटात संवाद उत्तम आहे, त्यामुळे चित्रपट पाहून मन प्रसन्न झाले.",Positive
हा चित्रपट अपेक्षेपेक्षा फिका निघाला आणि शेवट निराश करतो.,Negative
हा चित्रपट अप्रतिम वाटतो; कलाकारांनी भूमिका जिवंत केल्या आहेत.,Positive
थिएटरमध्ये जाऊन बघण्यासारखा चित्रपट आहे हा. दिग्दर्शनातली बारकाई प्रत्येक दृश्यात जाणवते.,Positive
"चित्रपट पाहताना कलाकारांच्या कामगिरीत उत्साह जाणवत नाही, कारण विनोदी प्रसंग खूप कृत्रिम आहे.",Negative
पूर्ण कुटुंबासोबत बघण्यासारखा सुंदर चित्रपट आहे. कथेची मांडणी अशी आहे की पुढे काय होणार याची उत्सुकता कायम राहते. पार्श्वसंगीत प्रसंगांची तीव्रता अजून वाढवतं.,Positive
संगीत आणि छायाचित्रण दोन्ही सुंदर आहेत; त्यामुळे चित्रपट पाहताना उत्सुकता कायम राहते.,Positive
हा चित्रपट अंदाजे वाटतो; दिग्दर्शनाने विषयाला योग्य न्याय दिला नाही.,Negative
सिनेमागृहातून बाहेर पडताना खूप वैताग आला. व्हीएफएक्स इतके स्वस्त वाटतात की हसू येतं.,Negative
चित्रपटाने शेवट निराश करतो आणि कथा खरोखर कंटाळवाणा आहे.,Negative
चित्रपटातील दिग्दर्शन पाहून चित्रपट पाहताना वारंवार कंटाळा आला; एकूण अनुभव निराशाजनक आहे.,Negative
लय भारी सिनेमा हाय गड्या. पटकथा घट्ट बांधलेली असल्यामुळे कुठेही कंटाळा येत नाही.,Positive
या वर्षीचा सर्वोत्तम मराठी चित्रपट असं म्हणता येईल. पटकथा घट्ट बांधलेली असल्यामुळे कुठेही कंटाळा येत नाही.,Positive
"मस्त सिनेमा आहे, नक्की बघा. पटकथा घट्ट बांधलेली असल्यामुळे कुठेही कंटाळा येत नाही. प्रत्येक कलाकाराने आपल्या भूमिकेला योग्य न्याय दिला आहे. असे चित्रपट वारंवार यायला हवेत.",Positive
हा चित्रपट पुन्हा पाहावासा वाटत नाही कारण कथा खूप फिका आहे.,Negative
चित्रपटचा अभिनय कंटाळवाणा असून काही दृश्ये अजिबात गरजेची वाटत नाहीत.,Negative
"चित्रपट संथ नाही असे सुरुवातीला वाटले, पण नंतर वेग पूर्णपणे कमी झाला. त्यामुळे एकूण अनुभव निराशाजनक झाला.",Negative
काहीच खास नव्हतं या चित्रपटात. दिग्दर्शन अगदीच कमकुवत असून प्रसंगांची मांडणी विस्कळीत आहे. पूर्णपणे टाइमपास वाया गेला असं वाटलं.,Negative
चित्रपट अजिबात दर्जेदार नाही; उलट कथानक खूप निरस आहे.,Negative
चित्रपटातील छायाचित्रण पाहून सर्व कलाकारांची कामगिरी लक्षात राहते; एकूण अनुभव उत्कृष्ट आहे.,Positive
चित्रपटातील शेवट पाहून शेवट समाधानकारक वाटतो; एकूण अनुभव प्रभावी आहे.,Positive
सुरुवातीला कथा सुंदर आणि आकर्षक वाटते; चांगला नाही असे एकूण चित्रपटाबद्दल म्हणता येणार नाही. पण पुढे पटकथा पूर्णपणे गोंधळते. त्यामुळे हा चित्रपट समाधानकारक म्हणता येत नाही.,Negative
"चित्रपटात दृश्यरचना कमकुवत आहे, त्यामुळे कलाकारांच्या कामगिरीत उत्साह जाणवत नाही.",Negative
कथा इतका कृत्रिम आहे की वेळ वाया गेल्यासारखे वाटले.,Negative
"थिएटरमध्ये अर्ध्यातच झोप येत होती. गाणी उगाचच घुसवल्यासारखी वाटतात, कथेशी संबंधच नाही. सहकलाकारांचा अभिनयही अगदीच सामान्य आहे. दिग्दर्शकाला नेमकं काय दाखवायचं आहे हेच कळत नाही.",Negative
कंटाळवाणा नाही असे अंतिम निष्कर्ष काढणे योग्य ठरणार नाही. सुरुवात थोडी कंटाळवाणी आणि संथ आहे; मात्र दुसऱ्या अर्ध्यात चित्रपट पूर्णपणे बदलतो. अखेरीस हा अनुभव अजिबात असमाधानकारक राहत नाही.,Positive
"फारसा वाईट नाही असे अंतिम निष्कर्ष काढणे योग्य ठरणार नाही. सुरुवात थोडी कंटाळवाणी आणि संथ आहे; तरी पुढे पात्रांचा प्रवास खूप प्रभावी होतो. शेवट अजिबात खराब नाही, उलट मनाला भिडतो.",Positive
सुरुवातीला कथा सुंदर आणि आकर्षक वाटते; सुंदर नाही असे एकूण चित्रपटाबद्दल म्हणता येणार नाही. पण पुढे पटकथा पूर्णपणे गोंधळते. एकूण चित्रपट सकारात्मक कारणांसाठी लक्षात राहत नाही.,Negative
पटकथा आणि भावनिक सादरीकरण दोन्ही अप्रभावी आहेत; त्यामुळे कथा पुढे सरकत नाही.,Negative
संवाद इतका सुमार आहे की भावनिक प्रसंगांचा परिणाम होत नाही.,Negative
समाधानकारक नाही असे अंतिम निष्कर्ष काढणे योग्य ठरणार नाही. सुरुवातीला कथा सुंदर आणि आकर्षक वाटते; तरी दुसऱ्या अर्ध्यात दिग्दर्शन कमकुवत होते. शेवटामुळे आधीचे चांगले क्षणही फिके पडतात.,Negative
या कलाकृतीचा छायाचित्रण रंजक असून शेवट समाधानकारक वाटतो.,Positive
चित्रपटातील दिग्दर्शन पाहून कुटुंबासोबत पाहण्यासारखा अनुभव मिळतो; एकूण अनुभव उत्कृष्ट आहे.,Positive
"उगाच हाईप केलेला सिनेमा, प्रत्यक्षात काही दम नाही. गाणी उगाचच घुसवल्यासारखी वाटतात, कथेशी संबंधच नाही. सहकलाकारांचा अभिनयही अगदीच सामान्य आहे. भावनिक प्रसंगांमध्ये सुद्धा काहीच परिणाम जाणवत नाही.",Negative
"चित्रपटात भावनिक सादरीकरण कमकुवत आहे, त्यामुळे शेवट निराश करतो.",Negative
सुरुवातीला कथा सुंदर आणि आकर्षक वाटते; उत्तम नाही असे एकूण चित्रपटाबद्दल म्हणता येणार नाही. मात्र नंतर कथा इतकी रटाळ होते. शेवटी चित्रपट समाधान देत नाही.,Negative
चित्रपट अजिबात कमकुवत नाही; उलट दृश्यरचना खूप कौतुकास्पद आहे.,Positive
"अभिनय उत्कृष्ट वाटला नाही, कलाकारांची कामगिरी निराशाजनक आहे. यामुळे चित्रपटाचा प्रभाव कमी होतो.",Negative
या चित्रपटाची पटकथा निराश करते आणि शेवट निराश करतो.,Negative
वेळेचा आणि पैशांचा पूर्ण अपव्यय झाला. पार्श्वसंगीत उगाचच मोठ्या आवाजात आणि त्रासदायक वाटतं. मुख्य कलाकारांच्या भूमिकेत जीव ओतलेला जाणवलाच नाही. कथेत इतके लॉजिकल गॅप्स आहेत की डोकं दुखायला लागतं.,Negative
चित्रपट अजिबात उत्कृष्ट नाही; उलट दिग्दर्शन खूप गोंधळलेला आहे.,Negative
"चित्रपट पाहताना काही दृश्ये अजिबात गरजेची वाटत नाहीत, कारण पटकथा खूप अप्रभावी आहे.",Negative
"चित्रपट पाहताना शेवट निराश करतो, कारण दिग्दर्शन खूप कंटाळवाणा आहे.",Negative
सुरुवातीला कथा सुंदर आणि आकर्षक वाटते; चांगला नाही असे एकूण चित्रपटाबद्दल म्हणता येणार नाही. पण पुढे पटकथा पूर्णपणे गोंधळते. अखेरीस एकूण परिणाम कमकुवत ठरतो.,Negative
सिनेमागृहातून बाहेर पडताना चेहऱ्यावर हसू होतं. गाण्यांचे शब्द आणि चाल दोन्ही मनाला भावतात. थिएटरमध्ये जाऊन नक्की एन्जॉय करा.,Positive
"सुरुवात थोडी कंटाळवाणी आणि संथ आहे. पण पुढे कथा इतकी सुंदर उलगडते, पण एकूण अनुभव वाईट नाही, उलट समाधानकारक आहे.",Positive
"चित्रपटात कथानक उत्तम आहे, त्यामुळे प्रत्येक प्रसंग लक्षात राहतो.",Positive
"चित्रपट पाहताना संवाद कृत्रिम वाटतात, कारण अभिनय खूप निरस आहे.",Negative
सुरुवातीला कथा सुंदर आणि आकर्षक वाटते; उत्कृष्ट नाही असे एकूण चित्रपटाबद्दल म्हणता येणार नाही. तरी दुसऱ्या अर्ध्यात दिग्दर्शन कमकुवत होते. त्यामुळे सुंदर क्षण असूनही चित्रपट आवडत नाही.,Negative
आकर्षक नाही असे अंतिम निष्कर्ष काढणे योग्य ठरणार नाही. सुरुवातीला कथा सुंदर आणि आकर्षक वाटते; तरी दुसऱ्या अर्ध्यात दिग्दर्शन कमकुवत होते. म्हणून चांगल्या सुरुवातीचा फारसा उपयोग होत नाही.,Negative
कथेपासून अभिनयापर्यंत बरेच काही गोंधळलेला वाटले; कथा पुढे सरकत नाही.,Negative
चित्रपटाची संवाद खूप उत्तम आहे आणि चित्रपटाचा अनुभव मनाला आनंद देतो.,Positive
चित्रपट अजिबात कमकुवत नाही; उलट संवाद खूप आकर्षक आहे.,Positive
चित्रपटातील संगीत पाहून चित्रपटाचा अनुभव मनाला आनंद देतो; एकूण अनुभव मनमोहक आहे.,Positive
चित्रपटाची कथानक खूप प्रभावी आहे आणि भावनिक प्रसंग मनाला स्पर्श करतात.,Positive
खराब नाही असे अंतिम निष्कर्ष काढणे योग्य ठरणार नाही. सुरुवात थोडी कंटाळवाणी आणि संथ आहे; मात्र दुसऱ्या अर्ध्यात चित्रपट पूर्णपणे बदलतो. त्यामुळे चित्रपट पाहिल्याचा निर्णय योग्य वाटतो.,Positive
हा अनुभव निरस नसून खूप दर्जेदार आहे; चित्रपट पाहून मन प्रसन्न झाले.,Positive
चित्रपटाची भावनिक सादरीकरण खूप फिका आहे आणि वेळ वाया गेल्यासारखे वाटले.,Negative
चित्रपट अजिबात सुंदर नाही; उलट कथा खूप सुमार आहे.,Negative
सुरुवातीला कथा सुंदर आणि आकर्षक वाटते; प्रभावी नाही असे एकूण चित्रपटाबद्दल म्हणता येणार नाही. तरी दुसऱ्या अर्ध्यात दिग्दर्शन कमकुवत होते. एकूण चित्रपट सकारात्मक कारणांसाठी लक्षात राहत नाही.,Negative
सुरुवातीला कथा सुंदर आणि आकर्षक वाटते; आकर्षक नाही असे एकूण चित्रपटाबद्दल म्हणता येणार नाही. तरी दुसऱ्या अर्ध्यात दिग्दर्शन कमकुवत होते. एकूण अनुभव मात्र निराशाजनक आहे.,Negative
"धमाल आहे एकदम, मजा आली. दिग्दर्शकाने प्रत्येक प्रसंग अतिशय सुंदर पद्धतीने मांडला आहे.",Positive
शेवट आणि पार्श्वसंगीत दोन्ही कंटाळवाणा आहेत; त्यामुळे अनेक प्रसंग विनाकारण लांबवले आहेत.,Negative
सुरुवात थोडी कंटाळवाणी आणि संथ आहे; तरी पुढे पात्रांचा प्रवास खूप प्रभावी होतो. उणिवा असूनही शेवटी चित्रपट मन जिंकून घेतो.,Positive
चित्रपटाने पूर्णपणे निराश केले; छायाचित्रण विशेष कृत्रिम आहे.,Negative
चित्रपट अजिबात रंजक नाही; उलट शेवट खूप सुमार आहे.,Negative
चित्रपटाने पूर्णपणे निराश केले; संवाद विशेष अप्रभावी आहे.,Negative
सुरुवात थोडी कंटाळवाणी आणि संथ आहे; अपेक्षाभंग करणारा नाही असे एकूण चित्रपटाबद्दल म्हणता येणार नाही. तरी पुढे पात्रांचा प्रवास खूप प्रभावी होतो. त्यामुळे चित्रपट पाहिल्याचा निर्णय योग्य वाटतो.,Positive
आकर्षक नाही असे अंतिम निष्कर्ष काढणे योग्य ठरणार नाही. सुरुवातीला कथा सुंदर आणि आकर्षक वाटते; तरी दुसऱ्या अर्ध्यात दिग्दर्शन कमकुवत होते. अखेरीस एकूण परिणाम कमकुवत ठरतो.,Negative
चित्रपटातील पटकथा पाहून वेळ वाया गेल्यासारखे वाटले; एकूण अनुभव निरस आहे.,Negative
लय भारी सिनेमा हाय गड्या. शेवट अगदी समाधानकारक आणि हृदयस्पर्शी झाला आहे.,Positive
यशस्वी नाही असे अंतिम निष्कर्ष काढणे योग्य ठरणार नाही. सुरुवातीला कथा सुंदर आणि आकर्षक वाटते; पण पुढे पटकथा पूर्णपणे गोंधळते. त्यामुळे अंतिम अनुभव अपेक्षाभंग करणारा ठरतो.,Negative
एवढा भिकार सिनेमा अलीकडे बघितला नव्हता. दिग्दर्शकाला नेमकं काय दाखवायचं आहे हेच कळत नाही.,Negative
"चित्रपटात मुख्य कलाकाराचा अभिनय उत्तम आहे, त्यामुळे शेवट समाधानकारक वाटतो.",Positive
चित्रपटाची पार्श्वसंगीत खूप फिका आहे आणि कथानकात नवीनपणा जाणवत नाही.,Negative
सुरुवात थोडी कंटाळवाणी आणि संथ आहे; फारसा वाईट नाही असे एकूण चित्रपटाबद्दल म्हणता येणार नाही. पण पुढे कथा इतकी सुंदर उलगडते. चित्रपटाने निराश केले नाही; उलट तो खूप आवडला.,Positive
उत्तम नाही असे अंतिम निष्कर्ष काढणे योग्य ठरणार नाही. सुरुवातीला कथा सुंदर आणि आकर्षक वाटते; मात्र नंतर कथा इतकी रटाळ होते. एकूण चित्रपट सकारात्मक कारणांसाठी लक्षात राहत नाही.,Negative
आशादायक नाही असे अंतिम निष्कर्ष काढणे योग्य ठरणार नाही. सुरुवातीला कथा सुंदर आणि आकर्षक वाटते; पण पुढे पटकथा पूर्णपणे गोंधळते. त्यामुळे सुंदर क्षण असूनही चित्रपट आवडत नाही.,Negative
या चित्रपटाची भावनिक सादरीकरण मनाला भिडते आणि प्रत्येक फ्रेम विचारपूर्वक सादर केली आहे.,Positive
समाधानकारक नाही असे अंतिम निष्कर्ष काढणे योग्य ठरणार नाही. सुरुवातीला कथा सुंदर आणि आकर्षक वाटते; मात्र नंतर कथा इतकी रटाळ होते. त्यामुळे सुंदर क्षण असूनही चित्रपट आवडत नाही.,Negative
सुरुवात थोडी कंटाळवाणी आणि संथ आहे; खराब नाही असे एकूण चित्रपटाबद्दल म्हणता येणार नाही. तरी पुढे पात्रांचा प्रवास खूप प्रभावी होतो. अखेरीस हा अनुभव अजिबात असमाधानकारक राहत नाही.,Positive
चित्रपटाने पूर्णपणे निराश केले; मांडणी विशेष फिका आहे.,Negative
शेवट आणि कथानक दोन्ही अतिशय संथ आहेत; त्यामुळे वेळ वाया गेल्यासारखे वाटले.,Negative
चित्रपटमध्ये काहीही अप्रभावी वाटत नाही; मांडणी खूप आकर्षक आहे.,Positive
कथा अजिबात उत्तम नाही आणि शेवट निराश करतो.,Negative
शेवट इतका अतिशय संथ आहे की शेवट निराश करतो.,Negative
सिनेमा बघून मन अगदी प्रसन्न झालं. संवाद खूप प्रभावी असून थेट मनाला भिडतात. सर्वांना शिफारस करेन असा हा चित्रपट आहे.,Positive
"चित्रपटात कथा कमकुवत आहे, त्यामुळे कलाकारांच्या कामगिरीत उत्साह जाणवत नाही.",Negative
सुरुवातीपासूनच चित्रपट प्रेक्षकांना पकडून ठेवतो. गाण्यांचे शब्द आणि चाल दोन्ही मनाला भावतात. पार्श्वसंगीत प्रसंगांची तीव्रता अजून वाढवतं. संगीत कानाला खूप गोड लागतं आणि गाणी सुद्धा सुरेख आहेत. पुन्हा एकदा बघायला नक्कीच आवडेल.,Positive
या कलाकृतीचा संवाद अप्रतिम असून वेळ कसा गेला कळले नाही.,Positive
सुरुवात थोडी कंटाळवाणी आणि संथ आहे; अपेक्षाभंग करणारा नाही असे एकूण चित्रपटाबद्दल म्हणता येणार नाही. तरी पुढे पात्रांचा प्रवास खूप प्रभावी होतो. चित्रपटाने निराश केले नाही; उलट तो खूप आवडला.,Positive
पैसे वाया गेले असं वाटलं सिनेमा बघून. छायाचित्रण अगदीच सामान्य दर्जाचं आहे. या चित्रपटाला दोन पैकी अर्धा स्टार सुद्धा जास्त आहे.,Negative
हा चित्रपट पुन्हा पाहावासा वाटतो कारण कथानक खूप कौतुकास्पद आहे.,Positive
हा चित्रपट अपेक्षेपेक्षा हृदयस्पर्शी निघाला आणि प्रत्येक फ्रेम विचारपूर्वक सादर केली आहे.,Positive
सिनेमा सुरु झाल्यापासूनच कंटाळा येऊ लागला. मुख्य कलाकारांच्या भूमिकेत जीव ओतलेला जाणवलाच नाही.,Negative
या कलाकृतीमध्ये काहीही कंटाळवाणा वाटत नाही; अभिनय खूप मनमोहक आहे.,Positive
शेवट चांगला वाटला नाही आणि तो घाईघाईने संपवला आहे. त्यामुळे एकूण अनुभव निराशाजनक झाला.,Negative
सुरुवात थोडी कंटाळवाणी आणि संथ आहे; असमाधानकारक नाही असे एकूण चित्रपटाबद्दल म्हणता येणार नाही. तरी पुढे पात्रांचा प्रवास खूप प्रभावी होतो. चित्रपटाने निराश केले नाही; उलट तो खूप आवडला.,Positive
कथानकमध्ये काहीही फिका वाटत नाही; भावनिक सादरीकरण खूप आकर्षक आहे.,Positive
सुरुवातीपासून शेवटपर्यंत चित्रपट सुंदर राहतो आणि शेवट समाधानकारक वाटतो.,Positive
"चित्रपटात मांडणी कमकुवत आहे, त्यामुळे कलाकारांच्या कामगिरीत उत्साह जाणवत नाही.",Negative
या चित्रपटाची पटकथा मनाला भिडते आणि कलाकारांनी भूमिका जिवंत केल्या आहेत.,Positive
सुरुवात थोडी कंटाळवाणी आणि संथ आहे; निराश केले नाही असे एकूण चित्रपटाबद्दल म्हणता येणार नाही. मात्र दुसऱ्या अर्ध्यात चित्रपट पूर्णपणे बदलतो. उणिवा असूनही शेवटी चित्रपट मन जिंकून घेतो.,Positive
"चित्रपट पाहताना चित्रपट पाहताना वारंवार कंटाळा आला, कारण कथानक खूप सुमार आहे.",Negative
"या वर्षीचा सर्वोत्तम मराठी चित्रपट असं म्हणता येईल. गाण्यांचे शब्द आणि चाल दोन्ही मनाला भावतात. कथा अगदी वेगळी आणि विचार करायला लावणारी आहे. छायाचित्रण अप्रतिम आहे, प्रत्येक फ्रेम एखाद्या चित्रासारखी वाटते. असे चित्रपट वारंवार यायला हवेत.",Positive
हा चित्रपट पुन्हा पाहावासा वाटत नाही कारण संवाद खूप निराशाजनक आहे.,Negative
या चित्रपटाची मुख्य कलाकाराचा अभिनय निराश करते आणि शेवट निराश करतो.,Negative
चित्रपटाने कथानकात नवीनपणा जाणवत नाही आणि पटकथा खरोखर निराशाजनक आहे.,Negative
चित्रपटाने अपेक्षा पूर्ण केल्या नाहीत; अनुभव निराशाजनक होता. त्यामुळे एकूण अनुभव निराशाजनक झाला.,Negative
"चित्रपट पाहताना कुटुंबासोबत पाहण्यासारखा अनुभव मिळतो, कारण शेवट खूप उत्तम आहे.",Positive
संपूर्ण मांडणीमध्ये काहीही अप्रभावी वाटत नाही; शेवट खूप नैसर्गिक आहे.,Positive
प्रभावी नाही असे अंतिम निष्कर्ष काढणे योग्य ठरणार नाही. सुरुवातीला कथा सुंदर आणि आकर्षक वाटते; मात्र नंतर कथा इतकी रटाळ होते. अखेरीस एकूण परिणाम कमकुवत ठरतो.,Negative
सुरुवात थोडी कंटाळवाणी आणि संथ आहे; मनाला न पटणारा नाही असे एकूण चित्रपटाबद्दल म्हणता येणार नाही. तरी पुढे पात्रांचा प्रवास खूप प्रभावी होतो. सुरुवातीच्या उणिवा असूनही हा चित्रपट लक्षात राहतो.,Positive
"मित्रांच्या सांगण्यावरून गेलो पण खूप पश्चाताप झाला. व्हीएफएक्स इतके स्वस्त वाटतात की हसू येतं. विनोदी प्रसंग हास्यास्पद वाटतात, हसू येण्याऐवजी वैताग येतो. पटकथा खूपच विस्कळीत असल्यामुळे कथा नीट समजतच नाही. या चित्रपटाला दोन पैकी अर्धा स्टार सुद्धा जास्त आहे.",Negative
"चित्रपट पाहताना कथा पुढे सरकत नाही, कारण संवाद खूप निराशाजनक आहे.",Negative
हा चित्रपट पुन्हा पाहावासा वाटत नाही कारण शेवट खूप कमकुवत आहे.,Negative
हा अनुभव अप्रभावी नसून खूप कौतुकास्पद आहे; सर्व कलाकारांची कामगिरी लक्षात राहते.,Positive
उत्तम नाही असे अंतिम निष्कर्ष काढणे योग्य ठरणार नाही. सुरुवातीला कथा सुंदर आणि आकर्षक वाटते; पण पुढे पटकथा पूर्णपणे गोंधळते. अखेरीस एकूण परिणाम कमकुवत ठरतो.,Negative
चित्रपट अजिबात अप्रभावी नाही; उलट भावनिक सादरीकरण खूप कौतुकास्पद आहे.,Positive
चित्रपटाने कथा पुढे सरकत नाही आणि कथा खरोखर अस्ताव्यस्त आहे.,Negative
चित्रपटाने शेवट समाधानकारक वाटतो आणि भावनिक सादरीकरण खरोखर नैसर्गिक आहे.,Positive
"चित्रपटात कथा कमकुवत आहे, त्यामुळे कथानकात नवीनपणा जाणवत नाही.",Negative
सिनेमा सुरुवातीपासून शेवटपर्यंत खिळवून ठेवतो. अॅक्शन सीन्स एकदम जबरदस्त आणि रिअलिस्टिक वाटतात. मुख्य कलाकारांनी आपापल्या भूमिका उत्कृष्टपणे साकारल्या आहेत. या चित्रपटाला पाच पैकी पाच स्टार्स.,Positive
"एकदम भारी चित्रपट, अपेक्षेपेक्षा जास्त आवडला. पार्श्वसंगीत प्रसंगांची तीव्रता अजून वाढवतं. या चित्रपटाला पाच पैकी पाच स्टार्स.",Positive
सिनेमागृहातून बाहेर पडताना खूप वैताग आला. संगीत काहीच लक्षात राहण्यासारखं नाही. कथेत इतके लॉजिकल गॅप्स आहेत की डोकं दुखायला लागतं.,Negative
चित्रपटचा पटकथा नैसर्गिक असून कुटुंबासोबत पाहण्यासारखा अनुभव मिळतो.,Positive
संपूर्ण मांडणीचा संगीत रंजक असून कुटुंबासोबत पाहण्यासारखा अनुभव मिळतो.,Positive
"दिग्दर्शन कमजोर नाही, उलट ते खूप प्रभावी आहे. पुन्हा पाहायला देखील आवडेल.",Positive
विनोदी प्रसंग इतका अंदाजे आहे की संवाद कृत्रिम वाटतात.,Negative
प्रभावी नाही असे अंतिम निष्कर्ष काढणे योग्य ठरणार नाही. सुरुवातीला कथा सुंदर आणि आकर्षक वाटते; तरी दुसऱ्या अर्ध्यात दिग्दर्शन कमकुवत होते. म्हणून चांगल्या सुरुवातीचा फारसा उपयोग होत नाही.,Negative
सुरुवातीपासून शेवटपर्यंत चित्रपट अप्रभावी राहतो आणि चित्रपट पाहताना वारंवार कंटाळा आला.,Negative
"सुरुवातीला कथा सुंदर आणि आकर्षक वाटते. तरी दुसऱ्या अर्ध्यात दिग्दर्शन कमकुवत होते, पण अखेरीस एकूण परिणाम कमकुवत ठरतो.",Negative
वाईट नाही असे अंतिम निष्कर्ष काढणे योग्य ठरणार नाही. सुरुवात थोडी कंटाळवाणी आणि संथ आहे; पण पुढे कथा इतकी सुंदर उलगडते. एकूण परिणाम सकारात्मक आणि समाधान देणारा आहे.,Positive
"सिनेमा सुरु झाल्यापासूनच कंटाळा येऊ लागला. दिग्दर्शन अगदीच कमकुवत असून प्रसंगांची मांडणी विस्कळीत आहे. गाणी उगाचच घुसवल्यासारखी वाटतात, कथेशी संबंधच नाही.",Negative
संपूर्ण मांडणीचा पार्श्वसंगीत अप्रतिम असून चित्रपट पाहून मन प्रसन्न झाले.,Positive
हा चित्रपट पुन्हा पाहावासा वाटतो कारण कथानक खूप अप्रतिम आहे.,Positive
"सुरुवात थोडी कंटाळवाणी आणि संथ आहे. मात्र दुसऱ्या अर्ध्यात चित्रपट पूर्णपणे बदलतो, पण शेवट अजिबात खराब नाही, उलट मनाला भिडतो.",Positive
"असमाधानकारक नाही असे अंतिम निष्कर्ष काढणे योग्य ठरणार नाही. सुरुवात थोडी कंटाळवाणी आणि संथ आहे; पण पुढे कथा इतकी सुंदर उलगडते. एकूण अनुभव वाईट नाही, उलट समाधानकारक आहे.",Positive
कथाचा भावनिक सादरीकरण अप्रभावी असून पटकथा शेवटपर्यंत प्रभावी राहत नाही.,Negative
हा चित्रपट खरंच अप्रतिम होता. अॅक्शन सीन्स एकदम जबरदस्त आणि रिअलिस्टिक वाटतात. दिग्दर्शनातली बारकाई प्रत्येक दृश्यात जाणवते.,Positive
चित्रपटाची कथा खूप मनमोहक आहे आणि चित्रपट पाहून मन प्रसन्न झाले.,Positive
संपूर्ण चित्रपट आकर्षक आहे आणि संवाद मुळे अनुभव आणखी सुंदर झाला.,Positive
फारसा वाईट नाही असे अंतिम निष्कर्ष काढणे योग्य ठरणार नाही. सुरुवात थोडी कंटाळवाणी आणि संथ आहे; मात्र दुसऱ्या अर्ध्यात चित्रपट पूर्णपणे बदलतो. त्यामुळे सुरुवातीचे नकारात्मक संकेत दिशाभूल करणारे ठरतात.,Positive
या कलाकृतीमध्ये काहीही वाईट वाटत नाही; दिग्दर्शन खूप मनमोहक आहे.,Positive
"धमाल आहे एकदम, मजा आली.",Positive
चित्रपटातील मुख्य कलाकाराचा अभिनय पाहून चित्रपटाचा अनुभव मनाला आनंद देतो; एकूण अनुभव प्रभावी आहे.,Positive
संपूर्ण मांडणीचा दिग्दर्शन हृदयस्पर्शी असून प्रत्येक फ्रेम विचारपूर्वक सादर केली आहे.,Positive
हा चित्रपट पुन्हा पाहावासा वाटत नाही कारण मुख्य कलाकाराचा अभिनय खूप कृत्रिम आहे.,Negative
मुख्य कलाकाराचा अभिनय इतका रंजक आहे की प्रत्येक प्रसंग लक्षात राहतो.,Positive
या कलाकृतीचा दिग्दर्शन आकर्षक असून शेवट समाधानकारक वाटतो.,Positive
पार्श्वसंगीत आणि छायाचित्रण दोन्ही आकर्षक आहेत; त्यामुळे वेळ कसा गेला कळले नाही.,Positive
काहीच दम नाही राव यात. कथेत इतके लॉजिकल गॅप्स आहेत की डोकं दुखायला लागतं.,Negative
हा अनुभव उत्कृष्ट नसून खूप अप्रभावी आहे; काही दृश्ये अजिबात गरजेची वाटत नाहीत.,Negative
हा चित्रपट पुन्हा पाहावासा वाटतो कारण भावनिक सादरीकरण खूप रंजक आहे.,Positive
या चित्रपटाची मांडणी निराश करते आणि वेळ वाया गेल्यासारखे वाटले.,Negative
भावनिक सादरीकरण इतका दर्जेदार आहे की प्रत्येक प्रसंग लक्षात राहतो.,Positive
कथानकमध्ये काहीही उत्तम वाटत नाही; पटकथा खूप गोंधळलेला आहे.,Negative
मित्रांच्या सांगण्यावरून गेलो पण खूप पश्चाताप झाला. शेवट इतका घाईघाईत गुंडाळलेला आहे की निराशा होते.,Negative
"चित्रपटात दृश्यरचना उत्तम आहे, त्यामुळे संगीताने प्रसंगांची परिणामकारकता वाढवली.",Positive
सिनेमागृहातून बाहेर पडताना चेहऱ्यावर हसू होतं. दिग्दर्शनातली बारकाई प्रत्येक दृश्यात जाणवते. कुटुंबासोबत थिएटरमध्ये जाऊन बघण्यासारखा सिनेमा आहे.,Positive
एवढा भिकार सिनेमा अलीकडे बघितला नव्हता. क्लायमॅक्स अगदीच अपेक्षित आणि सपक झाला आहे. पूर्णपणे टाइमपास वाया गेला असं वाटलं.,Negative
सुरुवातीला कथा सुंदर आणि आकर्षक वाटते; मात्र नंतर कथा इतकी रटाळ होते. शेवटामुळे आधीचे चांगले क्षणही फिके पडतात.,Negative
संपूर्ण चित्रपट मनमोहक आहे आणि छायाचित्रण मुळे अनुभव आणखी सुंदर झाला.,Positive
चित्रपट अजिबात उत्तम नाही; उलट पार्श्वसंगीत खूप कमकुवत आहे.,Negative
चित्रपटाने अजिबात निराश केले नाही; छायाचित्रण विशेष सुंदर आहे.,Positive
सुरुवात थोडी कंटाळवाणी आणि संथ आहे; पण पुढे कथा इतकी सुंदर उलगडते. म्हणून एकूण चित्रपट अपेक्षेपेक्षा सुंदर वाटतो.,Positive
चित्रपट अजिबात दर्जेदार नाही; उलट विनोदी प्रसंग खूप अंदाजे आहे.,Negative
चित्रपटाने प्रत्येक फ्रेम विचारपूर्वक सादर केली आहे आणि भावनिक सादरीकरण खरोखर प्रभावी आहे.,Positive
चित्रपटाने अपेक्षा पूर्ण केल्या नाहीत; अनुभव निराशाजनक होता. त्यामुळे चित्रपट फारसा प्रभावी वाटत नाही.,Negative
"मराठी प्रेक्षकांची निराशा करणारा चित्रपट आहे हा. गाणी उगाचच घुसवल्यासारखी वाटतात, कथेशी संबंधच नाही. शेवट इतका घाईघाईत गुंडाळलेला आहे की निराशा होते. क्लायमॅक्स अगदीच अपेक्षित आणि सपक झाला आहे.",Negative
हा अनुभव उत्तम नसून खूप अंदाजे आहे; अनेक प्रसंग विनाकारण लांबवले आहेत.,Negative
मित्रांच्या सांगण्यावरून गेलो पण खूप पश्चाताप झाला. शेवट इतका घाईघाईत गुंडाळलेला आहे की निराशा होते. मराठी सिनेमाच्या नावाला कमीपणा आणणारा चित्रपट आहे.,Negative
चित्रपटमध्ये काहीही सुंदर वाटत नाही; पटकथा खूप कृत्रिम आहे.,Negative
चित्रपट अजिबात अप्रभावी नाही; उलट मुख्य कलाकाराचा अभिनय खूप कौतुकास्पद आहे.,Positive
"चित्रपटात दिग्दर्शन कमकुवत आहे, त्यामुळे संवाद कृत्रिम वाटतात.",Negative
पूर्ण चित्रपटभर काहीच लॉजिक सापडलं नाही. संगीत काहीच लक्षात राहण्यासारखं नाही. क्लायमॅक्स अगदीच अपेक्षित आणि सपक झाला आहे. पूर्णपणे टाइमपास वाया गेला असं वाटलं.,Negative
मित्रांच्या सांगण्यावरून गेलो पण खूप पश्चाताप झाला. छायाचित्रण अगदीच सामान्य दर्जाचं आहे.,Negative
सुरुवातीपासून शेवटपर्यंत चित्रपट कृत्रिम राहतो आणि वेळ वाया गेल्यासारखे वाटले.,Negative
शेवट इतका रंजक आहे की कुटुंबासोबत पाहण्यासारखा अनुभव मिळतो.,Positive
सुरुवात थोडी कंटाळवाणी आणि संथ आहे; असमाधानकारक नाही असे एकूण चित्रपटाबद्दल म्हणता येणार नाही. पण पुढे कथा इतकी सुंदर उलगडते. त्यामुळे सुरुवातीचे नकारात्मक संकेत दिशाभूल करणारे ठरतात.,Positive
मित्रांच्या सांगण्यावरून गेलो पण खूप पश्चाताप झाला. काही कलाकारांची निवडच चुकीची वाटते. सहकलाकारांचा अभिनयही अगदीच सामान्य आहे. OTT वर आला तरी बघावासा वाटत नाही.,Negative
चित्रपटाने प्रत्येक प्रसंग लक्षात राहतो आणि संवाद खरोखर कौतुकास्पद आहे.,Positive
संपूर्ण मांडणीमध्ये काहीही अप्रतिम वाटत नाही; संवाद खूप निरस आहे.,Negative
या चित्रपटाची अभिनय निराश करते आणि चित्रपटाची लांबी त्रासदायक ठरते.,Negative
हा अनुभव मनमोहक नसून खूप गोंधळलेला आहे; काही दृश्ये अजिबात गरजेची वाटत नाहीत.,Negative
"सिनेमा बघून मन अगदी प्रसन्न झालं. छायाचित्रण अप्रतिम आहे, प्रत्येक फ्रेम एखाद्या चित्रासारखी वाटते. मुख्य कलाकारांनी आपापल्या भूमिका उत्कृष्टपणे साकारल्या आहेत.",Positive
कथानक आणि पार्श्वसंगीत दोन्ही अंदाजे आहेत; त्यामुळे पटकथा शेवटपर्यंत प्रभावी राहत नाही.,Negative
"चित्रपट पाहताना प्रत्येक फ्रेम विचारपूर्वक सादर केली आहे, कारण शेवट खूप नैसर्गिक आहे.",Positive
हा चित्रपट अपेक्षेपेक्षा कृत्रिम निघाला आणि शेवट निराश करतो.,Negative
असमाधानकारक नाही असे अंतिम निष्कर्ष काढणे योग्य ठरणार नाही. सुरुवात थोडी कंटाळवाणी आणि संथ आहे; तरी पुढे पात्रांचा प्रवास खूप प्रभावी होतो. म्हणून एकूण चित्रपट अपेक्षेपेक्षा सुंदर वाटतो.,Positive
कथामध्ये काहीही वाईट वाटत नाही; संगीत खूप दर्जेदार आहे.,Positive
चित्रपटाने काही दृश्ये अजिबात गरजेची वाटत नाहीत आणि पार्श्वसंगीत खरोखर फिका आहे.,Negative
"दिग्दर्शन चांगले नाही, अनेक दृश्ये अनावश्यक आहेत. एकूण अनुभव समाधानकारक वाटत नाही.",Negative
या कलाकृतीचा भावनिक सादरीकरण निराशाजनक असून कथा पुढे सरकत नाही.,Negative
चित्रपटाची दिग्दर्शन खूप उत्कृष्ट आहे आणि चित्रपट पाहताना उत्सुकता कायम राहते.,Positive
कथेपासून अभिनयापर्यंत बरेच काही फिका वाटले; भावनिक प्रसंगांचा परिणाम होत नाही.,Negative
मुख्य कलाकाराचा अभिनय इतका नैसर्गिक आहे की चित्रपटाचा अनुभव मनाला आनंद देतो.,Positive
वेळेचा आणि पैशांचा पूर्ण अपव्यय झाला. पार्श्वसंगीत उगाचच मोठ्या आवाजात आणि त्रासदायक वाटतं.,Negative
चित्रपट अजिबात उत्तम नाही; उलट संवाद खूप अस्ताव्यस्त आहे.,Negative
या कलाकृतीमध्ये काहीही कंटाळवाणा वाटत नाही; दिग्दर्शन खूप कौतुकास्पद आहे.,Positive
कथेपासून अभिनयापर्यंत बरेच काही कमकुवत वाटले; चित्रपटाची लांबी त्रासदायक ठरते.,Negative
हा चित्रपट पुन्हा पाहावासा वाटतो कारण दिग्दर्शन खूप नैसर्गिक आहे.,Positive
हा चित्रपट खरंच अप्रतिम होता. अभिनेत्यांचा अभिनय खूपच नैसर्गिक आणि प्रभावी वाटला. कथा अगदी वेगळी आणि विचार करायला लावणारी आहे. क्लायमॅक्स इतका जबरदस्त आहे की अंगावर काटा येतो. एकदा तरी नक्की बघावा असा हा चित्रपट आहे.,Positive
"चित्रपटात कथा कमकुवत आहे, त्यामुळे अनेक प्रसंग विनाकारण लांबवले आहेत.",Negative
हा अनुभव सुंदर नसून खूप अस्ताव्यस्त आहे; कलाकारांच्या कामगिरीत उत्साह जाणवत नाही.,Negative
"उगाच हाईप केलेला सिनेमा, प्रत्यक्षात काही दम नाही. अभिनेत्यांचा अभिनय अगदीच सुमार आणि कृत्रिम वाटला. कथेत इतके लॉजिकल गॅप्स आहेत की डोकं दुखायला लागतं. या चित्रपटाला दोन पैकी अर्धा स्टार सुद्धा जास्त आहे.",Negative
चित्रपट अजिबात मनमोहक नाही; उलट अभिनय खूप अस्ताव्यस्त आहे.,Negative
चित्रपटाने पूर्णपणे निराश केले; छायाचित्रण विशेष अप्रभावी आहे.,Negative
कथा अजिबात प्रभावी नाही आणि दिग्दर्शनाने विषयाला योग्य न्याय दिला नाही.,Negative
कथेपासून अभिनयापर्यंत बरेच काही निरस वाटले; कथानकात नवीनपणा जाणवत नाही.,Negative
पैसे वाया गेले असं वाटलं सिनेमा बघून. भावनिक प्रसंगांमध्ये सुद्धा काहीच परिणाम जाणवत नाही. पूर्णपणे टाइमपास वाया गेला असं वाटलं.,Negative
चित्रपटाने पूर्णपणे निराश केले; मांडणी विशेष सुमार आहे.,Negative
दिग्दर्शन इतका अंदाजे आहे की पटकथा शेवटपर्यंत प्रभावी राहत नाही.,Negative
पटकथा इतका अतिशय संथ आहे की अनेक प्रसंग विनाकारण लांबवले आहेत.,Negative
संपूर्ण मांडणीचा संगीत फिका असून दिग्दर्शनाने विषयाला योग्य न्याय दिला नाही.,Negative
सुरुवात थोडी कंटाळवाणी आणि संथ आहे; मनाला न पटणारा नाही असे एकूण चित्रपटाबद्दल म्हणता येणार नाही. मात्र दुसऱ्या अर्ध्यात चित्रपट पूर्णपणे बदलतो. एकूण परिणाम सकारात्मक आणि समाधान देणारा आहे.,Positive
"सुरुवात थोडी कंटाळवाणी आणि संथ आहे; निराश केले नाही असे एकूण चित्रपटाबद्दल म्हणता येणार नाही. तरी पुढे पात्रांचा प्रवास खूप प्रभावी होतो. शेवट अजिबात खराब नाही, उलट मनाला भिडतो.",Positive
चित्रपटातील अभिनय पाहून पटकथा शेवटपर्यंत प्रभावी राहत नाही; एकूण अनुभव कंटाळवाणा आहे.,Negative
प्रभावी नाही असे अंतिम निष्कर्ष काढणे योग्य ठरणार नाही. सुरुवातीला कथा सुंदर आणि आकर्षक वाटते; मात्र नंतर कथा इतकी रटाळ होते. शेवटामुळे आधीचे चांगले क्षणही फिके पडतात.,Negative
चित्रपट फारसा सामान्य नाही; त्यात वेगळेपणा जाणवतो. कलाकारांचे कामही मनापासून आवडले.,Positive
सुरुवातीपासून शेवटपर्यंत चित्रपट फिका राहतो आणि चित्रपटाची लांबी त्रासदायक ठरते.,Negative
हा चित्रपट पुन्हा पाहावासा वाटतो कारण पार्श्वसंगीत खूप नैसर्गिक आहे.,Positive
कथा इतका कृत्रिम आहे की चित्रपट पाहिल्यानंतर विशेष काही लक्षात राहत नाही.,Negative
सिनेमागृहातून बाहेर पडताना चेहऱ्यावर हसू होतं. गाण्यांचे शब्द आणि चाल दोन्ही मनाला भावतात. पार्श्वसंगीत प्रसंगांची तीव्रता अजून वाढवतं.,Positive
चित्रपटाने चित्रपट पाहून मन प्रसन्न झाले आणि शेवट खरोखर उत्कृष्ट आहे.,Positive
हा अनुभव दर्जेदार नसून खूप फिका आहे; चित्रपटाची लांबी त्रासदायक ठरते.,Negative
चांगला नाही असे अंतिम निष्कर्ष काढणे योग्य ठरणार नाही. सुरुवातीला कथा सुंदर आणि आकर्षक वाटते; पण पुढील भाग इतका कंटाळवाणा आहे. एकूण अनुभव मात्र निराशाजनक आहे.,Negative
हा चित्रपट खरंच अप्रतिम होता. मुख्य कलाकारांनी आपापल्या भूमिका उत्कृष्टपणे साकारल्या आहेत. संगीत कानाला खूप गोड लागतं आणि गाणी सुद्धा सुरेख आहेत.,Positive
खराब नाही असे अंतिम निष्कर्ष काढणे योग्य ठरणार नाही. सुरुवात थोडी कंटाळवाणी आणि संथ आहे; मात्र दुसऱ्या अर्ध्यात चित्रपट पूर्णपणे बदलतो. म्हणून एकूण चित्रपट अपेक्षेपेक्षा सुंदर वाटतो.,Positive
चित्रपटाने अजिबात निराश केले नाही; पटकथा विशेष अप्रतिम आहे.,Positive
सुरुवातीला कथा सुंदर आणि आकर्षक वाटते; यशस्वी नाही असे एकूण चित्रपटाबद्दल म्हणता येणार नाही. तरी दुसऱ्या अर्ध्यात दिग्दर्शन कमकुवत होते. अखेरीस एकूण परिणाम कमकुवत ठरतो.,Negative
"चित्रपटात विनोदी प्रसंग उत्तम आहे, त्यामुळे कलाकारांनी भूमिका जिवंत केल्या आहेत.",Positive
हा चित्रपट रंजक वाटतो; चित्रपट पाहून मन प्रसन्न झाले.,Positive
"निराशाजनक नाही असे अंतिम निष्कर्ष काढणे योग्य ठरणार नाही. सुरुवात थोडी कंटाळवाणी आणि संथ आहे; पण शेवटच्या भागात सुरुवातीच्या उणिवा मागे पडतात. शेवट अजिबात खराब नाही, उलट मनाला भिडतो.",Positive
असमाधानकारक नाही असे अंतिम निष्कर्ष काढणे योग्य ठरणार नाही. सुरुवात थोडी कंटाळवाणी आणि संथ आहे; मात्र दुसऱ्या अर्ध्यात चित्रपट पूर्णपणे बदलतो. एकूण परिणाम सकारात्मक आणि समाधान देणारा आहे.,Positive
अपेक्षाभंग करणारा नाही असे अंतिम निष्कर्ष काढणे योग्य ठरणार नाही. सुरुवात थोडी कंटाळवाणी आणि संथ आहे; पण पुढे कथा इतकी सुंदर उलगडते. चित्रपटाने निराश केले नाही; उलट तो खूप आवडला.,Positive
या चित्रपटाची कथानक मनाला भिडते आणि चित्रपट पाहताना उत्सुकता कायम राहते.,Positive
