Review,Sentiment
"खरंच अशा चित्रपटांची गरज आहे मराठी सृष्टीला. छायाचित्रण अप्रतिम आहे, प्रत्येक फ्रेम एखाद्या चित्रासारखी वाटते. मराठी चित्रपटसृष्टीसाठी अभिमानास्पद कलाकृती आहे.",Positive
"इतका रटाळ चित्रपट खूप दिवसांनी पाहिला. भावनिक प्रसंगांमध्ये सुद्धा काहीच परिणाम जाणवत नाही. विनोदी प्रसंग हास्यास्पद वाटतात, हसू येण्याऐवजी वैताग येतो. वेळ असेल तरी बघू नका असा सल्ला देईन.",Negative
थिएटरमध्ये अर्ध्यातच झोप येत होती. मुख्य कलाकारांच्या भूमिकेत जीव ओतलेला जाणवलाच नाही.,Negative
सुरुवातीपासूनच चित्रपट प्रेक्षकांना पकडून ठेवतो. क्लायमॅक्स इतका जबरदस्त आहे की अंगावर काटा येतो. विनोदी प्रसंग अगदी सहज आणि टाइमिंगसह मांडले आहेत. दिग्दर्शकाने प्रत्येक प्रसंग अतिशय सुंदर पद्धतीने मांडला आहे. सर्वांना शिफारस करेन असा हा चित्रपट आहे.,Positive
"पैसे वसूल चित्रपट, अजिबात निराश करत नाही. गाण्यांचे शब्द आणि चाल दोन्ही मनाला भावतात. विनोदी प्रसंग अगदी सहज आणि टाइमिंगसह मांडले आहेत. कथा अगदी वेगळी आणि विचार करायला लावणारी आहे.",Positive
हा चित्रपट खरंच अप्रतिम होता. कथेची मांडणी अशी आहे की पुढे काय होणार याची उत्सुकता कायम राहते.,Positive
सिनेमागृहातून बाहेर पडताना चेहऱ्यावर हसू होतं. दिग्दर्शकाने प्रत्येक प्रसंग अतिशय सुंदर पद्धतीने मांडला आहे.,Positive
काहीच खास नव्हतं या चित्रपटात. संवाद खूपच सुमार आणि ओढून ताणून लिहिलेले वाटतात. OTT वर आला तरी बघावासा वाटत नाही.,Negative
"पैसे वसूल चित्रपट, अजिबात निराश करत नाही. पटकथा घट्ट बांधलेली असल्यामुळे कुठेही कंटाळा येत नाही. मुख्य कलाकारांनी आपापल्या भूमिका उत्कृष्टपणे साकारल्या आहेत. सहकलाकारांचाही अभिनय तितकाच दमदार आहे. या चित्रपटाला पाच पैकी पाच स्टार्स.",Positive
"एकदम भारी चित्रपट, अपेक्षेपेक्षा जास्त आवडला. अभिनेत्यांचा अभिनय खूपच नैसर्गिक आणि प्रभावी वाटला. दिग्दर्शनातली बारकाई प्रत्येक दृश्यात जाणवते. विनोदी प्रसंग अगदी सहज आणि टाइमिंगसह मांडले आहेत. पुन्हा एकदा बघायला नक्कीच आवडेल.",Positive
"मराठी प्रेक्षकांची निराशा करणारा चित्रपट आहे हा. कथेत काहीच नावीन्य नाही, सगळं आधीच पाहिलेलं वाटतं. व्हीएफएक्स इतके स्वस्त वाटतात की हसू येतं. पुन्हा असा चित्रपट बघण्याची इच्छा नाही.",Negative
पूर्ण कुटुंबासोबत बघण्यासारखा सुंदर चित्रपट आहे. गाण्यांचे शब्द आणि चाल दोन्ही मनाला भावतात. असे चित्रपट वारंवार यायला हवेत.,Positive
पूर्ण चित्रपटभर काहीच लॉजिक सापडलं नाही. पटकथा खूपच विस्कळीत असल्यामुळे कथा नीट समजतच नाही. काही कलाकारांची निवडच चुकीची वाटते. पूर्णपणे टाइमपास वाया गेला असं वाटलं.,Negative
या वर्षीचा सर्वोत्तम मराठी चित्रपट असं म्हणता येईल. भावनिक प्रसंगांमध्ये डोळ्यात पाणी आल्याशिवाय राहत नाही. गाण्यांचे शब्द आणि चाल दोन्ही मनाला भावतात.,Positive
एकदम फाडू आहे यार सिनेमा.,Positive
"सिनेमागृहातून बाहेर पडताना खूप वैताग आला. पटकथा खूपच विस्कळीत असल्यामुळे कथा नीट समजतच नाही. गाणी उगाचच घुसवल्यासारखी वाटतात, कथेशी संबंधच नाही. OTT वर आला तरी बघावासा वाटत नाही.",Negative
"पैसे वसूल चित्रपट, अजिबात निराश करत नाही. छायाचित्रण अप्रतिम आहे, प्रत्येक फ्रेम एखाद्या चित्रासारखी वाटते. थिएटरमध्ये जाऊन नक्की एन्जॉय करा.",Positive
खूप दिवसांनी असा जबरदस्त चित्रपट पाहिला. भावनिक प्रसंगांमध्ये डोळ्यात पाणी आल्याशिवाय राहत नाही. शेवट अगदी समाधानकारक आणि हृदयस्पर्शी झाला आहे. असे चित्रपट वारंवार यायला हवेत.,Positive
खरंच अशा चित्रपटांची गरज आहे मराठी सृष्टीला. दिग्दर्शकाने प्रत्येक प्रसंग अतिशय सुंदर पद्धतीने मांडला आहे. सहकलाकारांचाही अभिनय तितकाच दमदार आहे. गाण्यांचे शब्द आणि चाल दोन्ही मनाला भावतात. एकदा तरी नक्की बघावा असा हा चित्रपट आहे.,Positive
"काहीच खास नव्हतं या चित्रपटात. कथेत काहीच नावीन्य नाही, सगळं आधीच पाहिलेलं वाटतं.",Negative
"मस्त सिनेमा आहे, नक्की बघा. मुख्य कलाकारांनी आपापल्या भूमिका उत्कृष्टपणे साकारल्या आहेत. एकदा तरी नक्की बघावा असा हा चित्रपट आहे.",Positive
सिनेमा बघून मन अगदी प्रसन्न झालं. पटकथा घट्ट बांधलेली असल्यामुळे कुठेही कंटाळा येत नाही. संवाद खूप प्रभावी असून थेट मनाला भिडतात.,Positive
मित्रांसोबत बघितला आणि सगळ्यांनाच खूप आवडला. दिग्दर्शनातली बारकाई प्रत्येक दृश्यात जाणवते.,Positive
हा चित्रपट खरंच अप्रतिम होता. गाण्यांचे शब्द आणि चाल दोन्ही मनाला भावतात. विनोदी प्रसंग अगदी सहज आणि टाइमिंगसह मांडले आहेत.,Positive
सिनेमागृहातून बाहेर पडताना खूप वैताग आला. कथेत इतके लॉजिकल गॅप्स आहेत की डोकं दुखायला लागतं. अॅक्शन सीन्स अगदीच बनावट आणि कंटाळवाणे वाटतात. OTT वर आला तरी बघावासा वाटत नाही.,Negative
"एवढा भिकार सिनेमा अलीकडे बघितला नव्हता. कथेत काहीच नावीन्य नाही, सगळं आधीच पाहिलेलं वाटतं. शेवट इतका घाईघाईत गुंडाळलेला आहे की निराशा होते. पूर्णपणे टाइमपास वाया गेला असं वाटलं.",Negative
"एकदम टुकार सिनेमा आहे भाऊ. कथेत काहीच नावीन्य नाही, सगळं आधीच पाहिलेलं वाटतं.",Negative
"सिनेमा बघून मन अगदी प्रसन्न झालं. छायाचित्रण अप्रतिम आहे, प्रत्येक फ्रेम एखाद्या चित्रासारखी वाटते. मुख्य कलाकारांनी आपापल्या भूमिका उत्कृष्टपणे साकारल्या आहेत.",Positive
मित्रांच्या सांगण्यावरून गेलो पण खूप पश्चाताप झाला. छायाचित्रण अगदीच सामान्य दर्जाचं आहे.,Negative
लय भारी सिनेमा हाय गड्या. पटकथा घट्ट बांधलेली असल्यामुळे कुठेही कंटाळा येत नाही.,Positive
हा चित्रपट अजिबात बघण्यासारखा नाही. पटकथा खूपच विस्कळीत असल्यामुळे कथा नीट समजतच नाही. भावनिक प्रसंगांमध्ये सुद्धा काहीच परिणाम जाणवत नाही. पूर्णपणे टाइमपास वाया गेला असं वाटलं.,Negative
हा चित्रपट अजिबात बघण्यासारखा नाही. अॅक्शन सीन्स अगदीच बनावट आणि कंटाळवाणे वाटतात. या चित्रपटाला दोन पैकी अर्धा स्टार सुद्धा जास्त आहे.,Negative
मित्रांच्या सांगण्यावरून गेलो पण खूप पश्चाताप झाला. संगीत काहीच लक्षात राहण्यासारखं नाही. दिग्दर्शकाला नेमकं काय दाखवायचं आहे हेच कळत नाही.,Negative
"सिनेमा सुरु झाल्यापासूनच कंटाळा येऊ लागला. सहकलाकारांचा अभिनयही अगदीच सामान्य आहे. विनोदी प्रसंग हास्यास्पद वाटतात, हसू येण्याऐवजी वैताग येतो.",Negative
खूप दिवसांनी असा जबरदस्त चित्रपट पाहिला. भावनिक प्रसंगांमध्ये डोळ्यात पाणी आल्याशिवाय राहत नाही. थिएटरमध्ये जाऊन नक्की एन्जॉय करा.,Positive
एवढा भिकार सिनेमा अलीकडे बघितला नव्हता. दिग्दर्शकाला नेमकं काय दाखवायचं आहे हेच कळत नाही.,Negative
सिनेमागृहातून बाहेर पडताना खूप वैताग आला. संवाद खूपच सुमार आणि ओढून ताणून लिहिलेले वाटतात. कथेत इतके लॉजिकल गॅप्स आहेत की डोकं दुखायला लागतं. अपेक्षा घेऊन गेलात तर नक्कीच निराश व्हाल.,Negative
मित्रांसोबत बघितला आणि सगळ्यांनाच खूप आवडला. संगीत कानाला खूप गोड लागतं आणि गाणी सुद्धा सुरेख आहेत. थिएटरमध्ये जाऊन नक्की एन्जॉय करा.,Positive
"काहीच खास नव्हतं या चित्रपटात. विनोदी प्रसंग हास्यास्पद वाटतात, हसू येण्याऐवजी वैताग येतो. मुख्य कलाकारांच्या भूमिकेत जीव ओतलेला जाणवलाच नाही. अभिनेत्यांचा अभिनय अगदीच सुमार आणि कृत्रिम वाटला. पुन्हा असा चित्रपट बघण्याची इच्छा नाही.",Negative
भारी आहे यार हा सिनेमा!,Positive
थिएटरमध्ये अर्ध्यातच झोप येत होती. कथेत इतके लॉजिकल गॅप्स आहेत की डोकं दुखायला लागतं. या चित्रपटाला दोन पैकी अर्धा स्टार सुद्धा जास्त आहे.,Negative
हा चित्रपट अजिबात बघण्यासारखा नाही. व्हीएफएक्स इतके स्वस्त वाटतात की हसू येतं. पटकथा खूपच विस्कळीत असल्यामुळे कथा नीट समजतच नाही.,Negative
हा चित्रपट खरंच अप्रतिम होता. प्रत्येक कलाकाराने आपल्या भूमिकेला योग्य न्याय दिला आहे. कथेची मांडणी अशी आहे की पुढे काय होणार याची उत्सुकता कायम राहते. पुन्हा एकदा बघायला नक्कीच आवडेल.,Positive
सिनेमा सुरुवातीपासून शेवटपर्यंत खिळवून ठेवतो. शेवट अगदी समाधानकारक आणि हृदयस्पर्शी झाला आहे. सहकलाकारांचाही अभिनय तितकाच दमदार आहे.,Positive
सुरुवातीपासूनच चित्रपट प्रेक्षकांना पकडून ठेवतो. दिग्दर्शनातली बारकाई प्रत्येक दृश्यात जाणवते. गाण्यांचे शब्द आणि चाल दोन्ही मनाला भावतात. सहकलाकारांचाही अभिनय तितकाच दमदार आहे.,Positive
सुरुवातीपासूनच चित्रपट प्रेक्षकांना पकडून ठेवतो. विनोदी प्रसंग अगदी सहज आणि टाइमिंगसह मांडले आहेत. अभिनेत्यांचा अभिनय खूपच नैसर्गिक आणि प्रभावी वाटला. पटकथा घट्ट बांधलेली असल्यामुळे कुठेही कंटाळा येत नाही.,Positive
एवढा भिकार सिनेमा अलीकडे बघितला नव्हता. संगीत काहीच लक्षात राहण्यासारखं नाही.,Negative
पूर्ण कुटुंबासोबत बघण्यासारखा सुंदर चित्रपट आहे. क्लायमॅक्स इतका जबरदस्त आहे की अंगावर काटा येतो.,Positive
थिएटरमध्ये जाऊन बघण्यासारखा चित्रपट आहे हा. संवाद खूप प्रभावी असून थेट मनाला भिडतात. प्रत्येक कलाकाराने आपल्या भूमिकेला योग्य न्याय दिला आहे.,Positive
"पैसे वसूल चित्रपट, अजिबात निराश करत नाही. प्रत्येक कलाकाराने आपल्या भूमिकेला योग्य न्याय दिला आहे. विनोदी प्रसंग अगदी सहज आणि टाइमिंगसह मांडले आहेत.",Positive
मित्रांसोबत बघितला आणि सगळ्यांनाच खूप आवडला. सहकलाकारांचाही अभिनय तितकाच दमदार आहे.,Positive
सिनेमा सुरु झाल्यापासूनच कंटाळा येऊ लागला. अभिनेत्यांचा अभिनय अगदीच सुमार आणि कृत्रिम वाटला.,Negative
मित्रांसोबत बघितला आणि सगळ्यांनाच खूप आवडला. क्लायमॅक्स इतका जबरदस्त आहे की अंगावर काटा येतो. व्हीएफएक्स दर्जेदार असून हॉलिवूडच्या तोडीचे वाटतात.,Positive
सुरुवातीपासूनच चित्रपट प्रेक्षकांना पकडून ठेवतो. गाण्यांचे शब्द आणि चाल दोन्ही मनाला भावतात. या चित्रपटाला पाच पैकी पाच स्टार्स.,Positive
"पैसे वसूल चित्रपट, अजिबात निराश करत नाही. क्लायमॅक्स इतका जबरदस्त आहे की अंगावर काटा येतो. मुख्य कलाकारांनी आपापल्या भूमिका उत्कृष्टपणे साकारल्या आहेत. संवाद खूप प्रभावी असून थेट मनाला भिडतात.",Positive
सिनेमागृहातून बाहेर पडताना चेहऱ्यावर हसू होतं. गाण्यांचे शब्द आणि चाल दोन्ही मनाला भावतात. थिएटरमध्ये जाऊन नक्की एन्जॉय करा.,Positive
"फुकट गेला वेळ यार पूर्ण. कथेत काहीच नावीन्य नाही, सगळं आधीच पाहिलेलं वाटतं.",Negative
सिनेमागृहातून बाहेर पडताना चेहऱ्यावर हसू होतं. पटकथा घट्ट बांधलेली असल्यामुळे कुठेही कंटाळा येत नाही. एकदा तरी नक्की बघावा असा हा चित्रपट आहे.,Positive
खूप दिवसांनी असा जबरदस्त चित्रपट पाहिला. अभिनेत्यांचा अभिनय खूपच नैसर्गिक आणि प्रभावी वाटला. या चित्रपटाला पाच पैकी पाच स्टार्स.,Positive
"एकदम भारी चित्रपट, अपेक्षेपेक्षा जास्त आवडला. शेवट अगदी समाधानकारक आणि हृदयस्पर्शी झाला आहे.",Positive
सुरुवातीपासूनच चित्रपट प्रेक्षकांना पकडून ठेवतो. कथेची मांडणी अशी आहे की पुढे काय होणार याची उत्सुकता कायम राहते. भावनिक प्रसंगांमध्ये डोळ्यात पाणी आल्याशिवाय राहत नाही. एकदा तरी नक्की बघावा असा हा चित्रपट आहे.,Positive
हा चित्रपट अजिबात बघण्यासारखा नाही. क्लायमॅक्स अगदीच अपेक्षित आणि सपक झाला आहे. मुख्य कलाकारांच्या भूमिकेत जीव ओतलेला जाणवलाच नाही.,Negative
पूर्ण चित्रपटभर काहीच लॉजिक सापडलं नाही. दिग्दर्शन अगदीच कमकुवत असून प्रसंगांची मांडणी विस्कळीत आहे. संगीत काहीच लक्षात राहण्यासारखं नाही.,Negative
या वर्षीचा सर्वोत्तम मराठी चित्रपट असं म्हणता येईल. प्रत्येक कलाकाराने आपल्या भूमिकेला योग्य न्याय दिला आहे. कथेची मांडणी अशी आहे की पुढे काय होणार याची उत्सुकता कायम राहते. संगीत कानाला खूप गोड लागतं आणि गाणी सुद्धा सुरेख आहेत.,Positive
हा चित्रपट अजिबात बघण्यासारखा नाही. व्हीएफएक्स इतके स्वस्त वाटतात की हसू येतं. सहकलाकारांचा अभिनयही अगदीच सामान्य आहे.,Negative
सुरुवातीपासूनच चित्रपट प्रेक्षकांना पकडून ठेवतो. क्लायमॅक्स इतका जबरदस्त आहे की अंगावर काटा येतो. संवाद खूप प्रभावी असून थेट मनाला भिडतात. भावनिक प्रसंगांमध्ये डोळ्यात पाणी आल्याशिवाय राहत नाही.,Positive
लय भारी सिनेमा हाय गड्या. शेवट अगदी समाधानकारक आणि हृदयस्पर्शी झाला आहे.,Positive
सिनेमा सुरुवातीपासून शेवटपर्यंत खिळवून ठेवतो. कथा अगदी वेगळी आणि विचार करायला लावणारी आहे.,Positive
"एकदम भारी चित्रपट, अपेक्षेपेक्षा जास्त आवडला. कथा अगदी वेगळी आणि विचार करायला लावणारी आहे. दिग्दर्शकाने प्रत्येक प्रसंग अतिशय सुंदर पद्धतीने मांडला आहे. मराठी चित्रपटसृष्टीसाठी अभिमानास्पद कलाकृती आहे.",Positive
सिनेमा बघून मन अगदी प्रसन्न झालं. अभिनेत्यांचा अभिनय खूपच नैसर्गिक आणि प्रभावी वाटला. संगीत कानाला खूप गोड लागतं आणि गाणी सुद्धा सुरेख आहेत. कुटुंबासोबत थिएटरमध्ये जाऊन बघण्यासारखा सिनेमा आहे.,Positive
"पूर्ण चित्रपटभर काहीच लॉजिक सापडलं नाही. कथेत काहीच नावीन्य नाही, सगळं आधीच पाहिलेलं वाटतं. क्लायमॅक्स अगदीच अपेक्षित आणि सपक झाला आहे. व्हीएफएक्स इतके स्वस्त वाटतात की हसू येतं. या चित्रपटाला दोन पैकी अर्धा स्टार सुद्धा जास्त आहे.",Negative
मराठी प्रेक्षकांची निराशा करणारा चित्रपट आहे हा. पटकथा खूपच विस्कळीत असल्यामुळे कथा नीट समजतच नाही. संगीत काहीच लक्षात राहण्यासारखं नाही.,Negative
सिनेमागृहातून बाहेर पडताना चेहऱ्यावर हसू होतं. संगीत कानाला खूप गोड लागतं आणि गाणी सुद्धा सुरेख आहेत.,Positive
पूर्ण चित्रपटभर काहीच लॉजिक सापडलं नाही. संगीत काहीच लक्षात राहण्यासारखं नाही. कथेत इतके लॉजिकल गॅप्स आहेत की डोकं दुखायला लागतं. OTT वर आला तरी बघावासा वाटत नाही.,Negative
खरंच अशा चित्रपटांची गरज आहे मराठी सृष्टीला. दिग्दर्शकाने प्रत्येक प्रसंग अतिशय सुंदर पद्धतीने मांडला आहे. पटकथा घट्ट बांधलेली असल्यामुळे कुठेही कंटाळा येत नाही.,Positive
अशा चित्रपटांमुळे मराठी सिनेमाची बदनामी होते. छायाचित्रण अगदीच सामान्य दर्जाचं आहे. अपेक्षा घेऊन गेलात तर नक्कीच निराश व्हाल.,Negative
डोकं दुखवणारा सिनेमा आहे हा.,Negative
सिनेमा सुरु झाल्यापासूनच कंटाळा येऊ लागला. मुख्य कलाकारांच्या भूमिकेत जीव ओतलेला जाणवलाच नाही. काही कलाकारांची निवडच चुकीची वाटते. पुन्हा असा चित्रपट बघण्याची इच्छा नाही.,Negative
सिनेमागृहातून बाहेर पडताना खूप वैताग आला. मुख्य कलाकारांच्या भूमिकेत जीव ओतलेला जाणवलाच नाही. थिएटरमध्ये पैसे खर्च करण्याआधी नक्की विचार करा.,Negative
काहीच दम नाही राव यात. कथेत इतके लॉजिकल गॅप्स आहेत की डोकं दुखायला लागतं.,Negative
अपेक्षा खूप होत्या पण चित्रपटाने साफ निराश केलं. पटकथा खूपच विस्कळीत असल्यामुळे कथा नीट समजतच नाही. शेवट इतका घाईघाईत गुंडाळलेला आहे की निराशा होते. पुन्हा असा चित्रपट बघण्याची इच्छा नाही.,Negative
"एकदम भारी चित्रपट, अपेक्षेपेक्षा जास्त आवडला. व्हीएफएक्स दर्जेदार असून हॉलिवूडच्या तोडीचे वाटतात. विनोदी प्रसंग अगदी सहज आणि टाइमिंगसह मांडले आहेत. एकदा तरी नक्की बघावा असा हा चित्रपट आहे.",Positive
"मराठी प्रेक्षकांची निराशा करणारा चित्रपट आहे हा. गाणी उगाचच घुसवल्यासारखी वाटतात, कथेशी संबंधच नाही.",Negative
अशा चित्रपटांमुळे मराठी सिनेमाची बदनामी होते. काही कलाकारांची निवडच चुकीची वाटते. संगीत काहीच लक्षात राहण्यासारखं नाही. थिएटरमध्ये पैसे खर्च करण्याआधी नक्की विचार करा.,Negative
"उगाच हाईप केलेला सिनेमा, प्रत्यक्षात काही दम नाही. कथेत काहीच नावीन्य नाही, सगळं आधीच पाहिलेलं वाटतं. या चित्रपटाला दोन पैकी अर्धा स्टार सुद्धा जास्त आहे.",Negative
सिनेमा सुरु झाल्यापासूनच कंटाळा येऊ लागला. शेवट इतका घाईघाईत गुंडाळलेला आहे की निराशा होते. पुन्हा असा चित्रपट बघण्याची इच्छा नाही.,Negative
"एवढा भिकार सिनेमा अलीकडे बघितला नव्हता. शेवट इतका घाईघाईत गुंडाळलेला आहे की निराशा होते. कथेत काहीच नावीन्य नाही, सगळं आधीच पाहिलेलं वाटतं. अभिनेत्यांचा अभिनय अगदीच सुमार आणि कृत्रिम वाटला. पुन्हा असा चित्रपट बघण्याची इच्छा नाही.",Negative
पूर्ण कुटुंबासोबत बघण्यासारखा सुंदर चित्रपट आहे. अॅक्शन सीन्स एकदम जबरदस्त आणि रिअलिस्टिक वाटतात. मराठी चित्रपटसृष्टीसाठी अभिमानास्पद कलाकृती आहे.,Positive
अशा चित्रपटांमुळे मराठी सिनेमाची बदनामी होते. काही कलाकारांची निवडच चुकीची वाटते. मुख्य कलाकारांच्या भूमिकेत जीव ओतलेला जाणवलाच नाही. अपेक्षा घेऊन गेलात तर नक्कीच निराश व्हाल.,Negative
अशा चित्रपटांमुळे मराठी सिनेमाची बदनामी होते. शेवट इतका घाईघाईत गुंडाळलेला आहे की निराशा होते. काही कलाकारांची निवडच चुकीची वाटते. कथेत इतके लॉजिकल गॅप्स आहेत की डोकं दुखायला लागतं. थिएटरमध्ये पैसे खर्च करण्याआधी नक्की विचार करा.,Negative
"उगाच हाईप केलेला सिनेमा, प्रत्यक्षात काही दम नाही. भावनिक प्रसंगांमध्ये सुद्धा काहीच परिणाम जाणवत नाही. पटकथा खूपच विस्कळीत असल्यामुळे कथा नीट समजतच नाही. अभिनेत्यांचा अभिनय अगदीच सुमार आणि कृत्रिम वाटला. वेळ असेल तरी बघू नका असा सल्ला देईन.",Negative
या वर्षीचा सर्वोत्तम मराठी चित्रपट असं म्हणता येईल. कथा अगदी वेगळी आणि विचार करायला लावणारी आहे. एकदा तरी नक्की बघावा असा हा चित्रपट आहे.,Positive
फुकट गेला वेळ यार पूर्ण. पार्श्वसंगीत उगाचच मोठ्या आवाजात आणि त्रासदायक वाटतं.,Negative
सिनेमा बघून मन अगदी प्रसन्न झालं. कथा अगदी वेगळी आणि विचार करायला लावणारी आहे. विनोदी प्रसंग अगदी सहज आणि टाइमिंगसह मांडले आहेत.,Positive
"मराठी प्रेक्षकांची निराशा करणारा चित्रपट आहे हा. मुख्य कलाकारांच्या भूमिकेत जीव ओतलेला जाणवलाच नाही. विनोदी प्रसंग हास्यास्पद वाटतात, हसू येण्याऐवजी वैताग येतो. व्हीएफएक्स इतके स्वस्त वाटतात की हसू येतं.",Negative
मित्रांसोबत बघितला आणि सगळ्यांनाच खूप आवडला. शेवट अगदी समाधानकारक आणि हृदयस्पर्शी झाला आहे. थिएटरमध्ये जाऊन नक्की एन्जॉय करा.,Positive
सिनेमा बघून मन अगदी प्रसन्न झालं. दिग्दर्शनातली बारकाई प्रत्येक दृश्यात जाणवते. अभिनेत्यांचा अभिनय खूपच नैसर्गिक आणि प्रभावी वाटला. सर्वांना शिफारस करेन असा हा चित्रपट आहे.,Positive
"मित्रांच्या सांगण्यावरून गेलो पण खूप पश्चाताप झाला. अभिनेत्यांचा अभिनय अगदीच सुमार आणि कृत्रिम वाटला. गाणी उगाचच घुसवल्यासारखी वाटतात, कथेशी संबंधच नाही. वेळ असेल तरी बघू नका असा सल्ला देईन.",Negative
"क्लासच आहे राव, बघाच एकदा. संगीत कानाला खूप गोड लागतं आणि गाणी सुद्धा सुरेख आहेत.",Positive
पूर्ण कुटुंबासोबत बघण्यासारखा सुंदर चित्रपट आहे. सहकलाकारांचाही अभिनय तितकाच दमदार आहे. क्लायमॅक्स इतका जबरदस्त आहे की अंगावर काटा येतो. या चित्रपटाला पाच पैकी पाच स्टार्स.,Positive
या वर्षीचा सर्वोत्तम मराठी चित्रपट असं म्हणता येईल. कथेची मांडणी अशी आहे की पुढे काय होणार याची उत्सुकता कायम राहते.,Positive
"धमाल आहे एकदम, मजा आली. दिग्दर्शकाने प्रत्येक प्रसंग अतिशय सुंदर पद्धतीने मांडला आहे.",Positive
इतका रटाळ चित्रपट खूप दिवसांनी पाहिला. सहकलाकारांचा अभिनयही अगदीच सामान्य आहे.,Negative
पूर्ण कुटुंबासोबत बघण्यासारखा सुंदर चित्रपट आहे. भावनिक प्रसंगांमध्ये डोळ्यात पाणी आल्याशिवाय राहत नाही. सहकलाकारांचाही अभिनय तितकाच दमदार आहे. थिएटरमध्ये जाऊन नक्की एन्जॉय करा.,Positive
"मस्त सिनेमा आहे, नक्की बघा. दिग्दर्शनातली बारकाई प्रत्येक दृश्यात जाणवते.",Positive
इतका रटाळ चित्रपट खूप दिवसांनी पाहिला. शेवट इतका घाईघाईत गुंडाळलेला आहे की निराशा होते. सहकलाकारांचा अभिनयही अगदीच सामान्य आहे.,Negative
अशा चित्रपटांमुळे मराठी सिनेमाची बदनामी होते. अभिनेत्यांचा अभिनय अगदीच सुमार आणि कृत्रिम वाटला. पार्श्वसंगीत उगाचच मोठ्या आवाजात आणि त्रासदायक वाटतं. या चित्रपटाला दोन पैकी अर्धा स्टार सुद्धा जास्त आहे.,Negative
"सिनेमा सुरु झाल्यापासूनच कंटाळा येऊ लागला. दिग्दर्शन अगदीच कमकुवत असून प्रसंगांची मांडणी विस्कळीत आहे. गाणी उगाचच घुसवल्यासारखी वाटतात, कथेशी संबंधच नाही.",Negative
सिनेमागृहातून बाहेर पडताना चेहऱ्यावर हसू होतं. कथा अगदी वेगळी आणि विचार करायला लावणारी आहे.,Positive
या वर्षीचा सर्वोत्तम मराठी चित्रपट असं म्हणता येईल. अॅक्शन सीन्स एकदम जबरदस्त आणि रिअलिस्टिक वाटतात.,Positive
सुरुवातीपासूनच चित्रपट प्रेक्षकांना पकडून ठेवतो. गाण्यांचे शब्द आणि चाल दोन्ही मनाला भावतात. संवाद खूप प्रभावी असून थेट मनाला भिडतात.,Positive
थिएटरमध्ये अर्ध्यातच झोप येत होती. छायाचित्रण अगदीच सामान्य दर्जाचं आहे. थिएटरमध्ये पैसे खर्च करण्याआधी नक्की विचार करा.,Negative
सिनेमागृहातून बाहेर पडताना खूप वैताग आला. क्लायमॅक्स अगदीच अपेक्षित आणि सपक झाला आहे. व्हीएफएक्स इतके स्वस्त वाटतात की हसू येतं.,Negative
थिएटरमध्ये जाऊन बघण्यासारखा चित्रपट आहे हा. दिग्दर्शकाने प्रत्येक प्रसंग अतिशय सुंदर पद्धतीने मांडला आहे. असे चित्रपट वारंवार यायला हवेत.,Positive
हा चित्रपट खरंच अप्रतिम होता. सहकलाकारांचाही अभिनय तितकाच दमदार आहे. क्लायमॅक्स इतका जबरदस्त आहे की अंगावर काटा येतो. संगीत कानाला खूप गोड लागतं आणि गाणी सुद्धा सुरेख आहेत.,Positive
खूप दिवसांनी असा जबरदस्त चित्रपट पाहिला. व्हीएफएक्स दर्जेदार असून हॉलिवूडच्या तोडीचे वाटतात. मराठी चित्रपटसृष्टीसाठी अभिमानास्पद कलाकृती आहे.,Positive
खूप दिवसांनी असा जबरदस्त चित्रपट पाहिला. विनोदी प्रसंग अगदी सहज आणि टाइमिंगसह मांडले आहेत. एकदा तरी नक्की बघावा असा हा चित्रपट आहे.,Positive
एवढा भिकार सिनेमा अलीकडे बघितला नव्हता. व्हीएफएक्स इतके स्वस्त वाटतात की हसू येतं. थिएटरमध्ये पैसे खर्च करण्याआधी नक्की विचार करा.,Negative
"सिनेमागृहातून बाहेर पडताना खूप वैताग आला. गाणी उगाचच घुसवल्यासारखी वाटतात, कथेशी संबंधच नाही.",Negative
"वेळेचा आणि पैशांचा पूर्ण अपव्यय झाला. गाणी उगाचच घुसवल्यासारखी वाटतात, कथेशी संबंधच नाही. पार्श्वसंगीत उगाचच मोठ्या आवाजात आणि त्रासदायक वाटतं. कथेत काहीच नावीन्य नाही, सगळं आधीच पाहिलेलं वाटतं. OTT वर आला तरी बघावासा वाटत नाही.",Negative
मित्रांसोबत बघितला आणि सगळ्यांनाच खूप आवडला. कथेची मांडणी अशी आहे की पुढे काय होणार याची उत्सुकता कायम राहते.,Positive
सिनेमा बघून मन अगदी प्रसन्न झालं. संवाद खूप प्रभावी असून थेट मनाला भिडतात. मुख्य कलाकारांनी आपापल्या भूमिका उत्कृष्टपणे साकारल्या आहेत.,Positive
पैसे वाया गेले असं वाटलं सिनेमा बघून. व्हीएफएक्स इतके स्वस्त वाटतात की हसू येतं. या चित्रपटाला दोन पैकी अर्धा स्टार सुद्धा जास्त आहे.,Negative
या वर्षीचा सर्वोत्तम मराठी चित्रपट असं म्हणता येईल. मुख्य कलाकारांनी आपापल्या भूमिका उत्कृष्टपणे साकारल्या आहेत. गाण्यांचे शब्द आणि चाल दोन्ही मनाला भावतात.,Positive
कंटाळवाणा आणि रटाळ सिनेमा आहे.,Negative
मित्रांच्या सांगण्यावरून गेलो पण खूप पश्चाताप झाला. सहकलाकारांचा अभिनयही अगदीच सामान्य आहे. अभिनेत्यांचा अभिनय अगदीच सुमार आणि कृत्रिम वाटला. पुन्हा असा चित्रपट बघण्याची इच्छा नाही.,Negative
खूप वेळाने मराठी चित्रपटसृष्टीत असा दर्जेदार सिनेमा आला. मुख्य कलाकारांनी आपापल्या भूमिका उत्कृष्टपणे साकारल्या आहेत.,Positive
"एकदम भारी चित्रपट, अपेक्षेपेक्षा जास्त आवडला. विनोदी प्रसंग अगदी सहज आणि टाइमिंगसह मांडले आहेत. कथेची मांडणी अशी आहे की पुढे काय होणार याची उत्सुकता कायम राहते. अभिनेत्यांचा अभिनय खूपच नैसर्गिक आणि प्रभावी वाटला. असे चित्रपट वारंवार यायला हवेत.",Positive
"सिनेमा बघून मन अगदी प्रसन्न झालं. छायाचित्रण अप्रतिम आहे, प्रत्येक फ्रेम एखाद्या चित्रासारखी वाटते. सहकलाकारांचाही अभिनय तितकाच दमदार आहे. या चित्रपटाला पाच पैकी पाच स्टार्स.",Positive
एवढा भिकार सिनेमा अलीकडे बघितला नव्हता. अभिनेत्यांचा अभिनय अगदीच सुमार आणि कृत्रिम वाटला. कथेत इतके लॉजिकल गॅप्स आहेत की डोकं दुखायला लागतं. पार्श्वसंगीत उगाचच मोठ्या आवाजात आणि त्रासदायक वाटतं. पुन्हा असा चित्रपट बघण्याची इच्छा नाही.,Negative
पूर्ण चित्रपटभर काहीच लॉजिक सापडलं नाही. दिग्दर्शकाला नेमकं काय दाखवायचं आहे हेच कळत नाही.,Negative
"पूर्ण चित्रपटभर काहीच लॉजिक सापडलं नाही. गाणी उगाचच घुसवल्यासारखी वाटतात, कथेशी संबंधच नाही. कथेत काहीच नावीन्य नाही, सगळं आधीच पाहिलेलं वाटतं. पूर्णपणे टाइमपास वाया गेला असं वाटलं.",Negative
पूर्ण चित्रपटभर काहीच लॉजिक सापडलं नाही. भावनिक प्रसंगांमध्ये सुद्धा काहीच परिणाम जाणवत नाही. दिग्दर्शन अगदीच कमकुवत असून प्रसंगांची मांडणी विस्कळीत आहे. वेळ असेल तरी बघू नका असा सल्ला देईन.,Negative
सिनेमागृहातून बाहेर पडताना चेहऱ्यावर हसू होतं. प्रत्येक कलाकाराने आपल्या भूमिकेला योग्य न्याय दिला आहे. मराठी चित्रपटसृष्टीसाठी अभिमानास्पद कलाकृती आहे.,Positive
अशा चित्रपटांमुळे मराठी सिनेमाची बदनामी होते. काही कलाकारांची निवडच चुकीची वाटते. कथेत इतके लॉजिकल गॅप्स आहेत की डोकं दुखायला लागतं. थिएटरमध्ये पैसे खर्च करण्याआधी नक्की विचार करा.,Negative
खरंच अशा चित्रपटांची गरज आहे मराठी सृष्टीला. गाण्यांचे शब्द आणि चाल दोन्ही मनाला भावतात.,Positive
मराठी प्रेक्षकांची निराशा करणारा चित्रपट आहे हा. दिग्दर्शकाला नेमकं काय दाखवायचं आहे हेच कळत नाही. मराठी सिनेमाच्या नावाला कमीपणा आणणारा चित्रपट आहे.,Negative
पूर्ण कुटुंबासोबत बघण्यासारखा सुंदर चित्रपट आहे. संवाद खूप प्रभावी असून थेट मनाला भिडतात. क्लायमॅक्स इतका जबरदस्त आहे की अंगावर काटा येतो. असे चित्रपट वारंवार यायला हवेत.,Positive
हा चित्रपट खरंच अप्रतिम होता. दिग्दर्शनातली बारकाई प्रत्येक दृश्यात जाणवते. कथेची मांडणी अशी आहे की पुढे काय होणार याची उत्सुकता कायम राहते. असे चित्रपट वारंवार यायला हवेत.,Positive
खूप वेळाने मराठी चित्रपटसृष्टीत असा दर्जेदार सिनेमा आला. पार्श्वसंगीत प्रसंगांची तीव्रता अजून वाढवतं. सर्वांना शिफारस करेन असा हा चित्रपट आहे.,Positive
सिनेमागृहातून बाहेर पडताना खूप वैताग आला. अॅक्शन सीन्स अगदीच बनावट आणि कंटाळवाणे वाटतात. अपेक्षा घेऊन गेलात तर नक्कीच निराश व्हाल.,Negative
मित्रांसोबत बघितला आणि सगळ्यांनाच खूप आवडला. क्लायमॅक्स इतका जबरदस्त आहे की अंगावर काटा येतो.,Positive
पूर्ण कुटुंबासोबत बघण्यासारखा सुंदर चित्रपट आहे. विनोदी प्रसंग अगदी सहज आणि टाइमिंगसह मांडले आहेत. दिग्दर्शकाने प्रत्येक प्रसंग अतिशय सुंदर पद्धतीने मांडला आहे. अभिनेत्यांचा अभिनय खूपच नैसर्गिक आणि प्रभावी वाटला. एकदा तरी नक्की बघावा असा हा चित्रपट आहे.,Positive
एकदम टुकार सिनेमा आहे भाऊ. अभिनेत्यांचा अभिनय अगदीच सुमार आणि कृत्रिम वाटला.,Negative
सिनेमा सुरु झाल्यापासूनच कंटाळा येऊ लागला. काही कलाकारांची निवडच चुकीची वाटते. संगीत काहीच लक्षात राहण्यासारखं नाही.,Negative
थिएटरमध्ये जाऊन बघण्यासारखा चित्रपट आहे हा. संवाद खूप प्रभावी असून थेट मनाला भिडतात. सहकलाकारांचाही अभिनय तितकाच दमदार आहे. शेवट अगदी समाधानकारक आणि हृदयस्पर्शी झाला आहे. कुटुंबासोबत थिएटरमध्ये जाऊन बघण्यासारखा सिनेमा आहे.,Positive
मित्रांसोबत बघितला आणि सगळ्यांनाच खूप आवडला. विनोदी प्रसंग अगदी सहज आणि टाइमिंगसह मांडले आहेत. कुटुंबासोबत थिएटरमध्ये जाऊन बघण्यासारखा सिनेमा आहे.,Positive
थिएटरमध्ये जाऊन बघण्यासारखा चित्रपट आहे हा. संगीत कानाला खूप गोड लागतं आणि गाणी सुद्धा सुरेख आहेत. विनोदी प्रसंग अगदी सहज आणि टाइमिंगसह मांडले आहेत.,Positive
सिनेमागृहातून बाहेर पडताना चेहऱ्यावर हसू होतं. क्लायमॅक्स इतका जबरदस्त आहे की अंगावर काटा येतो. अभिनेत्यांचा अभिनय खूपच नैसर्गिक आणि प्रभावी वाटला.,Positive
सिनेमा बघून एकदम फ्रेश वाटलं.,Positive
मराठी प्रेक्षकांची निराशा करणारा चित्रपट आहे हा. संगीत काहीच लक्षात राहण्यासारखं नाही. दिग्दर्शन अगदीच कमकुवत असून प्रसंगांची मांडणी विस्कळीत आहे. OTT वर आला तरी बघावासा वाटत नाही.,Negative
"एकदम भारी चित्रपट, अपेक्षेपेक्षा जास्त आवडला. कथेची मांडणी अशी आहे की पुढे काय होणार याची उत्सुकता कायम राहते. दिग्दर्शनातली बारकाई प्रत्येक दृश्यात जाणवते. सर्वांना शिफारस करेन असा हा चित्रपट आहे.",Positive
काहीच खास नव्हतं या चित्रपटात. शेवट इतका घाईघाईत गुंडाळलेला आहे की निराशा होते. छायाचित्रण अगदीच सामान्य दर्जाचं आहे. थिएटरमध्ये पैसे खर्च करण्याआधी नक्की विचार करा.,Negative
एकदम झकास सिनेमा आहे भाऊ! संवाद खूप प्रभावी असून थेट मनाला भिडतात.,Positive
सिनेमा सुरु झाल्यापासूनच कंटाळा येऊ लागला. दिग्दर्शन अगदीच कमकुवत असून प्रसंगांची मांडणी विस्कळीत आहे. सहकलाकारांचा अभिनयही अगदीच सामान्य आहे.,Negative
"पैसे वाया गेले असं वाटलं सिनेमा बघून. कथेत काहीच नावीन्य नाही, सगळं आधीच पाहिलेलं वाटतं. अभिनेत्यांचा अभिनय अगदीच सुमार आणि कृत्रिम वाटला.",Negative
"सिनेमागृहातून बाहेर पडताना खूप वैताग आला. कथेत काहीच नावीन्य नाही, सगळं आधीच पाहिलेलं वाटतं. थिएटरमध्ये पैसे खर्च करण्याआधी नक्की विचार करा.",Negative
पूर्ण चित्रपटभर काहीच लॉजिक सापडलं नाही. अभिनेत्यांचा अभिनय अगदीच सुमार आणि कृत्रिम वाटला. दिग्दर्शन अगदीच कमकुवत असून प्रसंगांची मांडणी विस्कळीत आहे. शेवट इतका घाईघाईत गुंडाळलेला आहे की निराशा होते. थिएटरमध्ये पैसे खर्च करण्याआधी नक्की विचार करा.,Negative
"काहीच खास नव्हतं या चित्रपटात. विनोदी प्रसंग हास्यास्पद वाटतात, हसू येण्याऐवजी वैताग येतो. क्लायमॅक्स अगदीच अपेक्षित आणि सपक झाला आहे. अभिनेत्यांचा अभिनय अगदीच सुमार आणि कृत्रिम वाटला. वेळ असेल तरी बघू नका असा सल्ला देईन.",Negative
मित्रांच्या सांगण्यावरून गेलो पण खूप पश्चाताप झाला. भावनिक प्रसंगांमध्ये सुद्धा काहीच परिणाम जाणवत नाही. दिग्दर्शकाला नेमकं काय दाखवायचं आहे हेच कळत नाही.,Negative
"पैसे वाया गेले असं वाटलं सिनेमा बघून. विनोदी प्रसंग हास्यास्पद वाटतात, हसू येण्याऐवजी वैताग येतो.",Negative
एकदम फाडू आहे यार सिनेमा. गाण्यांचे शब्द आणि चाल दोन्ही मनाला भावतात.,Positive
"सुरुवातीपासूनच चित्रपट प्रेक्षकांना पकडून ठेवतो. छायाचित्रण अप्रतिम आहे, प्रत्येक फ्रेम एखाद्या चित्रासारखी वाटते. कथा अगदी वेगळी आणि विचार करायला लावणारी आहे. असे चित्रपट वारंवार यायला हवेत.",Positive
हा चित्रपट अजिबात बघण्यासारखा नाही. संगीत काहीच लक्षात राहण्यासारखं नाही. वेळ असेल तरी बघू नका असा सल्ला देईन.,Negative
"सिनेमागृहातून बाहेर पडताना चेहऱ्यावर हसू होतं. कथेची मांडणी अशी आहे की पुढे काय होणार याची उत्सुकता कायम राहते. छायाचित्रण अप्रतिम आहे, प्रत्येक फ्रेम एखाद्या चित्रासारखी वाटते.",Positive
"पैसे वसूल चित्रपट, अजिबात निराश करत नाही. कथेची मांडणी अशी आहे की पुढे काय होणार याची उत्सुकता कायम राहते. विनोदी प्रसंग अगदी सहज आणि टाइमिंगसह मांडले आहेत. दिग्दर्शकाने प्रत्येक प्रसंग अतिशय सुंदर पद्धतीने मांडला आहे. या चित्रपटाला पाच पैकी पाच स्टार्स.",Positive
सिनेमा बघून मन अगदी प्रसन्न झालं. कथा अगदी वेगळी आणि विचार करायला लावणारी आहे. सहकलाकारांचाही अभिनय तितकाच दमदार आहे.,Positive
लय भारी सिनेमा हाय गड्या. गाण्यांचे शब्द आणि चाल दोन्ही मनाला भावतात.,Positive
"पैसे वसूल चित्रपट, अजिबात निराश करत नाही. विनोदी प्रसंग अगदी सहज आणि टाइमिंगसह मांडले आहेत. असे चित्रपट वारंवार यायला हवेत.",Positive
"पैसा वसूल एंटरटेनमेंट, मस्त अनुभव.",Positive
"एवढा भिकार सिनेमा अलीकडे बघितला नव्हता. क्लायमॅक्स अगदीच अपेक्षित आणि सपक झाला आहे. गाणी उगाचच घुसवल्यासारखी वाटतात, कथेशी संबंधच नाही. अॅक्शन सीन्स अगदीच बनावट आणि कंटाळवाणे वाटतात.",Negative
इतका रटाळ चित्रपट खूप दिवसांनी पाहिला. शेवट इतका घाईघाईत गुंडाळलेला आहे की निराशा होते. भावनिक प्रसंगांमध्ये सुद्धा काहीच परिणाम जाणवत नाही.,Negative
मराठी प्रेक्षकांची निराशा करणारा चित्रपट आहे हा. संगीत काहीच लक्षात राहण्यासारखं नाही. संवाद खूपच सुमार आणि ओढून ताणून लिहिलेले वाटतात. पुन्हा असा चित्रपट बघण्याची इच्छा नाही.,Negative
मित्रांसोबत बघितला आणि सगळ्यांनाच खूप आवडला. व्हीएफएक्स दर्जेदार असून हॉलिवूडच्या तोडीचे वाटतात. विनोदी प्रसंग अगदी सहज आणि टाइमिंगसह मांडले आहेत. पुन्हा एकदा बघायला नक्कीच आवडेल.,Positive
"सिनेमागृहातून बाहेर पडताना खूप वैताग आला. गाणी उगाचच घुसवल्यासारखी वाटतात, कथेशी संबंधच नाही. छायाचित्रण अगदीच सामान्य दर्जाचं आहे. दिग्दर्शन अगदीच कमकुवत असून प्रसंगांची मांडणी विस्कळीत आहे. पूर्णपणे टाइमपास वाया गेला असं वाटलं.",Negative
पैसे वाया गेले असं वाटलं सिनेमा बघून. दिग्दर्शकाला नेमकं काय दाखवायचं आहे हेच कळत नाही. क्लायमॅक्स अगदीच अपेक्षित आणि सपक झाला आहे. सहकलाकारांचा अभिनयही अगदीच सामान्य आहे.,Negative
वेळेचा आणि पैशांचा पूर्ण अपव्यय झाला. पटकथा खूपच विस्कळीत असल्यामुळे कथा नीट समजतच नाही. संवाद खूपच सुमार आणि ओढून ताणून लिहिलेले वाटतात. वेळ असेल तरी बघू नका असा सल्ला देईन.,Negative
खूप दिवसांनी असा जबरदस्त चित्रपट पाहिला. प्रत्येक कलाकाराने आपल्या भूमिकेला योग्य न्याय दिला आहे. गाण्यांचे शब्द आणि चाल दोन्ही मनाला भावतात. दिग्दर्शकाने प्रत्येक प्रसंग अतिशय सुंदर पद्धतीने मांडला आहे. या चित्रपटाला पाच पैकी पाच स्टार्स.,Positive
इतका रटाळ चित्रपट खूप दिवसांनी पाहिला. अॅक्शन सीन्स अगदीच बनावट आणि कंटाळवाणे वाटतात. वेळ असेल तरी बघू नका असा सल्ला देईन.,Negative
थिएटरमध्ये जाऊन बघण्यासारखा चित्रपट आहे हा. शेवट अगदी समाधानकारक आणि हृदयस्पर्शी झाला आहे. सर्वांना शिफारस करेन असा हा चित्रपट आहे.,Positive
मराठी प्रेक्षकांची निराशा करणारा चित्रपट आहे हा. दिग्दर्शकाला नेमकं काय दाखवायचं आहे हेच कळत नाही. अपेक्षा घेऊन गेलात तर नक्कीच निराश व्हाल.,Negative
"वेळेचा आणि पैशांचा पूर्ण अपव्यय झाला. शेवट इतका घाईघाईत गुंडाळलेला आहे की निराशा होते. कथेत काहीच नावीन्य नाही, सगळं आधीच पाहिलेलं वाटतं.",Negative
थिएटरमध्ये जाऊन बघण्यासारखा चित्रपट आहे हा. मुख्य कलाकारांनी आपापल्या भूमिका उत्कृष्टपणे साकारल्या आहेत. संवाद खूप प्रभावी असून थेट मनाला भिडतात. कथा अगदी वेगळी आणि विचार करायला लावणारी आहे. कुटुंबासोबत थिएटरमध्ये जाऊन बघण्यासारखा सिनेमा आहे.,Positive
पैसे वाया गेले असं वाटलं सिनेमा बघून. भावनिक प्रसंगांमध्ये सुद्धा काहीच परिणाम जाणवत नाही. पूर्णपणे टाइमपास वाया गेला असं वाटलं.,Negative
मराठी प्रेक्षकांची निराशा करणारा चित्रपट आहे हा. व्हीएफएक्स इतके स्वस्त वाटतात की हसू येतं. कथेत इतके लॉजिकल गॅप्स आहेत की डोकं दुखायला लागतं. सहकलाकारांचा अभिनयही अगदीच सामान्य आहे. पुन्हा असा चित्रपट बघण्याची इच्छा नाही.,Negative
मित्रांच्या सांगण्यावरून गेलो पण खूप पश्चाताप झाला. दिग्दर्शकाला नेमकं काय दाखवायचं आहे हेच कळत नाही. संवाद खूपच सुमार आणि ओढून ताणून लिहिलेले वाटतात. पूर्णपणे टाइमपास वाया गेला असं वाटलं.,Negative
"मस्त सिनेमा आहे, नक्की बघा. सहकलाकारांचाही अभिनय तितकाच दमदार आहे. अॅक्शन सीन्स एकदम जबरदस्त आणि रिअलिस्टिक वाटतात. पार्श्वसंगीत प्रसंगांची तीव्रता अजून वाढवतं. पुन्हा एकदा बघायला नक्कीच आवडेल.",Positive
"मस्त सिनेमा आहे, नक्की बघा. कथेची मांडणी अशी आहे की पुढे काय होणार याची उत्सुकता कायम राहते. थिएटरमध्ये जाऊन नक्की एन्जॉय करा.",Positive
वेळेचा आणि पैशांचा पूर्ण अपव्यय झाला. सहकलाकारांचा अभिनयही अगदीच सामान्य आहे. व्हीएफएक्स इतके स्वस्त वाटतात की हसू येतं. अपेक्षा घेऊन गेलात तर नक्कीच निराश व्हाल.,Negative
पूर्ण चित्रपटभर काहीच लॉजिक सापडलं नाही. पार्श्वसंगीत उगाचच मोठ्या आवाजात आणि त्रासदायक वाटतं. अपेक्षा घेऊन गेलात तर नक्कीच निराश व्हाल.,Negative
काहीच खास नव्हतं या चित्रपटात. सहकलाकारांचा अभिनयही अगदीच सामान्य आहे. दिग्दर्शकाला नेमकं काय दाखवायचं आहे हेच कळत नाही. अपेक्षा घेऊन गेलात तर नक्कीच निराश व्हाल.,Negative
"अशा चित्रपटांमुळे मराठी सिनेमाची बदनामी होते. काही कलाकारांची निवडच चुकीची वाटते. कथेत काहीच नावीन्य नाही, सगळं आधीच पाहिलेलं वाटतं. वेळ असेल तरी बघू नका असा सल्ला देईन.",Negative
"खूप दिवसांनी असा जबरदस्त चित्रपट पाहिला. छायाचित्रण अप्रतिम आहे, प्रत्येक फ्रेम एखाद्या चित्रासारखी वाटते. एकदा तरी नक्की बघावा असा हा चित्रपट आहे.",Positive
थिएटरमध्ये जाऊन बघण्यासारखा चित्रपट आहे हा. दिग्दर्शनातली बारकाई प्रत्येक दृश्यात जाणवते.,Positive
या वर्षीचा सर्वोत्तम मराठी चित्रपट असं म्हणता येईल. मुख्य कलाकारांनी आपापल्या भूमिका उत्कृष्टपणे साकारल्या आहेत. मराठी चित्रपटसृष्टीसाठी अभिमानास्पद कलाकृती आहे.,Positive
सिनेमा सुरुवातीपासून शेवटपर्यंत खिळवून ठेवतो. कथेची मांडणी अशी आहे की पुढे काय होणार याची उत्सुकता कायम राहते.,Positive
या वर्षीचा सर्वोत्तम मराठी चित्रपट असं म्हणता येईल. शेवट अगदी समाधानकारक आणि हृदयस्पर्शी झाला आहे.,Positive
अशा चित्रपटांमुळे मराठी सिनेमाची बदनामी होते. सहकलाकारांचा अभिनयही अगदीच सामान्य आहे. दिग्दर्शकाला नेमकं काय दाखवायचं आहे हेच कळत नाही. भावनिक प्रसंगांमध्ये सुद्धा काहीच परिणाम जाणवत नाही.,Negative
सिनेमागृहातून बाहेर पडताना खूप वैताग आला. काही कलाकारांची निवडच चुकीची वाटते. वेळ असेल तरी बघू नका असा सल्ला देईन.,Negative
सिनेमा बघून मन अगदी प्रसन्न झालं. संवाद खूप प्रभावी असून थेट मनाला भिडतात. सर्वांना शिफारस करेन असा हा चित्रपट आहे.,Positive
खरंच अशा चित्रपटांची गरज आहे मराठी सृष्टीला. शेवट अगदी समाधानकारक आणि हृदयस्पर्शी झाला आहे. क्लायमॅक्स इतका जबरदस्त आहे की अंगावर काटा येतो. या चित्रपटाला पाच पैकी पाच स्टार्स.,Positive
"एकदम भारी चित्रपट, अपेक्षेपेक्षा जास्त आवडला. पार्श्वसंगीत प्रसंगांची तीव्रता अजून वाढवतं. या चित्रपटाला पाच पैकी पाच स्टार्स.",Positive
"उगाच हाईप केलेला सिनेमा, प्रत्यक्षात काही दम नाही. व्हीएफएक्स इतके स्वस्त वाटतात की हसू येतं. सहकलाकारांचा अभिनयही अगदीच सामान्य आहे. क्लायमॅक्स अगदीच अपेक्षित आणि सपक झाला आहे. अपेक्षा घेऊन गेलात तर नक्कीच निराश व्हाल.",Negative
"उगाच हाईप केलेला सिनेमा, प्रत्यक्षात काही दम नाही. कथेत इतके लॉजिकल गॅप्स आहेत की डोकं दुखायला लागतं. व्हीएफएक्स इतके स्वस्त वाटतात की हसू येतं. पूर्णपणे टाइमपास वाया गेला असं वाटलं.",Negative
"पैसे वाया गेले असं वाटलं सिनेमा बघून. दिग्दर्शन अगदीच कमकुवत असून प्रसंगांची मांडणी विस्कळीत आहे. विनोदी प्रसंग हास्यास्पद वाटतात, हसू येण्याऐवजी वैताग येतो. मराठी सिनेमाच्या नावाला कमीपणा आणणारा चित्रपट आहे.",Negative
खूप वेळाने मराठी चित्रपटसृष्टीत असा दर्जेदार सिनेमा आला. अॅक्शन सीन्स एकदम जबरदस्त आणि रिअलिस्टिक वाटतात. व्हीएफएक्स दर्जेदार असून हॉलिवूडच्या तोडीचे वाटतात. सर्वांना शिफारस करेन असा हा चित्रपट आहे.,Positive
मित्रांच्या सांगण्यावरून गेलो पण खूप पश्चाताप झाला. पार्श्वसंगीत उगाचच मोठ्या आवाजात आणि त्रासदायक वाटतं. पूर्णपणे टाइमपास वाया गेला असं वाटलं.,Negative
सिनेमागृहातून बाहेर पडताना चेहऱ्यावर हसू होतं. गाण्यांचे शब्द आणि चाल दोन्ही मनाला भावतात. पार्श्वसंगीत प्रसंगांची तीव्रता अजून वाढवतं.,Positive
"हा चित्रपट खरंच अप्रतिम होता. व्हीएफएक्स दर्जेदार असून हॉलिवूडच्या तोडीचे वाटतात. छायाचित्रण अप्रतिम आहे, प्रत्येक फ्रेम एखाद्या चित्रासारखी वाटते. थिएटरमध्ये जाऊन नक्की एन्जॉय करा.",Positive
"खूप वेळाने मराठी चित्रपटसृष्टीत असा दर्जेदार सिनेमा आला. छायाचित्रण अप्रतिम आहे, प्रत्येक फ्रेम एखाद्या चित्रासारखी वाटते. पार्श्वसंगीत प्रसंगांची तीव्रता अजून वाढवतं. सर्वांना शिफारस करेन असा हा चित्रपट आहे.",Positive
सिनेमा सुरुवातीपासून शेवटपर्यंत खिळवून ठेवतो. गाण्यांचे शब्द आणि चाल दोन्ही मनाला भावतात. दिग्दर्शकाने प्रत्येक प्रसंग अतिशय सुंदर पद्धतीने मांडला आहे. कुटुंबासोबत थिएटरमध्ये जाऊन बघण्यासारखा सिनेमा आहे.,Positive
खूप वेळाने मराठी चित्रपटसृष्टीत असा दर्जेदार सिनेमा आला. कथा अगदी वेगळी आणि विचार करायला लावणारी आहे.,Positive
हा चित्रपट अजिबात बघण्यासारखा नाही. दिग्दर्शकाला नेमकं काय दाखवायचं आहे हेच कळत नाही. व्हीएफएक्स इतके स्वस्त वाटतात की हसू येतं. मराठी सिनेमाच्या नावाला कमीपणा आणणारा चित्रपट आहे.,Negative
"पूर्ण चित्रपटभर काहीच लॉजिक सापडलं नाही. संवाद खूपच सुमार आणि ओढून ताणून लिहिलेले वाटतात. व्हीएफएक्स इतके स्वस्त वाटतात की हसू येतं. कथेत काहीच नावीन्य नाही, सगळं आधीच पाहिलेलं वाटतं.",Negative
सुरुवातीपासूनच चित्रपट प्रेक्षकांना पकडून ठेवतो. क्लायमॅक्स इतका जबरदस्त आहे की अंगावर काटा येतो. पार्श्वसंगीत प्रसंगांची तीव्रता अजून वाढवतं. थिएटरमध्ये जाऊन नक्की एन्जॉय करा.,Positive
"पैसे वसूल चित्रपट, अजिबात निराश करत नाही. पार्श्वसंगीत प्रसंगांची तीव्रता अजून वाढवतं. कुटुंबासोबत थिएटरमध्ये जाऊन बघण्यासारखा सिनेमा आहे.",Positive
"एवढा भिकार सिनेमा अलीकडे बघितला नव्हता. काही कलाकारांची निवडच चुकीची वाटते. अभिनेत्यांचा अभिनय अगदीच सुमार आणि कृत्रिम वाटला. कथेत काहीच नावीन्य नाही, सगळं आधीच पाहिलेलं वाटतं.",Negative
एवढा भिकार सिनेमा अलीकडे बघितला नव्हता. सहकलाकारांचा अभिनयही अगदीच सामान्य आहे. संगीत काहीच लक्षात राहण्यासारखं नाही. या चित्रपटाला दोन पैकी अर्धा स्टार सुद्धा जास्त आहे.,Negative
मित्रांच्या सांगण्यावरून गेलो पण खूप पश्चाताप झाला. संवाद खूपच सुमार आणि ओढून ताणून लिहिलेले वाटतात.,Negative
टकाटक अपेक्षा होती पण सगळं फेल.,Negative
"एकदम भारी चित्रपट, अपेक्षेपेक्षा जास्त आवडला. दिग्दर्शकाने प्रत्येक प्रसंग अतिशय सुंदर पद्धतीने मांडला आहे. मुख्य कलाकारांनी आपापल्या भूमिका उत्कृष्टपणे साकारल्या आहेत. प्रत्येक कलाकाराने आपल्या भूमिकेला योग्य न्याय दिला आहे.",Positive
मराठी प्रेक्षकांची निराशा करणारा चित्रपट आहे हा. मुख्य कलाकारांच्या भूमिकेत जीव ओतलेला जाणवलाच नाही. मराठी सिनेमाच्या नावाला कमीपणा आणणारा चित्रपट आहे.,Negative
हा चित्रपट खरंच अप्रतिम होता. संगीत कानाला खूप गोड लागतं आणि गाणी सुद्धा सुरेख आहेत. सहकलाकारांचाही अभिनय तितकाच दमदार आहे. कथा अगदी वेगळी आणि विचार करायला लावणारी आहे.,Positive
इतका रटाळ चित्रपट खूप दिवसांनी पाहिला. काही कलाकारांची निवडच चुकीची वाटते. कथेत इतके लॉजिकल गॅप्स आहेत की डोकं दुखायला लागतं. शेवट इतका घाईघाईत गुंडाळलेला आहे की निराशा होते.,Negative
मित्रांसोबत बघितला आणि सगळ्यांनाच खूप आवडला. विनोदी प्रसंग अगदी सहज आणि टाइमिंगसह मांडले आहेत.,Positive
लय भारी सिनेमा हाय गड्या. संवाद खूप प्रभावी असून थेट मनाला भिडतात.,Positive
हा चित्रपट खरंच अप्रतिम होता. संवाद खूप प्रभावी असून थेट मनाला भिडतात. पुन्हा एकदा बघायला नक्कीच आवडेल.,Positive
"सिनेमागृहातून बाहेर पडताना खूप वैताग आला. विनोदी प्रसंग हास्यास्पद वाटतात, हसू येण्याऐवजी वैताग येतो.",Negative
सुरुवातीपासूनच चित्रपट प्रेक्षकांना पकडून ठेवतो. दिग्दर्शकाने प्रत्येक प्रसंग अतिशय सुंदर पद्धतीने मांडला आहे. अॅक्शन सीन्स एकदम जबरदस्त आणि रिअलिस्टिक वाटतात. थिएटरमध्ये जाऊन नक्की एन्जॉय करा.,Positive
हा चित्रपट खरंच अप्रतिम होता. पार्श्वसंगीत प्रसंगांची तीव्रता अजून वाढवतं.,Positive
खूप वेळाने मराठी चित्रपटसृष्टीत असा दर्जेदार सिनेमा आला. गाण्यांचे शब्द आणि चाल दोन्ही मनाला भावतात. प्रत्येक कलाकाराने आपल्या भूमिकेला योग्य न्याय दिला आहे. सर्वांना शिफारस करेन असा हा चित्रपट आहे.,Positive
सिनेमागृहातून बाहेर पडताना चेहऱ्यावर हसू होतं. सहकलाकारांचाही अभिनय तितकाच दमदार आहे. भावनिक प्रसंगांमध्ये डोळ्यात पाणी आल्याशिवाय राहत नाही. असे चित्रपट वारंवार यायला हवेत.,Positive
एवढा भिकार सिनेमा अलीकडे बघितला नव्हता. अॅक्शन सीन्स अगदीच बनावट आणि कंटाळवाणे वाटतात. पटकथा खूपच विस्कळीत असल्यामुळे कथा नीट समजतच नाही.,Negative
"इतका रटाळ चित्रपट खूप दिवसांनी पाहिला. गाणी उगाचच घुसवल्यासारखी वाटतात, कथेशी संबंधच नाही.",Negative
"काहीच खास नव्हतं या चित्रपटात. गाणी उगाचच घुसवल्यासारखी वाटतात, कथेशी संबंधच नाही. या चित्रपटाला दोन पैकी अर्धा स्टार सुद्धा जास्त आहे.",Negative
पूर्ण कुटुंबासोबत बघण्यासारखा सुंदर चित्रपट आहे. विनोदी प्रसंग अगदी सहज आणि टाइमिंगसह मांडले आहेत. कथेची मांडणी अशी आहे की पुढे काय होणार याची उत्सुकता कायम राहते.,Positive
पूर्ण कुटुंबासोबत बघण्यासारखा सुंदर चित्रपट आहे. शेवट अगदी समाधानकारक आणि हृदयस्पर्शी झाला आहे. मराठी चित्रपटसृष्टीसाठी अभिमानास्पद कलाकृती आहे.,Positive
"एकदम भारी चित्रपट, अपेक्षेपेक्षा जास्त आवडला. कथा अगदी वेगळी आणि विचार करायला लावणारी आहे. मराठी चित्रपटसृष्टीसाठी अभिमानास्पद कलाकृती आहे.",Positive
"वेळेचा आणि पैशांचा पूर्ण अपव्यय झाला. कथेत काहीच नावीन्य नाही, सगळं आधीच पाहिलेलं वाटतं. गाणी उगाचच घुसवल्यासारखी वाटतात, कथेशी संबंधच नाही. वेळ असेल तरी बघू नका असा सल्ला देईन.",Negative
"सिनेमा सुरुवातीपासून शेवटपर्यंत खिळवून ठेवतो. छायाचित्रण अप्रतिम आहे, प्रत्येक फ्रेम एखाद्या चित्रासारखी वाटते. कुटुंबासोबत थिएटरमध्ये जाऊन बघण्यासारखा सिनेमा आहे.",Positive
पूर्ण चित्रपटभर काहीच लॉजिक सापडलं नाही. अभिनेत्यांचा अभिनय अगदीच सुमार आणि कृत्रिम वाटला. अपेक्षा घेऊन गेलात तर नक्कीच निराश व्हाल.,Negative
अशा चित्रपटांमुळे मराठी सिनेमाची बदनामी होते. अभिनेत्यांचा अभिनय अगदीच सुमार आणि कृत्रिम वाटला. या चित्रपटाला दोन पैकी अर्धा स्टार सुद्धा जास्त आहे.,Negative
सिनेमा सुरुवातीपासून शेवटपर्यंत खिळवून ठेवतो. मुख्य कलाकारांनी आपापल्या भूमिका उत्कृष्टपणे साकारल्या आहेत. अभिनेत्यांचा अभिनय खूपच नैसर्गिक आणि प्रभावी वाटला. मराठी चित्रपटसृष्टीसाठी अभिमानास्पद कलाकृती आहे.,Positive
"क्लासच आहे राव, बघाच एकदा.",Positive
सिनेमा बघून मन अगदी प्रसन्न झालं. संगीत कानाला खूप गोड लागतं आणि गाणी सुद्धा सुरेख आहेत. कथा अगदी वेगळी आणि विचार करायला लावणारी आहे. गाण्यांचे शब्द आणि चाल दोन्ही मनाला भावतात.,Positive
अपेक्षा खूप होत्या पण चित्रपटाने साफ निराश केलं. पटकथा खूपच विस्कळीत असल्यामुळे कथा नीट समजतच नाही.,Negative
वेळेचा आणि पैशांचा पूर्ण अपव्यय झाला. संगीत काहीच लक्षात राहण्यासारखं नाही. सहकलाकारांचा अभिनयही अगदीच सामान्य आहे. काही कलाकारांची निवडच चुकीची वाटते.,Negative
"फुकट गेला वेळ यार पूर्ण. विनोदी प्रसंग हास्यास्पद वाटतात, हसू येण्याऐवजी वैताग येतो.",Negative
अशा चित्रपटांमुळे मराठी सिनेमाची बदनामी होते. पार्श्वसंगीत उगाचच मोठ्या आवाजात आणि त्रासदायक वाटतं.,Negative
अशा चित्रपटांमुळे मराठी सिनेमाची बदनामी होते. संगीत काहीच लक्षात राहण्यासारखं नाही. अपेक्षा घेऊन गेलात तर नक्कीच निराश व्हाल.,Negative
पूर्ण कुटुंबासोबत बघण्यासारखा सुंदर चित्रपट आहे. अॅक्शन सीन्स एकदम जबरदस्त आणि रिअलिस्टिक वाटतात. दिग्दर्शकाने प्रत्येक प्रसंग अतिशय सुंदर पद्धतीने मांडला आहे. प्रत्येक कलाकाराने आपल्या भूमिकेला योग्य न्याय दिला आहे.,Positive
"पैसे वसूल चित्रपट, अजिबात निराश करत नाही. संगीत कानाला खूप गोड लागतं आणि गाणी सुद्धा सुरेख आहेत. भावनिक प्रसंगांमध्ये डोळ्यात पाणी आल्याशिवाय राहत नाही. कुटुंबासोबत थिएटरमध्ये जाऊन बघण्यासारखा सिनेमा आहे.",Positive
खूप दिवसांनी असा जबरदस्त चित्रपट पाहिला. दिग्दर्शकाने प्रत्येक प्रसंग अतिशय सुंदर पद्धतीने मांडला आहे. अभिनेत्यांचा अभिनय खूपच नैसर्गिक आणि प्रभावी वाटला.,Positive
सुरुवातीपासूनच चित्रपट प्रेक्षकांना पकडून ठेवतो. कथेची मांडणी अशी आहे की पुढे काय होणार याची उत्सुकता कायम राहते. पटकथा घट्ट बांधलेली असल्यामुळे कुठेही कंटाळा येत नाही. कुटुंबासोबत थिएटरमध्ये जाऊन बघण्यासारखा सिनेमा आहे.,Positive
पूर्ण चित्रपटभर काहीच लॉजिक सापडलं नाही. काही कलाकारांची निवडच चुकीची वाटते. शेवट इतका घाईघाईत गुंडाळलेला आहे की निराशा होते. पूर्णपणे टाइमपास वाया गेला असं वाटलं.,Negative
वेळेचा आणि पैशांचा पूर्ण अपव्यय झाला. मुख्य कलाकारांच्या भूमिकेत जीव ओतलेला जाणवलाच नाही. काही कलाकारांची निवडच चुकीची वाटते. संगीत काहीच लक्षात राहण्यासारखं नाही. अपेक्षा घेऊन गेलात तर नक्कीच निराश व्हाल.,Negative
खरंच अशा चित्रपटांची गरज आहे मराठी सृष्टीला. अभिनेत्यांचा अभिनय खूपच नैसर्गिक आणि प्रभावी वाटला.,Positive
खरंच अशा चित्रपटांची गरज आहे मराठी सृष्टीला. व्हीएफएक्स दर्जेदार असून हॉलिवूडच्या तोडीचे वाटतात.,Positive
"मस्त सिनेमा आहे, नक्की बघा. विनोदी प्रसंग अगदी सहज आणि टाइमिंगसह मांडले आहेत. दिग्दर्शकाने प्रत्येक प्रसंग अतिशय सुंदर पद्धतीने मांडला आहे.",Positive
"मस्त सिनेमा आहे, नक्की बघा. संगीत कानाला खूप गोड लागतं आणि गाणी सुद्धा सुरेख आहेत. पुन्हा एकदा बघायला नक्कीच आवडेल.",Positive
"एवढा भिकार सिनेमा अलीकडे बघितला नव्हता. कथेत काहीच नावीन्य नाही, सगळं आधीच पाहिलेलं वाटतं. पूर्णपणे टाइमपास वाया गेला असं वाटलं.",Negative
"एकदम भारी चित्रपट, अपेक्षेपेक्षा जास्त आवडला. अॅक्शन सीन्स एकदम जबरदस्त आणि रिअलिस्टिक वाटतात. गाण्यांचे शब्द आणि चाल दोन्ही मनाला भावतात. असे चित्रपट वारंवार यायला हवेत.",Positive
"एकदम भारी चित्रपट, अपेक्षेपेक्षा जास्त आवडला. शेवट अगदी समाधानकारक आणि हृदयस्पर्शी झाला आहे. अभिनेत्यांचा अभिनय खूपच नैसर्गिक आणि प्रभावी वाटला. व्हीएफएक्स दर्जेदार असून हॉलिवूडच्या तोडीचे वाटतात.",Positive
एकदम झकास सिनेमा आहे भाऊ! विनोदी प्रसंग अगदी सहज आणि टाइमिंगसह मांडले आहेत.,Positive
अगदीच वाईट्ट आहे गड्या हा सिनेमा. भावनिक प्रसंगांमध्ये सुद्धा काहीच परिणाम जाणवत नाही.,Negative
इतका रटाळ चित्रपट खूप दिवसांनी पाहिला. मुख्य कलाकारांच्या भूमिकेत जीव ओतलेला जाणवलाच नाही. पटकथा खूपच विस्कळीत असल्यामुळे कथा नीट समजतच नाही. दिग्दर्शन अगदीच कमकुवत असून प्रसंगांची मांडणी विस्कळीत आहे.,Negative
पैसे वाया गेले असं वाटलं सिनेमा बघून. व्हीएफएक्स इतके स्वस्त वाटतात की हसू येतं. OTT वर आला तरी बघावासा वाटत नाही.,Negative
"या वर्षीचा सर्वोत्तम मराठी चित्रपट असं म्हणता येईल. गाण्यांचे शब्द आणि चाल दोन्ही मनाला भावतात. कथा अगदी वेगळी आणि विचार करायला लावणारी आहे. छायाचित्रण अप्रतिम आहे, प्रत्येक फ्रेम एखाद्या चित्रासारखी वाटते. असे चित्रपट वारंवार यायला हवेत.",Positive
फुकट गेला वेळ यार पूर्ण. अभिनेत्यांचा अभिनय अगदीच सुमार आणि कृत्रिम वाटला.,Negative
काहीच खास नव्हतं या चित्रपटात. दिग्दर्शन अगदीच कमकुवत असून प्रसंगांची मांडणी विस्कळीत आहे.,Negative
सिनेमागृहातून बाहेर पडताना खूप वैताग आला. अभिनेत्यांचा अभिनय अगदीच सुमार आणि कृत्रिम वाटला. भावनिक प्रसंगांमध्ये सुद्धा काहीच परिणाम जाणवत नाही. पूर्णपणे टाइमपास वाया गेला असं वाटलं.,Negative
मराठी प्रेक्षकांची निराशा करणारा चित्रपट आहे हा. भावनिक प्रसंगांमध्ये सुद्धा काहीच परिणाम जाणवत नाही. पटकथा खूपच विस्कळीत असल्यामुळे कथा नीट समजतच नाही.,Negative
खूप दिवसांनी असा जबरदस्त चित्रपट पाहिला. व्हीएफएक्स दर्जेदार असून हॉलिवूडच्या तोडीचे वाटतात. सर्वांना शिफारस करेन असा हा चित्रपट आहे.,Positive
काहीच खास नव्हतं या चित्रपटात. अॅक्शन सीन्स अगदीच बनावट आणि कंटाळवाणे वाटतात. व्हीएफएक्स इतके स्वस्त वाटतात की हसू येतं. कथेत इतके लॉजिकल गॅप्स आहेत की डोकं दुखायला लागतं.,Negative
खूप वेळाने मराठी चित्रपटसृष्टीत असा दर्जेदार सिनेमा आला. सहकलाकारांचाही अभिनय तितकाच दमदार आहे. पार्श्वसंगीत प्रसंगांची तीव्रता अजून वाढवतं. संवाद खूप प्रभावी असून थेट मनाला भिडतात. थिएटरमध्ये जाऊन नक्की एन्जॉय करा.,Positive
मित्रांच्या सांगण्यावरून गेलो पण खूप पश्चाताप झाला. क्लायमॅक्स अगदीच अपेक्षित आणि सपक झाला आहे. शेवट इतका घाईघाईत गुंडाळलेला आहे की निराशा होते. OTT वर आला तरी बघावासा वाटत नाही.,Negative
इतका रटाळ चित्रपट खूप दिवसांनी पाहिला. छायाचित्रण अगदीच सामान्य दर्जाचं आहे. भावनिक प्रसंगांमध्ये सुद्धा काहीच परिणाम जाणवत नाही.,Negative
सिनेमागृहातून बाहेर पडताना खूप वैताग आला. व्हीएफएक्स इतके स्वस्त वाटतात की हसू येतं. सहकलाकारांचा अभिनयही अगदीच सामान्य आहे.,Negative
मराठी प्रेक्षकांची निराशा करणारा चित्रपट आहे हा. कथेत इतके लॉजिकल गॅप्स आहेत की डोकं दुखायला लागतं. पूर्णपणे टाइमपास वाया गेला असं वाटलं.,Negative
काहीच दम नाही राव यात. छायाचित्रण अगदीच सामान्य दर्जाचं आहे.,Negative
थिएटरमध्ये अर्ध्यातच झोप येत होती. दिग्दर्शन अगदीच कमकुवत असून प्रसंगांची मांडणी विस्कळीत आहे. थिएटरमध्ये पैसे खर्च करण्याआधी नक्की विचार करा.,Negative
"एकदम भारी चित्रपट, अपेक्षेपेक्षा जास्त आवडला. पटकथा घट्ट बांधलेली असल्यामुळे कुठेही कंटाळा येत नाही. भावनिक प्रसंगांमध्ये डोळ्यात पाणी आल्याशिवाय राहत नाही. दिग्दर्शकाने प्रत्येक प्रसंग अतिशय सुंदर पद्धतीने मांडला आहे. मराठी चित्रपटसृष्टीसाठी अभिमानास्पद कलाकृती आहे.",Positive
"उगाच हाईप केलेला सिनेमा, प्रत्यक्षात काही दम नाही. पार्श्वसंगीत उगाचच मोठ्या आवाजात आणि त्रासदायक वाटतं. पटकथा खूपच विस्कळीत असल्यामुळे कथा नीट समजतच नाही. अपेक्षा घेऊन गेलात तर नक्कीच निराश व्हाल.",Negative
"एकदम भारी चित्रपट, अपेक्षेपेक्षा जास्त आवडला. कथा अगदी वेगळी आणि विचार करायला लावणारी आहे. एकदा तरी नक्की बघावा असा हा चित्रपट आहे.",Positive
अपेक्षा खूप होत्या पण चित्रपटाने साफ निराश केलं. पार्श्वसंगीत उगाचच मोठ्या आवाजात आणि त्रासदायक वाटतं.,Negative
खरंच अशा चित्रपटांची गरज आहे मराठी सृष्टीला. संवाद खूप प्रभावी असून थेट मनाला भिडतात. प्रत्येक कलाकाराने आपल्या भूमिकेला योग्य न्याय दिला आहे. सहकलाकारांचाही अभिनय तितकाच दमदार आहे. एकदा तरी नक्की बघावा असा हा चित्रपट आहे.,Positive
खूप वेळाने मराठी चित्रपटसृष्टीत असा दर्जेदार सिनेमा आला. अॅक्शन सीन्स एकदम जबरदस्त आणि रिअलिस्टिक वाटतात. मराठी चित्रपटसृष्टीसाठी अभिमानास्पद कलाकृती आहे.,Positive
सिनेमागृहातून बाहेर पडताना खूप वैताग आला. छायाचित्रण अगदीच सामान्य दर्जाचं आहे. कथेत इतके लॉजिकल गॅप्स आहेत की डोकं दुखायला लागतं.,Negative
सिनेमागृहातून बाहेर पडताना चेहऱ्यावर हसू होतं. विनोदी प्रसंग अगदी सहज आणि टाइमिंगसह मांडले आहेत. पार्श्वसंगीत प्रसंगांची तीव्रता अजून वाढवतं. दिग्दर्शनातली बारकाई प्रत्येक दृश्यात जाणवते. पुन्हा एकदा बघायला नक्कीच आवडेल.,Positive
"मस्त सिनेमा आहे, नक्की बघा. संगीत कानाला खूप गोड लागतं आणि गाणी सुद्धा सुरेख आहेत. भावनिक प्रसंगांमध्ये डोळ्यात पाणी आल्याशिवाय राहत नाही. दिग्दर्शकाने प्रत्येक प्रसंग अतिशय सुंदर पद्धतीने मांडला आहे. या चित्रपटाला पाच पैकी पाच स्टार्स.",Positive
पैसे आणि वेळ दोन्ही वाया गेले.,Negative
टकाटक अपेक्षा होती पण सगळं फेल. संगीत काहीच लक्षात राहण्यासारखं नाही.,Negative
"मस्त सिनेमा आहे, नक्की बघा. पटकथा घट्ट बांधलेली असल्यामुळे कुठेही कंटाळा येत नाही. प्रत्येक कलाकाराने आपल्या भूमिकेला योग्य न्याय दिला आहे. असे चित्रपट वारंवार यायला हवेत.",Positive
"खूप वेळाने मराठी चित्रपटसृष्टीत असा दर्जेदार सिनेमा आला. छायाचित्रण अप्रतिम आहे, प्रत्येक फ्रेम एखाद्या चित्रासारखी वाटते. सहकलाकारांचाही अभिनय तितकाच दमदार आहे. असे चित्रपट वारंवार यायला हवेत.",Positive
"पैसे वसूल चित्रपट, अजिबात निराश करत नाही. गाण्यांचे शब्द आणि चाल दोन्ही मनाला भावतात.",Positive
पूर्ण कुटुंबासोबत बघण्यासारखा सुंदर चित्रपट आहे. सहकलाकारांचाही अभिनय तितकाच दमदार आहे. क्लायमॅक्स इतका जबरदस्त आहे की अंगावर काटा येतो. अॅक्शन सीन्स एकदम जबरदस्त आणि रिअलिस्टिक वाटतात. पुन्हा एकदा बघायला नक्कीच आवडेल.,Positive
या वर्षीचा सर्वोत्तम मराठी चित्रपट असं म्हणता येईल. पार्श्वसंगीत प्रसंगांची तीव्रता अजून वाढवतं. प्रत्येक कलाकाराने आपल्या भूमिकेला योग्य न्याय दिला आहे. सहकलाकारांचाही अभिनय तितकाच दमदार आहे. मराठी चित्रपटसृष्टीसाठी अभिमानास्पद कलाकृती आहे.,Positive
एकदम टुकार सिनेमा आहे भाऊ. संवाद खूपच सुमार आणि ओढून ताणून लिहिलेले वाटतात.,Negative
मित्रांसोबत बघितला आणि सगळ्यांनाच खूप आवडला. विनोदी प्रसंग अगदी सहज आणि टाइमिंगसह मांडले आहेत. सर्वांना शिफारस करेन असा हा चित्रपट आहे.,Positive
खूप दिवसांनी असा जबरदस्त चित्रपट पाहिला. प्रत्येक कलाकाराने आपल्या भूमिकेला योग्य न्याय दिला आहे. एकदा तरी नक्की बघावा असा हा चित्रपट आहे.,Positive
काहीच दम नाही राव यात. पटकथा खूपच विस्कळीत असल्यामुळे कथा नीट समजतच नाही.,Negative
अशा चित्रपटांमुळे मराठी सिनेमाची बदनामी होते. पार्श्वसंगीत उगाचच मोठ्या आवाजात आणि त्रासदायक वाटतं. पूर्णपणे टाइमपास वाया गेला असं वाटलं.,Negative
सिनेमा सुरु झाल्यापासूनच कंटाळा येऊ लागला. व्हीएफएक्स इतके स्वस्त वाटतात की हसू येतं. OTT वर आला तरी बघावासा वाटत नाही.,Negative
खरंच अशा चित्रपटांची गरज आहे मराठी सृष्टीला. व्हीएफएक्स दर्जेदार असून हॉलिवूडच्या तोडीचे वाटतात. असे चित्रपट वारंवार यायला हवेत.,Positive
थिएटरमध्ये अर्ध्यातच झोप येत होती. व्हीएफएक्स इतके स्वस्त वाटतात की हसू येतं.,Negative
सिनेमा बघून मन अगदी प्रसन्न झालं. अॅक्शन सीन्स एकदम जबरदस्त आणि रिअलिस्टिक वाटतात. दिग्दर्शनातली बारकाई प्रत्येक दृश्यात जाणवते. असे चित्रपट वारंवार यायला हवेत.,Positive
वेळेचा आणि पैशांचा पूर्ण अपव्यय झाला. पटकथा खूपच विस्कळीत असल्यामुळे कथा नीट समजतच नाही. संवाद खूपच सुमार आणि ओढून ताणून लिहिलेले वाटतात. अॅक्शन सीन्स अगदीच बनावट आणि कंटाळवाणे वाटतात.,Negative
एवढा भिकार सिनेमा अलीकडे बघितला नव्हता. दिग्दर्शकाला नेमकं काय दाखवायचं आहे हेच कळत नाही. पार्श्वसंगीत उगाचच मोठ्या आवाजात आणि त्रासदायक वाटतं. कथेत इतके लॉजिकल गॅप्स आहेत की डोकं दुखायला लागतं.,Negative
"पैसे वसूल चित्रपट, अजिबात निराश करत नाही. पार्श्वसंगीत प्रसंगांची तीव्रता अजून वाढवतं. पटकथा घट्ट बांधलेली असल्यामुळे कुठेही कंटाळा येत नाही. थिएटरमध्ये जाऊन नक्की एन्जॉय करा.",Positive
"मस्त सिनेमा आहे, नक्की बघा. छायाचित्रण अप्रतिम आहे, प्रत्येक फ्रेम एखाद्या चित्रासारखी वाटते. असे चित्रपट वारंवार यायला हवेत.",Positive
अगदीच वाईट्ट आहे गड्या हा सिनेमा. अॅक्शन सीन्स अगदीच बनावट आणि कंटाळवाणे वाटतात.,Negative
सिनेमा सुरु झाल्यापासूनच कंटाळा येऊ लागला. संवाद खूपच सुमार आणि ओढून ताणून लिहिलेले वाटतात. OTT वर आला तरी बघावासा वाटत नाही.,Negative
इतका रटाळ चित्रपट खूप दिवसांनी पाहिला. कथेत इतके लॉजिकल गॅप्स आहेत की डोकं दुखायला लागतं. क्लायमॅक्स अगदीच अपेक्षित आणि सपक झाला आहे. थिएटरमध्ये पैसे खर्च करण्याआधी नक्की विचार करा.,Negative
पूर्ण चित्रपटभर काहीच लॉजिक सापडलं नाही. संगीत काहीच लक्षात राहण्यासारखं नाही. दिग्दर्शन अगदीच कमकुवत असून प्रसंगांची मांडणी विस्कळीत आहे. पटकथा खूपच विस्कळीत असल्यामुळे कथा नीट समजतच नाही. अपेक्षा घेऊन गेलात तर नक्कीच निराश व्हाल.,Negative
"उगाच हाईप केलेला सिनेमा, प्रत्यक्षात काही दम नाही. गाणी उगाचच घुसवल्यासारखी वाटतात, कथेशी संबंधच नाही. कथेत काहीच नावीन्य नाही, सगळं आधीच पाहिलेलं वाटतं. या चित्रपटाला दोन पैकी अर्धा स्टार सुद्धा जास्त आहे.",Negative
खरंच अशा चित्रपटांची गरज आहे मराठी सृष्टीला. क्लायमॅक्स इतका जबरदस्त आहे की अंगावर काटा येतो.,Positive
"एवढा भिकार सिनेमा अलीकडे बघितला नव्हता. काही कलाकारांची निवडच चुकीची वाटते. कथेत काहीच नावीन्य नाही, सगळं आधीच पाहिलेलं वाटतं. सहकलाकारांचा अभिनयही अगदीच सामान्य आहे. या चित्रपटाला दोन पैकी अर्धा स्टार सुद्धा जास्त आहे.",Negative
मित्रांच्या सांगण्यावरून गेलो पण खूप पश्चाताप झाला. संवाद खूपच सुमार आणि ओढून ताणून लिहिलेले वाटतात. पूर्णपणे टाइमपास वाया गेला असं वाटलं.,Negative
"मित्रांच्या सांगण्यावरून गेलो पण खूप पश्चाताप झाला. व्हीएफएक्स इतके स्वस्त वाटतात की हसू येतं. विनोदी प्रसंग हास्यास्पद वाटतात, हसू येण्याऐवजी वैताग येतो. पटकथा खूपच विस्कळीत असल्यामुळे कथा नीट समजतच नाही. या चित्रपटाला दोन पैकी अर्धा स्टार सुद्धा जास्त आहे.",Negative
मित्रांसोबत बघितला आणि सगळ्यांनाच खूप आवडला. दिग्दर्शनातली बारकाई प्रत्येक दृश्यात जाणवते. सर्वांना शिफारस करेन असा हा चित्रपट आहे.,Positive
हा चित्रपट अजिबात बघण्यासारखा नाही. शेवट इतका घाईघाईत गुंडाळलेला आहे की निराशा होते.,Negative
सिनेमा सुरु झाल्यापासूनच कंटाळा येऊ लागला. अॅक्शन सीन्स अगदीच बनावट आणि कंटाळवाणे वाटतात.,Negative
"पैसे वसूल चित्रपट, अजिबात निराश करत नाही. दिग्दर्शकाने प्रत्येक प्रसंग अतिशय सुंदर पद्धतीने मांडला आहे. पार्श्वसंगीत प्रसंगांची तीव्रता अजून वाढवतं. एकदा तरी नक्की बघावा असा हा चित्रपट आहे.",Positive
खरंच अशा चित्रपटांची गरज आहे मराठी सृष्टीला. मुख्य कलाकारांनी आपापल्या भूमिका उत्कृष्टपणे साकारल्या आहेत. दिग्दर्शनातली बारकाई प्रत्येक दृश्यात जाणवते.,Positive
"उगाच हाईप केलेला सिनेमा, प्रत्यक्षात काही दम नाही. काही कलाकारांची निवडच चुकीची वाटते. विनोदी प्रसंग हास्यास्पद वाटतात, हसू येण्याऐवजी वैताग येतो. अपेक्षा घेऊन गेलात तर नक्कीच निराश व्हाल.",Negative
"उगाच हाईप केलेला सिनेमा, प्रत्यक्षात काही दम नाही. पार्श्वसंगीत उगाचच मोठ्या आवाजात आणि त्रासदायक वाटतं. मराठी सिनेमाच्या नावाला कमीपणा आणणारा चित्रपट आहे.",Negative
इतका रटाळ चित्रपट खूप दिवसांनी पाहिला. मुख्य कलाकारांच्या भूमिकेत जीव ओतलेला जाणवलाच नाही. मराठी सिनेमाच्या नावाला कमीपणा आणणारा चित्रपट आहे.,Negative
हा चित्रपट खरंच अप्रतिम होता. अभिनेत्यांचा अभिनय खूपच नैसर्गिक आणि प्रभावी वाटला. मराठी चित्रपटसृष्टीसाठी अभिमानास्पद कलाकृती आहे.,Positive
"पैसे वसूल चित्रपट, अजिबात निराश करत नाही. भावनिक प्रसंगांमध्ये डोळ्यात पाणी आल्याशिवाय राहत नाही. कथेची मांडणी अशी आहे की पुढे काय होणार याची उत्सुकता कायम राहते.",Positive
"पैसे वसूल चित्रपट, अजिबात निराश करत नाही. पटकथा घट्ट बांधलेली असल्यामुळे कुठेही कंटाळा येत नाही. विनोदी प्रसंग अगदी सहज आणि टाइमिंगसह मांडले आहेत. असे चित्रपट वारंवार यायला हवेत.",Positive
अगदीच वाईट्ट आहे गड्या हा सिनेमा. पटकथा खूपच विस्कळीत असल्यामुळे कथा नीट समजतच नाही.,Negative
पूर्ण कुटुंबासोबत बघण्यासारखा सुंदर चित्रपट आहे. संवाद खूप प्रभावी असून थेट मनाला भिडतात. मुख्य कलाकारांनी आपापल्या भूमिका उत्कृष्टपणे साकारल्या आहेत. एकदा तरी नक्की बघावा असा हा चित्रपट आहे.,Positive
थिएटरमध्ये जाऊन बघण्यासारखा चित्रपट आहे हा. कथा अगदी वेगळी आणि विचार करायला लावणारी आहे. गाण्यांचे शब्द आणि चाल दोन्ही मनाला भावतात. या चित्रपटाला पाच पैकी पाच स्टार्स.,Positive
सिनेमागृहातून बाहेर पडताना चेहऱ्यावर हसू होतं. प्रत्येक कलाकाराने आपल्या भूमिकेला योग्य न्याय दिला आहे. कुटुंबासोबत थिएटरमध्ये जाऊन बघण्यासारखा सिनेमा आहे.,Positive
"सिनेमागृहातून बाहेर पडताना खूप वैताग आला. गाणी उगाचच घुसवल्यासारखी वाटतात, कथेशी संबंधच नाही. कथेत इतके लॉजिकल गॅप्स आहेत की डोकं दुखायला लागतं. क्लायमॅक्स अगदीच अपेक्षित आणि सपक झाला आहे.",Negative
"एकदम झकास सिनेमा आहे भाऊ! छायाचित्रण अप्रतिम आहे, प्रत्येक फ्रेम एखाद्या चित्रासारखी वाटते.",Positive
या वर्षीचा सर्वोत्तम मराठी चित्रपट असं म्हणता येईल. भावनिक प्रसंगांमध्ये डोळ्यात पाणी आल्याशिवाय राहत नाही. संवाद खूप प्रभावी असून थेट मनाला भिडतात. दिग्दर्शनातली बारकाई प्रत्येक दृश्यात जाणवते. असे चित्रपट वारंवार यायला हवेत.,Positive
"वेळेचा आणि पैशांचा पूर्ण अपव्यय झाला. गाणी उगाचच घुसवल्यासारखी वाटतात, कथेशी संबंधच नाही.",Negative
"सिनेमागृहातून बाहेर पडताना खूप वैताग आला. विनोदी प्रसंग हास्यास्पद वाटतात, हसू येण्याऐवजी वैताग येतो. पार्श्वसंगीत उगाचच मोठ्या आवाजात आणि त्रासदायक वाटतं.",Negative
मित्रांच्या सांगण्यावरून गेलो पण खूप पश्चाताप झाला. मुख्य कलाकारांच्या भूमिकेत जीव ओतलेला जाणवलाच नाही. छायाचित्रण अगदीच सामान्य दर्जाचं आहे. व्हीएफएक्स इतके स्वस्त वाटतात की हसू येतं.,Negative
सिनेमागृहातून बाहेर पडताना खूप वैताग आला. छायाचित्रण अगदीच सामान्य दर्जाचं आहे. पार्श्वसंगीत उगाचच मोठ्या आवाजात आणि त्रासदायक वाटतं. काही कलाकारांची निवडच चुकीची वाटते. या चित्रपटाला दोन पैकी अर्धा स्टार सुद्धा जास्त आहे.,Negative
"हा चित्रपट अजिबात बघण्यासारखा नाही. कथेत इतके लॉजिकल गॅप्स आहेत की डोकं दुखायला लागतं. विनोदी प्रसंग हास्यास्पद वाटतात, हसू येण्याऐवजी वैताग येतो.",Negative
एकदम झकास सिनेमा आहे भाऊ! कथेची मांडणी अशी आहे की पुढे काय होणार याची उत्सुकता कायम राहते.,Positive
पूर्ण चित्रपटभर काहीच लॉजिक सापडलं नाही. दिग्दर्शकाला नेमकं काय दाखवायचं आहे हेच कळत नाही. संवाद खूपच सुमार आणि ओढून ताणून लिहिलेले वाटतात. मराठी सिनेमाच्या नावाला कमीपणा आणणारा चित्रपट आहे.,Negative
सुरुवातीपासूनच चित्रपट प्रेक्षकांना पकडून ठेवतो. भावनिक प्रसंगांमध्ये डोळ्यात पाणी आल्याशिवाय राहत नाही. पुन्हा एकदा बघायला नक्कीच आवडेल.,Positive
पूर्ण चित्रपटभर काहीच लॉजिक सापडलं नाही. मुख्य कलाकारांच्या भूमिकेत जीव ओतलेला जाणवलाच नाही. कथेत इतके लॉजिकल गॅप्स आहेत की डोकं दुखायला लागतं. पूर्णपणे टाइमपास वाया गेला असं वाटलं.,Negative
"मित्रांसोबत बघितला आणि सगळ्यांनाच खूप आवडला. प्रत्येक कलाकाराने आपल्या भूमिकेला योग्य न्याय दिला आहे. छायाचित्रण अप्रतिम आहे, प्रत्येक फ्रेम एखाद्या चित्रासारखी वाटते.",Positive
वेळेचा आणि पैशांचा पूर्ण अपव्यय झाला. दिग्दर्शन अगदीच कमकुवत असून प्रसंगांची मांडणी विस्कळीत आहे.,Negative
खूप वेळाने मराठी चित्रपटसृष्टीत असा दर्जेदार सिनेमा आला. क्लायमॅक्स इतका जबरदस्त आहे की अंगावर काटा येतो. कथा अगदी वेगळी आणि विचार करायला लावणारी आहे. एकदा तरी नक्की बघावा असा हा चित्रपट आहे.,Positive
अशा चित्रपटांमुळे मराठी सिनेमाची बदनामी होते. छायाचित्रण अगदीच सामान्य दर्जाचं आहे. पार्श्वसंगीत उगाचच मोठ्या आवाजात आणि त्रासदायक वाटतं.,Negative
"पैसे वसूल चित्रपट, अजिबात निराश करत नाही. सहकलाकारांचाही अभिनय तितकाच दमदार आहे. मुख्य कलाकारांनी आपापल्या भूमिका उत्कृष्टपणे साकारल्या आहेत. संवाद खूप प्रभावी असून थेट मनाला भिडतात. सर्वांना शिफारस करेन असा हा चित्रपट आहे.",Positive
"मस्त सिनेमा आहे, नक्की बघा. व्हीएफएक्स दर्जेदार असून हॉलिवूडच्या तोडीचे वाटतात. पार्श्वसंगीत प्रसंगांची तीव्रता अजून वाढवतं. कुटुंबासोबत थिएटरमध्ये जाऊन बघण्यासारखा सिनेमा आहे.",Positive
"मस्त सिनेमा आहे, नक्की बघा. दिग्दर्शकाने प्रत्येक प्रसंग अतिशय सुंदर पद्धतीने मांडला आहे.",Positive
इतका रटाळ चित्रपट खूप दिवसांनी पाहिला. सहकलाकारांचा अभिनयही अगदीच सामान्य आहे. छायाचित्रण अगदीच सामान्य दर्जाचं आहे. संवाद खूपच सुमार आणि ओढून ताणून लिहिलेले वाटतात. OTT वर आला तरी बघावासा वाटत नाही.,Negative
"पैसे वसूल चित्रपट, अजिबात निराश करत नाही. छायाचित्रण अप्रतिम आहे, प्रत्येक फ्रेम एखाद्या चित्रासारखी वाटते. भावनिक प्रसंगांमध्ये डोळ्यात पाणी आल्याशिवाय राहत नाही. कुटुंबासोबत थिएटरमध्ये जाऊन बघण्यासारखा सिनेमा आहे.",Positive
एवढा भिकार सिनेमा अलीकडे बघितला नव्हता. काही कलाकारांची निवडच चुकीची वाटते. पूर्णपणे टाइमपास वाया गेला असं वाटलं.,Negative
खूप वेळाने मराठी चित्रपटसृष्टीत असा दर्जेदार सिनेमा आला. संवाद खूप प्रभावी असून थेट मनाला भिडतात. मराठी चित्रपटसृष्टीसाठी अभिमानास्पद कलाकृती आहे.,Positive
सिनेमा सुरु झाल्यापासूनच कंटाळा येऊ लागला. शेवट इतका घाईघाईत गुंडाळलेला आहे की निराशा होते.,Negative
अपेक्षा खूप होत्या पण चित्रपटाने साफ निराश केलं. संवाद खूपच सुमार आणि ओढून ताणून लिहिलेले वाटतात. पार्श्वसंगीत उगाचच मोठ्या आवाजात आणि त्रासदायक वाटतं. थिएटरमध्ये पैसे खर्च करण्याआधी नक्की विचार करा.,Negative
"एकदम भारी चित्रपट, अपेक्षेपेक्षा जास्त आवडला. गाण्यांचे शब्द आणि चाल दोन्ही मनाला भावतात. पटकथा घट्ट बांधलेली असल्यामुळे कुठेही कंटाळा येत नाही. प्रत्येक कलाकाराने आपल्या भूमिकेला योग्य न्याय दिला आहे.",Positive
"मस्त सिनेमा आहे, नक्की बघा. संवाद खूप प्रभावी असून थेट मनाला भिडतात. सर्वांना शिफारस करेन असा हा चित्रपट आहे.",Positive
सिनेमागृहातून बाहेर पडताना चेहऱ्यावर हसू होतं. विनोदी प्रसंग अगदी सहज आणि टाइमिंगसह मांडले आहेत. सहकलाकारांचाही अभिनय तितकाच दमदार आहे. कुटुंबासोबत थिएटरमध्ये जाऊन बघण्यासारखा सिनेमा आहे.,Positive
पूर्ण कुटुंबासोबत बघण्यासारखा सुंदर चित्रपट आहे. अभिनेत्यांचा अभिनय खूपच नैसर्गिक आणि प्रभावी वाटला. सहकलाकारांचाही अभिनय तितकाच दमदार आहे. सर्वांना शिफारस करेन असा हा चित्रपट आहे.,Positive
मराठी प्रेक्षकांची निराशा करणारा चित्रपट आहे हा. शेवट इतका घाईघाईत गुंडाळलेला आहे की निराशा होते. OTT वर आला तरी बघावासा वाटत नाही.,Negative
"अपेक्षा खूप होत्या पण चित्रपटाने साफ निराश केलं. अॅक्शन सीन्स अगदीच बनावट आणि कंटाळवाणे वाटतात. व्हीएफएक्स इतके स्वस्त वाटतात की हसू येतं. विनोदी प्रसंग हास्यास्पद वाटतात, हसू येण्याऐवजी वैताग येतो. थिएटरमध्ये पैसे खर्च करण्याआधी नक्की विचार करा.",Negative
"वेळेचा आणि पैशांचा पूर्ण अपव्यय झाला. कथेत काहीच नावीन्य नाही, सगळं आधीच पाहिलेलं वाटतं. मराठी सिनेमाच्या नावाला कमीपणा आणणारा चित्रपट आहे.",Negative
"एकदम भारी चित्रपट, अपेक्षेपेक्षा जास्त आवडला. दिग्दर्शनातली बारकाई प्रत्येक दृश्यात जाणवते. शेवट अगदी समाधानकारक आणि हृदयस्पर्शी झाला आहे. व्हीएफएक्स दर्जेदार असून हॉलिवूडच्या तोडीचे वाटतात.",Positive
हा चित्रपट खरंच अप्रतिम होता. सहकलाकारांचाही अभिनय तितकाच दमदार आहे. या चित्रपटाला पाच पैकी पाच स्टार्स.,Positive
मित्रांच्या सांगण्यावरून गेलो पण खूप पश्चाताप झाला. शेवट इतका घाईघाईत गुंडाळलेला आहे की निराशा होते. मराठी सिनेमाच्या नावाला कमीपणा आणणारा चित्रपट आहे.,Negative
मित्रांच्या सांगण्यावरून गेलो पण खूप पश्चाताप झाला. व्हीएफएक्स इतके स्वस्त वाटतात की हसू येतं. छायाचित्रण अगदीच सामान्य दर्जाचं आहे. मुख्य कलाकारांच्या भूमिकेत जीव ओतलेला जाणवलाच नाही. पूर्णपणे टाइमपास वाया गेला असं वाटलं.,Negative
काहीच खास नव्हतं या चित्रपटात. भावनिक प्रसंगांमध्ये सुद्धा काहीच परिणाम जाणवत नाही. थिएटरमध्ये पैसे खर्च करण्याआधी नक्की विचार करा.,Negative
"हा चित्रपट अजिबात बघण्यासारखा नाही. विनोदी प्रसंग हास्यास्पद वाटतात, हसू येण्याऐवजी वैताग येतो.",Negative
"एकदम भारी चित्रपट, अपेक्षेपेक्षा जास्त आवडला. अभिनेत्यांचा अभिनय खूपच नैसर्गिक आणि प्रभावी वाटला. भावनिक प्रसंगांमध्ये डोळ्यात पाणी आल्याशिवाय राहत नाही. एकदा तरी नक्की बघावा असा हा चित्रपट आहे.",Positive
सिनेमा सुरुवातीपासून शेवटपर्यंत खिळवून ठेवतो. विनोदी प्रसंग अगदी सहज आणि टाइमिंगसह मांडले आहेत. शेवट अगदी समाधानकारक आणि हृदयस्पर्शी झाला आहे.,Positive
मराठी प्रेक्षकांची निराशा करणारा चित्रपट आहे हा. व्हीएफएक्स इतके स्वस्त वाटतात की हसू येतं.,Negative
एकदम झकास सिनेमा आहे भाऊ! मुख्य कलाकारांनी आपापल्या भूमिका उत्कृष्टपणे साकारल्या आहेत.,Positive
हा चित्रपट अजिबात बघण्यासारखा नाही. शेवट इतका घाईघाईत गुंडाळलेला आहे की निराशा होते. अभिनेत्यांचा अभिनय अगदीच सुमार आणि कृत्रिम वाटला.,Negative
थिएटरमध्ये अर्ध्यातच झोप येत होती. अभिनेत्यांचा अभिनय अगदीच सुमार आणि कृत्रिम वाटला. कथेत इतके लॉजिकल गॅप्स आहेत की डोकं दुखायला लागतं. थिएटरमध्ये पैसे खर्च करण्याआधी नक्की विचार करा.,Negative
अपेक्षा खूप होत्या पण चित्रपटाने साफ निराश केलं. क्लायमॅक्स अगदीच अपेक्षित आणि सपक झाला आहे. वेळ असेल तरी बघू नका असा सल्ला देईन.,Negative
"इतका रटाळ चित्रपट खूप दिवसांनी पाहिला. कथेत काहीच नावीन्य नाही, सगळं आधीच पाहिलेलं वाटतं. संगीत काहीच लक्षात राहण्यासारखं नाही. पूर्णपणे टाइमपास वाया गेला असं वाटलं.",Negative
पूर्ण कुटुंबासोबत बघण्यासारखा सुंदर चित्रपट आहे. शेवट अगदी समाधानकारक आणि हृदयस्पर्शी झाला आहे. दिग्दर्शनातली बारकाई प्रत्येक दृश्यात जाणवते.,Positive
सिनेमा सुरुवातीपासून शेवटपर्यंत खिळवून ठेवतो. प्रत्येक कलाकाराने आपल्या भूमिकेला योग्य न्याय दिला आहे. संगीत कानाला खूप गोड लागतं आणि गाणी सुद्धा सुरेख आहेत. सहकलाकारांचाही अभिनय तितकाच दमदार आहे. सर्वांना शिफारस करेन असा हा चित्रपट आहे.,Positive
"खूप दिवसांनी असा जबरदस्त चित्रपट पाहिला. सहकलाकारांचाही अभिनय तितकाच दमदार आहे. अॅक्शन सीन्स एकदम जबरदस्त आणि रिअलिस्टिक वाटतात. छायाचित्रण अप्रतिम आहे, प्रत्येक फ्रेम एखाद्या चित्रासारखी वाटते. थिएटरमध्ये जाऊन नक्की एन्जॉय करा.",Positive
सिनेमा बघून मन अगदी प्रसन्न झालं. संगीत कानाला खूप गोड लागतं आणि गाणी सुद्धा सुरेख आहेत. सहकलाकारांचाही अभिनय तितकाच दमदार आहे.,Positive
मित्रांच्या सांगण्यावरून गेलो पण खूप पश्चाताप झाला. मुख्य कलाकारांच्या भूमिकेत जीव ओतलेला जाणवलाच नाही. अॅक्शन सीन्स अगदीच बनावट आणि कंटाळवाणे वाटतात.,Negative
सिनेमागृहातून बाहेर पडताना चेहऱ्यावर हसू होतं. व्हीएफएक्स दर्जेदार असून हॉलिवूडच्या तोडीचे वाटतात.,Positive
थिएटरमध्ये जाऊन बघण्यासारखा चित्रपट आहे हा. कथा अगदी वेगळी आणि विचार करायला लावणारी आहे. पार्श्वसंगीत प्रसंगांची तीव्रता अजून वाढवतं. सर्वांना शिफारस करेन असा हा चित्रपट आहे.,Positive
सिनेमा सुरु झाल्यापासूनच कंटाळा येऊ लागला. छायाचित्रण अगदीच सामान्य दर्जाचं आहे.,Negative
पैसे वाया गेले असं वाटलं सिनेमा बघून. काही कलाकारांची निवडच चुकीची वाटते. संगीत काहीच लक्षात राहण्यासारखं नाही. भावनिक प्रसंगांमध्ये सुद्धा काहीच परिणाम जाणवत नाही. वेळ असेल तरी बघू नका असा सल्ला देईन.,Negative
खूप दिवसांनी असा जबरदस्त चित्रपट पाहिला. प्रत्येक कलाकाराने आपल्या भूमिकेला योग्य न्याय दिला आहे. पुन्हा एकदा बघायला नक्कीच आवडेल.,Positive
"इतका रटाळ चित्रपट खूप दिवसांनी पाहिला. कथेत इतके लॉजिकल गॅप्स आहेत की डोकं दुखायला लागतं. गाणी उगाचच घुसवल्यासारखी वाटतात, कथेशी संबंधच नाही. OTT वर आला तरी बघावासा वाटत नाही.",Negative
मित्रांच्या सांगण्यावरून गेलो पण खूप पश्चाताप झाला. शेवट इतका घाईघाईत गुंडाळलेला आहे की निराशा होते.,Negative
"पूर्ण चित्रपटभर काहीच लॉजिक सापडलं नाही. कथेत काहीच नावीन्य नाही, सगळं आधीच पाहिलेलं वाटतं. OTT वर आला तरी बघावासा वाटत नाही.",Negative
पैसे वाया गेले असं वाटलं सिनेमा बघून. छायाचित्रण अगदीच सामान्य दर्जाचं आहे. या चित्रपटाला दोन पैकी अर्धा स्टार सुद्धा जास्त आहे.,Negative
सिनेमा सुरु झाल्यापासूनच कंटाळा येऊ लागला. व्हीएफएक्स इतके स्वस्त वाटतात की हसू येतं. अभिनेत्यांचा अभिनय अगदीच सुमार आणि कृत्रिम वाटला. या चित्रपटाला दोन पैकी अर्धा स्टार सुद्धा जास्त आहे.,Negative
थिएटरमध्ये जाऊन बघण्यासारखा चित्रपट आहे हा. शेवट अगदी समाधानकारक आणि हृदयस्पर्शी झाला आहे. क्लायमॅक्स इतका जबरदस्त आहे की अंगावर काटा येतो. पार्श्वसंगीत प्रसंगांची तीव्रता अजून वाढवतं.,Positive
अजिबात नका बघू हा सिनेमा.,Negative
"पैसे वसूल चित्रपट, अजिबात निराश करत नाही. भावनिक प्रसंगांमध्ये डोळ्यात पाणी आल्याशिवाय राहत नाही. मराठी चित्रपटसृष्टीसाठी अभिमानास्पद कलाकृती आहे.",Positive
या वर्षीचा सर्वोत्तम मराठी चित्रपट असं म्हणता येईल. पार्श्वसंगीत प्रसंगांची तीव्रता अजून वाढवतं. कुटुंबासोबत थिएटरमध्ये जाऊन बघण्यासारखा सिनेमा आहे.,Positive
खरंच अशा चित्रपटांची गरज आहे मराठी सृष्टीला. संवाद खूप प्रभावी असून थेट मनाला भिडतात. या चित्रपटाला पाच पैकी पाच स्टार्स.,Positive
खूप दिवसांनी असा जबरदस्त चित्रपट पाहिला. गाण्यांचे शब्द आणि चाल दोन्ही मनाला भावतात. मराठी चित्रपटसृष्टीसाठी अभिमानास्पद कलाकृती आहे.,Positive
थिएटरमध्ये अर्ध्यातच झोप येत होती. पटकथा खूपच विस्कळीत असल्यामुळे कथा नीट समजतच नाही. दिग्दर्शकाला नेमकं काय दाखवायचं आहे हेच कळत नाही.,Negative
"अशा चित्रपटांमुळे मराठी सिनेमाची बदनामी होते. कथेत इतके लॉजिकल गॅप्स आहेत की डोकं दुखायला लागतं. गाणी उगाचच घुसवल्यासारखी वाटतात, कथेशी संबंधच नाही. अपेक्षा घेऊन गेलात तर नक्कीच निराश व्हाल.",Negative
थिएटरमध्ये अर्ध्यातच झोप येत होती. संगीत काहीच लक्षात राहण्यासारखं नाही.,Negative
"वेळेचा आणि पैशांचा पूर्ण अपव्यय झाला. छायाचित्रण अगदीच सामान्य दर्जाचं आहे. काही कलाकारांची निवडच चुकीची वाटते. कथेत काहीच नावीन्य नाही, सगळं आधीच पाहिलेलं वाटतं.",Negative
मित्रांसोबत बघितला आणि सगळ्यांनाच खूप आवडला. गाण्यांचे शब्द आणि चाल दोन्ही मनाला भावतात. या चित्रपटाला पाच पैकी पाच स्टार्स.,Positive
थिएटरमध्ये जाऊन बघण्यासारखा चित्रपट आहे हा. व्हीएफएक्स दर्जेदार असून हॉलिवूडच्या तोडीचे वाटतात. अॅक्शन सीन्स एकदम जबरदस्त आणि रिअलिस्टिक वाटतात.,Positive
मराठी प्रेक्षकांची निराशा करणारा चित्रपट आहे हा. अभिनेत्यांचा अभिनय अगदीच सुमार आणि कृत्रिम वाटला. पूर्णपणे टाइमपास वाया गेला असं वाटलं.,Negative
खरंच अशा चित्रपटांची गरज आहे मराठी सृष्टीला. संगीत कानाला खूप गोड लागतं आणि गाणी सुद्धा सुरेख आहेत.,Positive
सुरुवातीपासूनच चित्रपट प्रेक्षकांना पकडून ठेवतो. व्हीएफएक्स दर्जेदार असून हॉलिवूडच्या तोडीचे वाटतात. शेवट अगदी समाधानकारक आणि हृदयस्पर्शी झाला आहे. कथा अगदी वेगळी आणि विचार करायला लावणारी आहे. सर्वांना शिफारस करेन असा हा चित्रपट आहे.,Positive
मराठी प्रेक्षकांची निराशा करणारा चित्रपट आहे हा. शेवट इतका घाईघाईत गुंडाळलेला आहे की निराशा होते. या चित्रपटाला दोन पैकी अर्धा स्टार सुद्धा जास्त आहे.,Negative
हा चित्रपट अजिबात बघण्यासारखा नाही. छायाचित्रण अगदीच सामान्य दर्जाचं आहे. अभिनेत्यांचा अभिनय अगदीच सुमार आणि कृत्रिम वाटला. अॅक्शन सीन्स अगदीच बनावट आणि कंटाळवाणे वाटतात. वेळ असेल तरी बघू नका असा सल्ला देईन.,Negative
सुरुवातीपासूनच चित्रपट प्रेक्षकांना पकडून ठेवतो. अॅक्शन सीन्स एकदम जबरदस्त आणि रिअलिस्टिक वाटतात. पटकथा घट्ट बांधलेली असल्यामुळे कुठेही कंटाळा येत नाही.,Positive
"क्लासच आहे राव, बघाच एकदा. विनोदी प्रसंग अगदी सहज आणि टाइमिंगसह मांडले आहेत.",Positive
सिनेमा सुरुवातीपासून शेवटपर्यंत खिळवून ठेवतो. सहकलाकारांचाही अभिनय तितकाच दमदार आहे. मुख्य कलाकारांनी आपापल्या भूमिका उत्कृष्टपणे साकारल्या आहेत. कुटुंबासोबत थिएटरमध्ये जाऊन बघण्यासारखा सिनेमा आहे.,Positive
खूप दिवसांनी असा जबरदस्त चित्रपट पाहिला. विनोदी प्रसंग अगदी सहज आणि टाइमिंगसह मांडले आहेत.,Positive
एकदम झकास सिनेमा आहे भाऊ! कथा अगदी वेगळी आणि विचार करायला लावणारी आहे.,Positive
सिनेमागृहातून बाहेर पडताना चेहऱ्यावर हसू होतं. क्लायमॅक्स इतका जबरदस्त आहे की अंगावर काटा येतो. कुटुंबासोबत थिएटरमध्ये जाऊन बघण्यासारखा सिनेमा आहे.,Positive
"खूप छान वाटला सिनेमा, दिल खुश झालं.",Positive
थिएटरमध्ये अर्ध्यातच झोप येत होती. शेवट इतका घाईघाईत गुंडाळलेला आहे की निराशा होते. वेळ असेल तरी बघू नका असा सल्ला देईन.,Negative
वेळेचा आणि पैशांचा पूर्ण अपव्यय झाला. पार्श्वसंगीत उगाचच मोठ्या आवाजात आणि त्रासदायक वाटतं.,Negative
सिनेमा बघून मन अगदी प्रसन्न झालं. दिग्दर्शकाने प्रत्येक प्रसंग अतिशय सुंदर पद्धतीने मांडला आहे. थिएटरमध्ये जाऊन नक्की एन्जॉय करा.,Positive
खूप वेळाने मराठी चित्रपटसृष्टीत असा दर्जेदार सिनेमा आला. संगीत कानाला खूप गोड लागतं आणि गाणी सुद्धा सुरेख आहेत. पटकथा घट्ट बांधलेली असल्यामुळे कुठेही कंटाळा येत नाही. थिएटरमध्ये जाऊन नक्की एन्जॉय करा.,Positive
लय भारी सिनेमा हाय गड्या. मुख्य कलाकारांनी आपापल्या भूमिका उत्कृष्टपणे साकारल्या आहेत.,Positive
"एकदम टुकार सिनेमा आहे भाऊ. विनोदी प्रसंग हास्यास्पद वाटतात, हसू येण्याऐवजी वैताग येतो.",Negative
थिएटरमध्ये अर्ध्यातच झोप येत होती. संगीत काहीच लक्षात राहण्यासारखं नाही. क्लायमॅक्स अगदीच अपेक्षित आणि सपक झाला आहे. पूर्णपणे टाइमपास वाया गेला असं वाटलं.,Negative
"पैसे वसूल चित्रपट, अजिबात निराश करत नाही. छायाचित्रण अप्रतिम आहे, प्रत्येक फ्रेम एखाद्या चित्रासारखी वाटते. अभिनेत्यांचा अभिनय खूपच नैसर्गिक आणि प्रभावी वाटला.",Positive
सिनेमागृहातून बाहेर पडताना चेहऱ्यावर हसू होतं. अभिनेत्यांचा अभिनय खूपच नैसर्गिक आणि प्रभावी वाटला. व्हीएफएक्स दर्जेदार असून हॉलिवूडच्या तोडीचे वाटतात. मुख्य कलाकारांनी आपापल्या भूमिका उत्कृष्टपणे साकारल्या आहेत. एकदा तरी नक्की बघावा असा हा चित्रपट आहे.,Positive
पूर्ण कुटुंबासोबत बघण्यासारखा सुंदर चित्रपट आहे. अभिनेत्यांचा अभिनय खूपच नैसर्गिक आणि प्रभावी वाटला. दिग्दर्शकाने प्रत्येक प्रसंग अतिशय सुंदर पद्धतीने मांडला आहे.,Positive
थिएटरमध्ये अर्ध्यातच झोप येत होती. अॅक्शन सीन्स अगदीच बनावट आणि कंटाळवाणे वाटतात.,Negative
पूर्ण कुटुंबासोबत बघण्यासारखा सुंदर चित्रपट आहे. पार्श्वसंगीत प्रसंगांची तीव्रता अजून वाढवतं. पुन्हा एकदा बघायला नक्कीच आवडेल.,Positive
काहीच खास नव्हतं या चित्रपटात. क्लायमॅक्स अगदीच अपेक्षित आणि सपक झाला आहे. पुन्हा असा चित्रपट बघण्याची इच्छा नाही.,Negative
अपेक्षा खूप होत्या पण चित्रपटाने साफ निराश केलं. अॅक्शन सीन्स अगदीच बनावट आणि कंटाळवाणे वाटतात. पार्श्वसंगीत उगाचच मोठ्या आवाजात आणि त्रासदायक वाटतं. पुन्हा असा चित्रपट बघण्याची इच्छा नाही.,Negative
"अशा चित्रपटांमुळे मराठी सिनेमाची बदनामी होते. कथेत काहीच नावीन्य नाही, सगळं आधीच पाहिलेलं वाटतं.",Negative
"पैसे वाया गेले असं वाटलं सिनेमा बघून. मुख्य कलाकारांच्या भूमिकेत जीव ओतलेला जाणवलाच नाही. विनोदी प्रसंग हास्यास्पद वाटतात, हसू येण्याऐवजी वैताग येतो.",Negative
"या वर्षीचा सर्वोत्तम मराठी चित्रपट असं म्हणता येईल. प्रत्येक कलाकाराने आपल्या भूमिकेला योग्य न्याय दिला आहे. छायाचित्रण अप्रतिम आहे, प्रत्येक फ्रेम एखाद्या चित्रासारखी वाटते. सहकलाकारांचाही अभिनय तितकाच दमदार आहे.",Positive
थिएटरमध्ये अर्ध्यातच झोप येत होती. पार्श्वसंगीत उगाचच मोठ्या आवाजात आणि त्रासदायक वाटतं. OTT वर आला तरी बघावासा वाटत नाही.,Negative
"एकदम भारी चित्रपट, अपेक्षेपेक्षा जास्त आवडला. पटकथा घट्ट बांधलेली असल्यामुळे कुठेही कंटाळा येत नाही. या चित्रपटाला पाच पैकी पाच स्टार्स.",Positive
सिनेमा बघून मन अगदी प्रसन्न झालं. दिग्दर्शकाने प्रत्येक प्रसंग अतिशय सुंदर पद्धतीने मांडला आहे. पटकथा घट्ट बांधलेली असल्यामुळे कुठेही कंटाळा येत नाही. पुन्हा एकदा बघायला नक्कीच आवडेल.,Positive
खूप वेळाने मराठी चित्रपटसृष्टीत असा दर्जेदार सिनेमा आला. पार्श्वसंगीत प्रसंगांची तीव्रता अजून वाढवतं. भावनिक प्रसंगांमध्ये डोळ्यात पाणी आल्याशिवाय राहत नाही. कथेची मांडणी अशी आहे की पुढे काय होणार याची उत्सुकता कायम राहते. या चित्रपटाला पाच पैकी पाच स्टार्स.,Positive
सिनेमा बघून मन अगदी प्रसन्न झालं. संवाद खूप प्रभावी असून थेट मनाला भिडतात. गाण्यांचे शब्द आणि चाल दोन्ही मनाला भावतात. विनोदी प्रसंग अगदी सहज आणि टाइमिंगसह मांडले आहेत.,Positive
वेळेचा आणि पैशांचा पूर्ण अपव्यय झाला. संगीत काहीच लक्षात राहण्यासारखं नाही. अॅक्शन सीन्स अगदीच बनावट आणि कंटाळवाणे वाटतात. वेळ असेल तरी बघू नका असा सल्ला देईन.,Negative
"पूर्ण चित्रपटभर काहीच लॉजिक सापडलं नाही. भावनिक प्रसंगांमध्ये सुद्धा काहीच परिणाम जाणवत नाही. विनोदी प्रसंग हास्यास्पद वाटतात, हसू येण्याऐवजी वैताग येतो. गाणी उगाचच घुसवल्यासारखी वाटतात, कथेशी संबंधच नाही. मराठी सिनेमाच्या नावाला कमीपणा आणणारा चित्रपट आहे.",Negative
"उगाच हाईप केलेला सिनेमा, प्रत्यक्षात काही दम नाही. गाणी उगाचच घुसवल्यासारखी वाटतात, कथेशी संबंधच नाही. सहकलाकारांचा अभिनयही अगदीच सामान्य आहे. भावनिक प्रसंगांमध्ये सुद्धा काहीच परिणाम जाणवत नाही.",Negative
हा चित्रपट खरंच अप्रतिम होता. अभिनेत्यांचा अभिनय खूपच नैसर्गिक आणि प्रभावी वाटला.,Positive
सिनेमागृहातून बाहेर पडताना खूप वैताग आला. संवाद खूपच सुमार आणि ओढून ताणून लिहिलेले वाटतात.,Negative
मराठी प्रेक्षकांची निराशा करणारा चित्रपट आहे हा. कथेत इतके लॉजिकल गॅप्स आहेत की डोकं दुखायला लागतं. पटकथा खूपच विस्कळीत असल्यामुळे कथा नीट समजतच नाही.,Negative
"मस्त एंटरटेनमेंट, फॅमिलीसोबत नक्की बघा.",Positive
सुरुवातीपासूनच चित्रपट प्रेक्षकांना पकडून ठेवतो. पार्श्वसंगीत प्रसंगांची तीव्रता अजून वाढवतं. संगीत कानाला खूप गोड लागतं आणि गाणी सुद्धा सुरेख आहेत. एकदा तरी नक्की बघावा असा हा चित्रपट आहे.,Positive
"एवढा भिकार सिनेमा अलीकडे बघितला नव्हता. काही कलाकारांची निवडच चुकीची वाटते. संगीत काहीच लक्षात राहण्यासारखं नाही. गाणी उगाचच घुसवल्यासारखी वाटतात, कथेशी संबंधच नाही. मराठी सिनेमाच्या नावाला कमीपणा आणणारा चित्रपट आहे.",Negative
"पूर्ण कुटुंबासोबत बघण्यासारखा सुंदर चित्रपट आहे. व्हीएफएक्स दर्जेदार असून हॉलिवूडच्या तोडीचे वाटतात. अॅक्शन सीन्स एकदम जबरदस्त आणि रिअलिस्टिक वाटतात. छायाचित्रण अप्रतिम आहे, प्रत्येक फ्रेम एखाद्या चित्रासारखी वाटते. सर्वांना शिफारस करेन असा हा चित्रपट आहे.",Positive
"उगाच हाईप केलेला सिनेमा, प्रत्यक्षात काही दम नाही. संवाद खूपच सुमार आणि ओढून ताणून लिहिलेले वाटतात. पूर्णपणे टाइमपास वाया गेला असं वाटलं.",Negative
खरंच अशा चित्रपटांची गरज आहे मराठी सृष्टीला. प्रत्येक कलाकाराने आपल्या भूमिकेला योग्य न्याय दिला आहे. भावनिक प्रसंगांमध्ये डोळ्यात पाणी आल्याशिवाय राहत नाही. विनोदी प्रसंग अगदी सहज आणि टाइमिंगसह मांडले आहेत. पुन्हा एकदा बघायला नक्कीच आवडेल.,Positive
इतका रटाळ चित्रपट खूप दिवसांनी पाहिला. दिग्दर्शकाला नेमकं काय दाखवायचं आहे हेच कळत नाही.,Negative
खरंच अशा चित्रपटांची गरज आहे मराठी सृष्टीला. दिग्दर्शकाने प्रत्येक प्रसंग अतिशय सुंदर पद्धतीने मांडला आहे.,Positive
"मित्रांच्या सांगण्यावरून गेलो पण खूप पश्चाताप झाला. कथेत काहीच नावीन्य नाही, सगळं आधीच पाहिलेलं वाटतं. थिएटरमध्ये पैसे खर्च करण्याआधी नक्की विचार करा.",Negative
हा चित्रपट खरंच अप्रतिम होता. प्रत्येक कलाकाराने आपल्या भूमिकेला योग्य न्याय दिला आहे. गाण्यांचे शब्द आणि चाल दोन्ही मनाला भावतात.,Positive
"एवढा भिकार सिनेमा अलीकडे बघितला नव्हता. कथेत काहीच नावीन्य नाही, सगळं आधीच पाहिलेलं वाटतं.",Negative
सिनेमा बघून मन अगदी प्रसन्न झालं. कथेची मांडणी अशी आहे की पुढे काय होणार याची उत्सुकता कायम राहते. सर्वांना शिफारस करेन असा हा चित्रपट आहे.,Positive
खूप दिवसांनी असा जबरदस्त चित्रपट पाहिला. भावनिक प्रसंगांमध्ये डोळ्यात पाणी आल्याशिवाय राहत नाही.,Positive
"पूर्ण चित्रपटभर काहीच लॉजिक सापडलं नाही. अभिनेत्यांचा अभिनय अगदीच सुमार आणि कृत्रिम वाटला. गाणी उगाचच घुसवल्यासारखी वाटतात, कथेशी संबंधच नाही. पुन्हा असा चित्रपट बघण्याची इच्छा नाही.",Negative
"पैसे वसूल चित्रपट, अजिबात निराश करत नाही. मुख्य कलाकारांनी आपापल्या भूमिका उत्कृष्टपणे साकारल्या आहेत. व्हीएफएक्स दर्जेदार असून हॉलिवूडच्या तोडीचे वाटतात. थिएटरमध्ये जाऊन नक्की एन्जॉय करा.",Positive
सुरुवातीपासूनच चित्रपट प्रेक्षकांना पकडून ठेवतो. गाण्यांचे शब्द आणि चाल दोन्ही मनाला भावतात. पार्श्वसंगीत प्रसंगांची तीव्रता अजून वाढवतं. संगीत कानाला खूप गोड लागतं आणि गाणी सुद्धा सुरेख आहेत. पुन्हा एकदा बघायला नक्कीच आवडेल.,Positive
खूप वेळाने मराठी चित्रपटसृष्टीत असा दर्जेदार सिनेमा आला. दिग्दर्शनातली बारकाई प्रत्येक दृश्यात जाणवते. कुटुंबासोबत थिएटरमध्ये जाऊन बघण्यासारखा सिनेमा आहे.,Positive
सिनेमा सुरु झाल्यापासूनच कंटाळा येऊ लागला. पटकथा खूपच विस्कळीत असल्यामुळे कथा नीट समजतच नाही. छायाचित्रण अगदीच सामान्य दर्जाचं आहे.,Negative
हा चित्रपट अजिबात बघण्यासारखा नाही. अभिनेत्यांचा अभिनय अगदीच सुमार आणि कृत्रिम वाटला. संगीत काहीच लक्षात राहण्यासारखं नाही. पटकथा खूपच विस्कळीत असल्यामुळे कथा नीट समजतच नाही. अपेक्षा घेऊन गेलात तर नक्कीच निराश व्हाल.,Negative
"इतका रटाळ चित्रपट खूप दिवसांनी पाहिला. कथेत काहीच नावीन्य नाही, सगळं आधीच पाहिलेलं वाटतं. थिएटरमध्ये पैसे खर्च करण्याआधी नक्की विचार करा.",Negative
"सिनेमागृहातून बाहेर पडताना चेहऱ्यावर हसू होतं. छायाचित्रण अप्रतिम आहे, प्रत्येक फ्रेम एखाद्या चित्रासारखी वाटते. मुख्य कलाकारांनी आपापल्या भूमिका उत्कृष्टपणे साकारल्या आहेत.",Positive
"सिनेमा सुरु झाल्यापासूनच कंटाळा येऊ लागला. मुख्य कलाकारांच्या भूमिकेत जीव ओतलेला जाणवलाच नाही. क्लायमॅक्स अगदीच अपेक्षित आणि सपक झाला आहे. गाणी उगाचच घुसवल्यासारखी वाटतात, कथेशी संबंधच नाही. मराठी सिनेमाच्या नावाला कमीपणा आणणारा चित्रपट आहे.",Negative
मित्रांच्या सांगण्यावरून गेलो पण खूप पश्चाताप झाला. मुख्य कलाकारांच्या भूमिकेत जीव ओतलेला जाणवलाच नाही. या चित्रपटाला दोन पैकी अर्धा स्टार सुद्धा जास्त आहे.,Negative
"मस्त सिनेमा आहे, नक्की बघा. संवाद खूप प्रभावी असून थेट मनाला भिडतात. संगीत कानाला खूप गोड लागतं आणि गाणी सुद्धा सुरेख आहेत. पटकथा घट्ट बांधलेली असल्यामुळे कुठेही कंटाळा येत नाही.",Positive
सिनेमा बघून मन अगदी प्रसन्न झालं. पार्श्वसंगीत प्रसंगांची तीव्रता अजून वाढवतं. व्हीएफएक्स दर्जेदार असून हॉलिवूडच्या तोडीचे वाटतात. प्रत्येक कलाकाराने आपल्या भूमिकेला योग्य न्याय दिला आहे. असे चित्रपट वारंवार यायला हवेत.,Positive
मित्रांसोबत बघितला आणि सगळ्यांनाच खूप आवडला. शेवट अगदी समाधानकारक आणि हृदयस्पर्शी झाला आहे. मराठी चित्रपटसृष्टीसाठी अभिमानास्पद कलाकृती आहे.,Positive
सिनेमा बघून मन अगदी प्रसन्न झालं. क्लायमॅक्स इतका जबरदस्त आहे की अंगावर काटा येतो.,Positive
अपेक्षा खूप होत्या पण चित्रपटाने साफ निराश केलं. छायाचित्रण अगदीच सामान्य दर्जाचं आहे. क्लायमॅक्स अगदीच अपेक्षित आणि सपक झाला आहे.,Negative
सुरुवातीपासूनच चित्रपट प्रेक्षकांना पकडून ठेवतो. शेवट अगदी समाधानकारक आणि हृदयस्पर्शी झाला आहे. थिएटरमध्ये जाऊन नक्की एन्जॉय करा.,Positive
पूर्ण कुटुंबासोबत बघण्यासारखा सुंदर चित्रपट आहे. शेवट अगदी समाधानकारक आणि हृदयस्पर्शी झाला आहे. असे चित्रपट वारंवार यायला हवेत.,Positive
एकदम झकास सिनेमा आहे भाऊ!,Positive
मित्रांच्या सांगण्यावरून गेलो पण खूप पश्चाताप झाला. भावनिक प्रसंगांमध्ये सुद्धा काहीच परिणाम जाणवत नाही.,Negative
"एवढा भिकार सिनेमा अलीकडे बघितला नव्हता. क्लायमॅक्स अगदीच अपेक्षित आणि सपक झाला आहे. गाणी उगाचच घुसवल्यासारखी वाटतात, कथेशी संबंधच नाही. मुख्य कलाकारांच्या भूमिकेत जीव ओतलेला जाणवलाच नाही. थिएटरमध्ये पैसे खर्च करण्याआधी नक्की विचार करा.",Negative
सिनेमागृहातून बाहेर पडताना खूप वैताग आला. सहकलाकारांचा अभिनयही अगदीच सामान्य आहे. शेवट इतका घाईघाईत गुंडाळलेला आहे की निराशा होते.,Negative
सिनेमा बघून मन अगदी प्रसन्न झालं. दिग्दर्शनातली बारकाई प्रत्येक दृश्यात जाणवते. कुटुंबासोबत थिएटरमध्ये जाऊन बघण्यासारखा सिनेमा आहे.,Positive
सुरुवातीपासूनच चित्रपट प्रेक्षकांना पकडून ठेवतो. प्रत्येक कलाकाराने आपल्या भूमिकेला योग्य न्याय दिला आहे. या चित्रपटाला पाच पैकी पाच स्टार्स.,Positive
हा चित्रपट खरंच अप्रतिम होता. कथा अगदी वेगळी आणि विचार करायला लावणारी आहे. विनोदी प्रसंग अगदी सहज आणि टाइमिंगसह मांडले आहेत. पटकथा घट्ट बांधलेली असल्यामुळे कुठेही कंटाळा येत नाही. कुटुंबासोबत थिएटरमध्ये जाऊन बघण्यासारखा सिनेमा आहे.,Positive
पूर्ण कुटुंबासोबत बघण्यासारखा सुंदर चित्रपट आहे. शेवट अगदी समाधानकारक आणि हृदयस्पर्शी झाला आहे. अभिनेत्यांचा अभिनय खूपच नैसर्गिक आणि प्रभावी वाटला.,Positive
"मस्त सिनेमा आहे, नक्की बघा. पटकथा घट्ट बांधलेली असल्यामुळे कुठेही कंटाळा येत नाही. सर्वांना शिफारस करेन असा हा चित्रपट आहे.",Positive
अशा चित्रपटांमुळे मराठी सिनेमाची बदनामी होते. काही कलाकारांची निवडच चुकीची वाटते. व्हीएफएक्स इतके स्वस्त वाटतात की हसू येतं. कथेत इतके लॉजिकल गॅप्स आहेत की डोकं दुखायला लागतं.,Negative
"उगाच हाईप केलेला सिनेमा, प्रत्यक्षात काही दम नाही. दिग्दर्शन अगदीच कमकुवत असून प्रसंगांची मांडणी विस्कळीत आहे. पुन्हा असा चित्रपट बघण्याची इच्छा नाही.",Negative
"पैसे वसूल चित्रपट, अजिबात निराश करत नाही. कथेची मांडणी अशी आहे की पुढे काय होणार याची उत्सुकता कायम राहते. गाण्यांचे शब्द आणि चाल दोन्ही मनाला भावतात.",Positive
"पैसे वसूल चित्रपट, अजिबात निराश करत नाही. सहकलाकारांचाही अभिनय तितकाच दमदार आहे. कथा अगदी वेगळी आणि विचार करायला लावणारी आहे.",Positive
"उगाच हाईप केलेला सिनेमा, प्रत्यक्षात काही दम नाही. मुख्य कलाकारांच्या भूमिकेत जीव ओतलेला जाणवलाच नाही. पार्श्वसंगीत उगाचच मोठ्या आवाजात आणि त्रासदायक वाटतं.",Negative
थिएटरमध्ये जाऊन बघण्यासारखा चित्रपट आहे हा. प्रत्येक कलाकाराने आपल्या भूमिकेला योग्य न्याय दिला आहे.,Positive
सिनेमा बघून मन अगदी प्रसन्न झालं. दिग्दर्शकाने प्रत्येक प्रसंग अतिशय सुंदर पद्धतीने मांडला आहे. कथा अगदी वेगळी आणि विचार करायला लावणारी आहे. मराठी चित्रपटसृष्टीसाठी अभिमानास्पद कलाकृती आहे.,Positive
खूप दिवसांनी असा जबरदस्त चित्रपट पाहिला. पटकथा घट्ट बांधलेली असल्यामुळे कुठेही कंटाळा येत नाही. संवाद खूप प्रभावी असून थेट मनाला भिडतात. या चित्रपटाला पाच पैकी पाच स्टार्स.,Positive
खूप वेळाने मराठी चित्रपटसृष्टीत असा दर्जेदार सिनेमा आला. दिग्दर्शनातली बारकाई प्रत्येक दृश्यात जाणवते. अभिनेत्यांचा अभिनय खूपच नैसर्गिक आणि प्रभावी वाटला.,Positive
थिएटरमध्ये अर्ध्यातच झोप येत होती. काही कलाकारांची निवडच चुकीची वाटते. कथेत इतके लॉजिकल गॅप्स आहेत की डोकं दुखायला लागतं. OTT वर आला तरी बघावासा वाटत नाही.,Negative
थिएटरमध्ये अर्ध्यातच झोप येत होती. दिग्दर्शन अगदीच कमकुवत असून प्रसंगांची मांडणी विस्कळीत आहे. अपेक्षा घेऊन गेलात तर नक्कीच निराश व्हाल.,Negative
"उगाच हाईप केलेला सिनेमा, प्रत्यक्षात काही दम नाही. दिग्दर्शन अगदीच कमकुवत असून प्रसंगांची मांडणी विस्कळीत आहे. थिएटरमध्ये पैसे खर्च करण्याआधी नक्की विचार करा.",Negative
काहीच दम नाही राव यात. पार्श्वसंगीत उगाचच मोठ्या आवाजात आणि त्रासदायक वाटतं.,Negative
सुरुवातीपासूनच चित्रपट प्रेक्षकांना पकडून ठेवतो. शेवट अगदी समाधानकारक आणि हृदयस्पर्शी झाला आहे. भावनिक प्रसंगांमध्ये डोळ्यात पाणी आल्याशिवाय राहत नाही. एकदा तरी नक्की बघावा असा हा चित्रपट आहे.,Positive
पूर्ण कुटुंबासोबत बघण्यासारखा सुंदर चित्रपट आहे. सहकलाकारांचाही अभिनय तितकाच दमदार आहे. अॅक्शन सीन्स एकदम जबरदस्त आणि रिअलिस्टिक वाटतात.,Positive
अगदीच वाईट्ट आहे गड्या हा सिनेमा. संवाद खूपच सुमार आणि ओढून ताणून लिहिलेले वाटतात.,Negative
"एकदम भिकार सिनेमा, नका जाऊ.",Negative
सुरुवातीपासूनच चित्रपट प्रेक्षकांना पकडून ठेवतो. भावनिक प्रसंगांमध्ये डोळ्यात पाणी आल्याशिवाय राहत नाही. थिएटरमध्ये जाऊन नक्की एन्जॉय करा.,Positive
सिनेमा सुरु झाल्यापासूनच कंटाळा येऊ लागला. संवाद खूपच सुमार आणि ओढून ताणून लिहिलेले वाटतात. संगीत काहीच लक्षात राहण्यासारखं नाही.,Negative
मराठी प्रेक्षकांची निराशा करणारा चित्रपट आहे हा. शेवट इतका घाईघाईत गुंडाळलेला आहे की निराशा होते. मुख्य कलाकारांच्या भूमिकेत जीव ओतलेला जाणवलाच नाही. भावनिक प्रसंगांमध्ये सुद्धा काहीच परिणाम जाणवत नाही. या चित्रपटाला दोन पैकी अर्धा स्टार सुद्धा जास्त आहे.,Negative
मराठी प्रेक्षकांची निराशा करणारा चित्रपट आहे हा. पार्श्वसंगीत उगाचच मोठ्या आवाजात आणि त्रासदायक वाटतं. शेवट इतका घाईघाईत गुंडाळलेला आहे की निराशा होते.,Negative
थिएटरमध्ये जाऊन बघण्यासारखा चित्रपट आहे हा. दिग्दर्शकाने प्रत्येक प्रसंग अतिशय सुंदर पद्धतीने मांडला आहे.,Positive
सिनेमा बघून मन अगदी प्रसन्न झालं. गाण्यांचे शब्द आणि चाल दोन्ही मनाला भावतात. विनोदी प्रसंग अगदी सहज आणि टाइमिंगसह मांडले आहेत.,Positive
हा चित्रपट अजिबात बघण्यासारखा नाही. अॅक्शन सीन्स अगदीच बनावट आणि कंटाळवाणे वाटतात. दिग्दर्शन अगदीच कमकुवत असून प्रसंगांची मांडणी विस्कळीत आहे. पटकथा खूपच विस्कळीत असल्यामुळे कथा नीट समजतच नाही. अपेक्षा घेऊन गेलात तर नक्कीच निराश व्हाल.,Negative
पूर्ण कुटुंबासोबत बघण्यासारखा सुंदर चित्रपट आहे. क्लायमॅक्स इतका जबरदस्त आहे की अंगावर काटा येतो. दिग्दर्शनातली बारकाई प्रत्येक दृश्यात जाणवते. पुन्हा एकदा बघायला नक्कीच आवडेल.,Positive
"अशा चित्रपटांमुळे मराठी सिनेमाची बदनामी होते. गाणी उगाचच घुसवल्यासारखी वाटतात, कथेशी संबंधच नाही. संगीत काहीच लक्षात राहण्यासारखं नाही. या चित्रपटाला दोन पैकी अर्धा स्टार सुद्धा जास्त आहे.",Negative
खूप दिवसांनी असा जबरदस्त चित्रपट पाहिला. सहकलाकारांचाही अभिनय तितकाच दमदार आहे.,Positive
"थिएटरमध्ये जाऊन बघण्यासारखा चित्रपट आहे हा. शेवट अगदी समाधानकारक आणि हृदयस्पर्शी झाला आहे. छायाचित्रण अप्रतिम आहे, प्रत्येक फ्रेम एखाद्या चित्रासारखी वाटते. दिग्दर्शनातली बारकाई प्रत्येक दृश्यात जाणवते. या चित्रपटाला पाच पैकी पाच स्टार्स.",Positive
"उगाच हाईप केलेला सिनेमा, प्रत्यक्षात काही दम नाही. काही कलाकारांची निवडच चुकीची वाटते. पार्श्वसंगीत उगाचच मोठ्या आवाजात आणि त्रासदायक वाटतं.",Negative
एवढा भिकार सिनेमा अलीकडे बघितला नव्हता. मुख्य कलाकारांच्या भूमिकेत जीव ओतलेला जाणवलाच नाही. पटकथा खूपच विस्कळीत असल्यामुळे कथा नीट समजतच नाही. या चित्रपटाला दोन पैकी अर्धा स्टार सुद्धा जास्त आहे.,Negative
मित्रांच्या सांगण्यावरून गेलो पण खूप पश्चाताप झाला. व्हीएफएक्स इतके स्वस्त वाटतात की हसू येतं. या चित्रपटाला दोन पैकी अर्धा स्टार सुद्धा जास्त आहे.,Negative
टकाटक अपेक्षा होती पण सगळं फेल. संवाद खूपच सुमार आणि ओढून ताणून लिहिलेले वाटतात.,Negative
"पैसे वसूल चित्रपट, अजिबात निराश करत नाही. भावनिक प्रसंगांमध्ये डोळ्यात पाणी आल्याशिवाय राहत नाही. अॅक्शन सीन्स एकदम जबरदस्त आणि रिअलिस्टिक वाटतात. असे चित्रपट वारंवार यायला हवेत.",Positive
"एवढा भिकार सिनेमा अलीकडे बघितला नव्हता. दिग्दर्शन अगदीच कमकुवत असून प्रसंगांची मांडणी विस्कळीत आहे. कथेत काहीच नावीन्य नाही, सगळं आधीच पाहिलेलं वाटतं. छायाचित्रण अगदीच सामान्य दर्जाचं आहे. अपेक्षा घेऊन गेलात तर नक्कीच निराश व्हाल.",Negative
पूर्ण कुटुंबासोबत बघण्यासारखा सुंदर चित्रपट आहे. अॅक्शन सीन्स एकदम जबरदस्त आणि रिअलिस्टिक वाटतात. पार्श्वसंगीत प्रसंगांची तीव्रता अजून वाढवतं. व्हीएफएक्स दर्जेदार असून हॉलिवूडच्या तोडीचे वाटतात. पुन्हा एकदा बघायला नक्कीच आवडेल.,Positive
पैसे वाया गेले असं वाटलं सिनेमा बघून. दिग्दर्शन अगदीच कमकुवत असून प्रसंगांची मांडणी विस्कळीत आहे. संगीत काहीच लक्षात राहण्यासारखं नाही. या चित्रपटाला दोन पैकी अर्धा स्टार सुद्धा जास्त आहे.,Negative
"धमाल आहे एकदम, मजा आली. शेवट अगदी समाधानकारक आणि हृदयस्पर्शी झाला आहे.",Positive
खरंच अशा चित्रपटांची गरज आहे मराठी सृष्टीला. कथेची मांडणी अशी आहे की पुढे काय होणार याची उत्सुकता कायम राहते. संगीत कानाला खूप गोड लागतं आणि गाणी सुद्धा सुरेख आहेत. कथा अगदी वेगळी आणि विचार करायला लावणारी आहे. एकदा तरी नक्की बघावा असा हा चित्रपट आहे.,Positive
"एकदम भारी चित्रपट, अपेक्षेपेक्षा जास्त आवडला. संवाद खूप प्रभावी असून थेट मनाला भिडतात. विनोदी प्रसंग अगदी सहज आणि टाइमिंगसह मांडले आहेत. एकदा तरी नक्की बघावा असा हा चित्रपट आहे.",Positive
सिनेमागृहातून बाहेर पडताना चेहऱ्यावर हसू होतं. पटकथा घट्ट बांधलेली असल्यामुळे कुठेही कंटाळा येत नाही. सहकलाकारांचाही अभिनय तितकाच दमदार आहे. मराठी चित्रपटसृष्टीसाठी अभिमानास्पद कलाकृती आहे.,Positive
थिएटरमध्ये अर्ध्यातच झोप येत होती. दिग्दर्शन अगदीच कमकुवत असून प्रसंगांची मांडणी विस्कळीत आहे.,Negative
पैसे वाया गेले असं वाटलं सिनेमा बघून. सहकलाकारांचा अभिनयही अगदीच सामान्य आहे.,Negative
सिनेमागृहातून बाहेर पडताना चेहऱ्यावर हसू होतं. संगीत कानाला खूप गोड लागतं आणि गाणी सुद्धा सुरेख आहेत. सहकलाकारांचाही अभिनय तितकाच दमदार आहे.,Positive
सिनेमागृहातून बाहेर पडताना चेहऱ्यावर हसू होतं. क्लायमॅक्स इतका जबरदस्त आहे की अंगावर काटा येतो. गाण्यांचे शब्द आणि चाल दोन्ही मनाला भावतात. असे चित्रपट वारंवार यायला हवेत.,Positive
"सिनेमागृहातून बाहेर पडताना खूप वैताग आला. संगीत काहीच लक्षात राहण्यासारखं नाही. कथेत काहीच नावीन्य नाही, सगळं आधीच पाहिलेलं वाटतं. मराठी सिनेमाच्या नावाला कमीपणा आणणारा चित्रपट आहे.",Negative
एवढा भिकार सिनेमा अलीकडे बघितला नव्हता. भावनिक प्रसंगांमध्ये सुद्धा काहीच परिणाम जाणवत नाही. OTT वर आला तरी बघावासा वाटत नाही.,Negative
सिनेमा बघून मन अगदी प्रसन्न झालं. संवाद खूप प्रभावी असून थेट मनाला भिडतात. विनोदी प्रसंग अगदी सहज आणि टाइमिंगसह मांडले आहेत.,Positive
थिएटरमध्ये अर्ध्यातच झोप येत होती. व्हीएफएक्स इतके स्वस्त वाटतात की हसू येतं. अभिनेत्यांचा अभिनय अगदीच सुमार आणि कृत्रिम वाटला. काही कलाकारांची निवडच चुकीची वाटते.,Negative
थिएटरमध्ये जाऊन बघण्यासारखा चित्रपट आहे हा. प्रत्येक कलाकाराने आपल्या भूमिकेला योग्य न्याय दिला आहे. सहकलाकारांचाही अभिनय तितकाच दमदार आहे. क्लायमॅक्स इतका जबरदस्त आहे की अंगावर काटा येतो. थिएटरमध्ये जाऊन नक्की एन्जॉय करा.,Positive
थिएटरमध्ये अर्ध्यातच झोप येत होती. शेवट इतका घाईघाईत गुंडाळलेला आहे की निराशा होते. अभिनेत्यांचा अभिनय अगदीच सुमार आणि कृत्रिम वाटला. थिएटरमध्ये पैसे खर्च करण्याआधी नक्की विचार करा.,Negative
अपेक्षा खूप होत्या पण चित्रपटाने साफ निराश केलं. शेवट इतका घाईघाईत गुंडाळलेला आहे की निराशा होते. दिग्दर्शन अगदीच कमकुवत असून प्रसंगांची मांडणी विस्कळीत आहे.,Negative
हा चित्रपट खरंच अप्रतिम होता. मुख्य कलाकारांनी आपापल्या भूमिका उत्कृष्टपणे साकारल्या आहेत. सहकलाकारांचाही अभिनय तितकाच दमदार आहे. सर्वांना शिफारस करेन असा हा चित्रपट आहे.,Positive
सिनेमा सुरुवातीपासून शेवटपर्यंत खिळवून ठेवतो. अभिनेत्यांचा अभिनय खूपच नैसर्गिक आणि प्रभावी वाटला. गाण्यांचे शब्द आणि चाल दोन्ही मनाला भावतात. मराठी चित्रपटसृष्टीसाठी अभिमानास्पद कलाकृती आहे.,Positive
पूर्ण चित्रपटभर काहीच लॉजिक सापडलं नाही. अॅक्शन सीन्स अगदीच बनावट आणि कंटाळवाणे वाटतात.,Negative
अशा चित्रपटांमुळे मराठी सिनेमाची बदनामी होते. व्हीएफएक्स इतके स्वस्त वाटतात की हसू येतं.,Negative
सिनेमा सुरु झाल्यापासूनच कंटाळा येऊ लागला. सहकलाकारांचा अभिनयही अगदीच सामान्य आहे. कथेत इतके लॉजिकल गॅप्स आहेत की डोकं दुखायला लागतं. वेळ असेल तरी बघू नका असा सल्ला देईन.,Negative
खूप दिवसांनी असा जबरदस्त चित्रपट पाहिला. व्हीएफएक्स दर्जेदार असून हॉलिवूडच्या तोडीचे वाटतात. सहकलाकारांचाही अभिनय तितकाच दमदार आहे.,Positive
मित्रांच्या सांगण्यावरून गेलो पण खूप पश्चाताप झाला. काही कलाकारांची निवडच चुकीची वाटते. अभिनेत्यांचा अभिनय अगदीच सुमार आणि कृत्रिम वाटला. वेळ असेल तरी बघू नका असा सल्ला देईन.,Negative
अशा चित्रपटांमुळे मराठी सिनेमाची बदनामी होते. सहकलाकारांचा अभिनयही अगदीच सामान्य आहे.,Negative
"एकदम भारी चित्रपट, अपेक्षेपेक्षा जास्त आवडला. सहकलाकारांचाही अभिनय तितकाच दमदार आहे. संगीत कानाला खूप गोड लागतं आणि गाणी सुद्धा सुरेख आहेत. पुन्हा एकदा बघायला नक्कीच आवडेल.",Positive
काहीच खास नव्हतं या चित्रपटात. काही कलाकारांची निवडच चुकीची वाटते. पार्श्वसंगीत उगाचच मोठ्या आवाजात आणि त्रासदायक वाटतं. वेळ असेल तरी बघू नका असा सल्ला देईन.,Negative
या वर्षीचा सर्वोत्तम मराठी चित्रपट असं म्हणता येईल. पटकथा घट्ट बांधलेली असल्यामुळे कुठेही कंटाळा येत नाही.,Positive
मराठी प्रेक्षकांची निराशा करणारा चित्रपट आहे हा. अॅक्शन सीन्स अगदीच बनावट आणि कंटाळवाणे वाटतात. काही कलाकारांची निवडच चुकीची वाटते. या चित्रपटाला दोन पैकी अर्धा स्टार सुद्धा जास्त आहे.,Negative
"सिनेमा सुरु झाल्यापासूनच कंटाळा येऊ लागला. गाणी उगाचच घुसवल्यासारखी वाटतात, कथेशी संबंधच नाही. व्हीएफएक्स इतके स्वस्त वाटतात की हसू येतं. पुन्हा असा चित्रपट बघण्याची इच्छा नाही.",Negative
सुरुवातीपासूनच चित्रपट प्रेक्षकांना पकडून ठेवतो. अॅक्शन सीन्स एकदम जबरदस्त आणि रिअलिस्टिक वाटतात. व्हीएफएक्स दर्जेदार असून हॉलिवूडच्या तोडीचे वाटतात. विनोदी प्रसंग अगदी सहज आणि टाइमिंगसह मांडले आहेत.,Positive
"सिनेमा बघून मन अगदी प्रसन्न झालं. गाण्यांचे शब्द आणि चाल दोन्ही मनाला भावतात. छायाचित्रण अप्रतिम आहे, प्रत्येक फ्रेम एखाद्या चित्रासारखी वाटते. एकदा तरी नक्की बघावा असा हा चित्रपट आहे.",Positive
"सिनेमा बघून मन अगदी प्रसन्न झालं. गाण्यांचे शब्द आणि चाल दोन्ही मनाला भावतात. छायाचित्रण अप्रतिम आहे, प्रत्येक फ्रेम एखाद्या चित्रासारखी वाटते.",Positive
सिनेमागृहातून बाहेर पडताना खूप वैताग आला. भावनिक प्रसंगांमध्ये सुद्धा काहीच परिणाम जाणवत नाही. अॅक्शन सीन्स अगदीच बनावट आणि कंटाळवाणे वाटतात. शेवट इतका घाईघाईत गुंडाळलेला आहे की निराशा होते. पुन्हा असा चित्रपट बघण्याची इच्छा नाही.,Negative
सिनेमागृहातून बाहेर पडताना चेहऱ्यावर हसू होतं. पार्श्वसंगीत प्रसंगांची तीव्रता अजून वाढवतं. असे चित्रपट वारंवार यायला हवेत.,Positive
सिनेमा बघून मन अगदी प्रसन्न झालं. सहकलाकारांचाही अभिनय तितकाच दमदार आहे. पार्श्वसंगीत प्रसंगांची तीव्रता अजून वाढवतं. असे चित्रपट वारंवार यायला हवेत.,Positive
सिनेमागृहातून बाहेर पडताना चेहऱ्यावर हसू होतं. प्रत्येक कलाकाराने आपल्या भूमिकेला योग्य न्याय दिला आहे. भावनिक प्रसंगांमध्ये डोळ्यात पाणी आल्याशिवाय राहत नाही. कुटुंबासोबत थिएटरमध्ये जाऊन बघण्यासारखा सिनेमा आहे.,Positive
इतका रटाळ चित्रपट खूप दिवसांनी पाहिला. अॅक्शन सीन्स अगदीच बनावट आणि कंटाळवाणे वाटतात.,Negative
पूर्ण चित्रपटभर काहीच लॉजिक सापडलं नाही. अॅक्शन सीन्स अगदीच बनावट आणि कंटाळवाणे वाटतात. पूर्णपणे टाइमपास वाया गेला असं वाटलं.,Negative
सुरुवातीपासूनच चित्रपट प्रेक्षकांना पकडून ठेवतो. व्हीएफएक्स दर्जेदार असून हॉलिवूडच्या तोडीचे वाटतात.,Positive
हा चित्रपट खरंच अप्रतिम होता. मुख्य कलाकारांनी आपापल्या भूमिका उत्कृष्टपणे साकारल्या आहेत. संगीत कानाला खूप गोड लागतं आणि गाणी सुद्धा सुरेख आहेत.,Positive
खूप वेळाने मराठी चित्रपटसृष्टीत असा दर्जेदार सिनेमा आला. भावनिक प्रसंगांमध्ये डोळ्यात पाणी आल्याशिवाय राहत नाही.,Positive
"पूर्ण कुटुंबासोबत बघण्यासारखा सुंदर चित्रपट आहे. भावनिक प्रसंगांमध्ये डोळ्यात पाणी आल्याशिवाय राहत नाही. छायाचित्रण अप्रतिम आहे, प्रत्येक फ्रेम एखाद्या चित्रासारखी वाटते. पटकथा घट्ट बांधलेली असल्यामुळे कुठेही कंटाळा येत नाही. एकदा तरी नक्की बघावा असा हा चित्रपट आहे.",Positive
खरंच अशा चित्रपटांची गरज आहे मराठी सृष्टीला. दिग्दर्शकाने प्रत्येक प्रसंग अतिशय सुंदर पद्धतीने मांडला आहे. शेवट अगदी समाधानकारक आणि हृदयस्पर्शी झाला आहे. थिएटरमध्ये जाऊन नक्की एन्जॉय करा.,Positive
"हा चित्रपट अजिबात बघण्यासारखा नाही. पार्श्वसंगीत उगाचच मोठ्या आवाजात आणि त्रासदायक वाटतं. विनोदी प्रसंग हास्यास्पद वाटतात, हसू येण्याऐवजी वैताग येतो. थिएटरमध्ये पैसे खर्च करण्याआधी नक्की विचार करा.",Negative
पूर्ण चित्रपटभर काहीच लॉजिक सापडलं नाही. पटकथा खूपच विस्कळीत असल्यामुळे कथा नीट समजतच नाही. क्लायमॅक्स अगदीच अपेक्षित आणि सपक झाला आहे. मुख्य कलाकारांच्या भूमिकेत जीव ओतलेला जाणवलाच नाही.,Negative
काहीच दम नाही राव यात. सहकलाकारांचा अभिनयही अगदीच सामान्य आहे.,Negative
"उगाच हाईप केलेला सिनेमा, प्रत्यक्षात काही दम नाही. कथेत इतके लॉजिकल गॅप्स आहेत की डोकं दुखायला लागतं. मुख्य कलाकारांच्या भूमिकेत जीव ओतलेला जाणवलाच नाही. थिएटरमध्ये पैसे खर्च करण्याआधी नक्की विचार करा.",Negative
खरंच अशा चित्रपटांची गरज आहे मराठी सृष्टीला. संगीत कानाला खूप गोड लागतं आणि गाणी सुद्धा सुरेख आहेत. सर्वांना शिफारस करेन असा हा चित्रपट आहे.,Positive
"उगाच हाईप केलेला सिनेमा, प्रत्यक्षात काही दम नाही. पार्श्वसंगीत उगाचच मोठ्या आवाजात आणि त्रासदायक वाटतं. क्लायमॅक्स अगदीच अपेक्षित आणि सपक झाला आहे. पटकथा खूपच विस्कळीत असल्यामुळे कथा नीट समजतच नाही. OTT वर आला तरी बघावासा वाटत नाही.",Negative
"मराठी प्रेक्षकांची निराशा करणारा चित्रपट आहे हा. गाणी उगाचच घुसवल्यासारखी वाटतात, कथेशी संबंधच नाही. शेवट इतका घाईघाईत गुंडाळलेला आहे की निराशा होते. क्लायमॅक्स अगदीच अपेक्षित आणि सपक झाला आहे.",Negative
"अशा चित्रपटांमुळे मराठी सिनेमाची बदनामी होते. गाणी उगाचच घुसवल्यासारखी वाटतात, कथेशी संबंधच नाही. व्हीएफएक्स इतके स्वस्त वाटतात की हसू येतं.",Negative
"उगाच हाईप केलेला सिनेमा, प्रत्यक्षात काही दम नाही. अभिनेत्यांचा अभिनय अगदीच सुमार आणि कृत्रिम वाटला. कथेत इतके लॉजिकल गॅप्स आहेत की डोकं दुखायला लागतं. या चित्रपटाला दोन पैकी अर्धा स्टार सुद्धा जास्त आहे.",Negative
सिनेमा सुरुवातीपासून शेवटपर्यंत खिळवून ठेवतो. पार्श्वसंगीत प्रसंगांची तीव्रता अजून वाढवतं. कथा अगदी वेगळी आणि विचार करायला लावणारी आहे.,Positive
इतका रटाळ चित्रपट खूप दिवसांनी पाहिला. पटकथा खूपच विस्कळीत असल्यामुळे कथा नीट समजतच नाही. पार्श्वसंगीत उगाचच मोठ्या आवाजात आणि त्रासदायक वाटतं. अपेक्षा घेऊन गेलात तर नक्कीच निराश व्हाल.,Negative
या वर्षीचा सर्वोत्तम मराठी चित्रपट असं म्हणता येईल. व्हीएफएक्स दर्जेदार असून हॉलिवूडच्या तोडीचे वाटतात. पटकथा घट्ट बांधलेली असल्यामुळे कुठेही कंटाळा येत नाही. कथेची मांडणी अशी आहे की पुढे काय होणार याची उत्सुकता कायम राहते.,Positive
सुरुवातीपासूनच चित्रपट प्रेक्षकांना पकडून ठेवतो. संवाद खूप प्रभावी असून थेट मनाला भिडतात. मराठी चित्रपटसृष्टीसाठी अभिमानास्पद कलाकृती आहे.,Positive
"मस्त सिनेमा आहे, नक्की बघा. क्लायमॅक्स इतका जबरदस्त आहे की अंगावर काटा येतो. गाण्यांचे शब्द आणि चाल दोन्ही मनाला भावतात. असे चित्रपट वारंवार यायला हवेत.",Positive
अगदीच वाईट्ट आहे गड्या हा सिनेमा. काही कलाकारांची निवडच चुकीची वाटते.,Negative
मित्रांसोबत बघितला आणि सगळ्यांनाच खूप आवडला. संवाद खूप प्रभावी असून थेट मनाला भिडतात. अॅक्शन सीन्स एकदम जबरदस्त आणि रिअलिस्टिक वाटतात. थिएटरमध्ये जाऊन नक्की एन्जॉय करा.,Positive
खूप दिवसांनी असा जबरदस्त चित्रपट पाहिला. दिग्दर्शनातली बारकाई प्रत्येक दृश्यात जाणवते. संवाद खूप प्रभावी असून थेट मनाला भिडतात. अॅक्शन सीन्स एकदम जबरदस्त आणि रिअलिस्टिक वाटतात. थिएटरमध्ये जाऊन नक्की एन्जॉय करा.,Positive
काहीच खास नव्हतं या चित्रपटात. दिग्दर्शन अगदीच कमकुवत असून प्रसंगांची मांडणी विस्कळीत आहे. अभिनेत्यांचा अभिनय अगदीच सुमार आणि कृत्रिम वाटला. पूर्णपणे टाइमपास वाया गेला असं वाटलं.,Negative
"सिनेमागृहातून बाहेर पडताना खूप वैताग आला. गाणी उगाचच घुसवल्यासारखी वाटतात, कथेशी संबंधच नाही. वेळ असेल तरी बघू नका असा सल्ला देईन.",Negative
हा चित्रपट खरंच अप्रतिम होता. क्लायमॅक्स इतका जबरदस्त आहे की अंगावर काटा येतो. कथेची मांडणी अशी आहे की पुढे काय होणार याची उत्सुकता कायम राहते. संगीत कानाला खूप गोड लागतं आणि गाणी सुद्धा सुरेख आहेत.,Positive
हा चित्रपट खरंच अप्रतिम होता. सहकलाकारांचाही अभिनय तितकाच दमदार आहे.,Positive
"अपेक्षा खूप होत्या पण चित्रपटाने साफ निराश केलं. विनोदी प्रसंग हास्यास्पद वाटतात, हसू येण्याऐवजी वैताग येतो.",Negative
एकदम टुकार सिनेमा आहे भाऊ.,Negative
"पैसे वसूल चित्रपट, अजिबात निराश करत नाही. अॅक्शन सीन्स एकदम जबरदस्त आणि रिअलिस्टिक वाटतात.",Positive
काहीच खास नव्हतं या चित्रपटात. संगीत काहीच लक्षात राहण्यासारखं नाही. काही कलाकारांची निवडच चुकीची वाटते. या चित्रपटाला दोन पैकी अर्धा स्टार सुद्धा जास्त आहे.,Negative
खरंच अशा चित्रपटांची गरज आहे मराठी सृष्टीला. अॅक्शन सीन्स एकदम जबरदस्त आणि रिअलिस्टिक वाटतात. कथा अगदी वेगळी आणि विचार करायला लावणारी आहे. असे चित्रपट वारंवार यायला हवेत.,Positive
"सिनेमा सुरु झाल्यापासूनच कंटाळा येऊ लागला. संगीत काहीच लक्षात राहण्यासारखं नाही. विनोदी प्रसंग हास्यास्पद वाटतात, हसू येण्याऐवजी वैताग येतो.",Negative
सिनेमा बघून मन अगदी प्रसन्न झालं. भावनिक प्रसंगांमध्ये डोळ्यात पाणी आल्याशिवाय राहत नाही. संवाद खूप प्रभावी असून थेट मनाला भिडतात. या चित्रपटाला पाच पैकी पाच स्टार्स.,Positive
"थिएटरमध्ये अर्ध्यातच झोप येत होती. कथेत काहीच नावीन्य नाही, सगळं आधीच पाहिलेलं वाटतं.",Negative
अशा चित्रपटांमुळे मराठी सिनेमाची बदनामी होते. छायाचित्रण अगदीच सामान्य दर्जाचं आहे.,Negative
एकदम झकास सिनेमा आहे भाऊ! दिग्दर्शकाने प्रत्येक प्रसंग अतिशय सुंदर पद्धतीने मांडला आहे.,Positive
"उगाच हाईप केलेला सिनेमा, प्रत्यक्षात काही दम नाही. पटकथा खूपच विस्कळीत असल्यामुळे कथा नीट समजतच नाही.",Negative
सिनेमागृहातून बाहेर पडताना चेहऱ्यावर हसू होतं. शेवट अगदी समाधानकारक आणि हृदयस्पर्शी झाला आहे. क्लायमॅक्स इतका जबरदस्त आहे की अंगावर काटा येतो. भावनिक प्रसंगांमध्ये डोळ्यात पाणी आल्याशिवाय राहत नाही. थिएटरमध्ये जाऊन नक्की एन्जॉय करा.,Positive
पूर्ण कुटुंबासोबत बघण्यासारखा सुंदर चित्रपट आहे. व्हीएफएक्स दर्जेदार असून हॉलिवूडच्या तोडीचे वाटतात.,Positive
पूर्ण कुटुंबासोबत बघण्यासारखा सुंदर चित्रपट आहे. पटकथा घट्ट बांधलेली असल्यामुळे कुठेही कंटाळा येत नाही. प्रत्येक कलाकाराने आपल्या भूमिकेला योग्य न्याय दिला आहे. अभिनेत्यांचा अभिनय खूपच नैसर्गिक आणि प्रभावी वाटला.,Positive
पूर्ण कुटुंबासोबत बघण्यासारखा सुंदर चित्रपट आहे. कथा अगदी वेगळी आणि विचार करायला लावणारी आहे. शेवट अगदी समाधानकारक आणि हृदयस्पर्शी झाला आहे. पुन्हा एकदा बघायला नक्कीच आवडेल.,Positive
मराठी प्रेक्षकांची निराशा करणारा चित्रपट आहे हा. पटकथा खूपच विस्कळीत असल्यामुळे कथा नीट समजतच नाही. संवाद खूपच सुमार आणि ओढून ताणून लिहिलेले वाटतात. पूर्णपणे टाइमपास वाया गेला असं वाटलं.,Negative
अगदीच वाईट्ट आहे गड्या हा सिनेमा. क्लायमॅक्स अगदीच अपेक्षित आणि सपक झाला आहे.,Negative
सिनेमागृहातून बाहेर पडताना खूप वैताग आला. क्लायमॅक्स अगदीच अपेक्षित आणि सपक झाला आहे.,Negative
"मस्त सिनेमा आहे, नक्की बघा. छायाचित्रण अप्रतिम आहे, प्रत्येक फ्रेम एखाद्या चित्रासारखी वाटते. अॅक्शन सीन्स एकदम जबरदस्त आणि रिअलिस्टिक वाटतात. असे चित्रपट वारंवार यायला हवेत.",Positive
खरंच अशा चित्रपटांची गरज आहे मराठी सृष्टीला. मुख्य कलाकारांनी आपापल्या भूमिका उत्कृष्टपणे साकारल्या आहेत.,Positive
खूप वेळाने मराठी चित्रपटसृष्टीत असा दर्जेदार सिनेमा आला. दिग्दर्शकाने प्रत्येक प्रसंग अतिशय सुंदर पद्धतीने मांडला आहे. गाण्यांचे शब्द आणि चाल दोन्ही मनाला भावतात. व्हीएफएक्स दर्जेदार असून हॉलिवूडच्या तोडीचे वाटतात. सर्वांना शिफारस करेन असा हा चित्रपट आहे.,Positive
"मस्त सिनेमा आहे, नक्की बघा. क्लायमॅक्स इतका जबरदस्त आहे की अंगावर काटा येतो. पटकथा घट्ट बांधलेली असल्यामुळे कुठेही कंटाळा येत नाही. विनोदी प्रसंग अगदी सहज आणि टाइमिंगसह मांडले आहेत.",Positive
थिएटरमध्ये जाऊन बघण्यासारखा चित्रपट आहे हा. कथेची मांडणी अशी आहे की पुढे काय होणार याची उत्सुकता कायम राहते. भावनिक प्रसंगांमध्ये डोळ्यात पाणी आल्याशिवाय राहत नाही. पटकथा घट्ट बांधलेली असल्यामुळे कुठेही कंटाळा येत नाही. मराठी चित्रपटसृष्टीसाठी अभिमानास्पद कलाकृती आहे.,Positive
खूप वेळाने मराठी चित्रपटसृष्टीत असा दर्जेदार सिनेमा आला. सहकलाकारांचाही अभिनय तितकाच दमदार आहे. गाण्यांचे शब्द आणि चाल दोन्ही मनाला भावतात. पुन्हा एकदा बघायला नक्कीच आवडेल.,Positive
"सिनेमा सुरु झाल्यापासूनच कंटाळा येऊ लागला. छायाचित्रण अगदीच सामान्य दर्जाचं आहे. सहकलाकारांचा अभिनयही अगदीच सामान्य आहे. कथेत काहीच नावीन्य नाही, सगळं आधीच पाहिलेलं वाटतं.",Negative
"सिनेमा सुरुवातीपासून शेवटपर्यंत खिळवून ठेवतो. क्लायमॅक्स इतका जबरदस्त आहे की अंगावर काटा येतो. छायाचित्रण अप्रतिम आहे, प्रत्येक फ्रेम एखाद्या चित्रासारखी वाटते. दिग्दर्शकाने प्रत्येक प्रसंग अतिशय सुंदर पद्धतीने मांडला आहे. थिएटरमध्ये जाऊन नक्की एन्जॉय करा.",Positive
सिनेमागृहातून बाहेर पडताना खूप वैताग आला. क्लायमॅक्स अगदीच अपेक्षित आणि सपक झाला आहे. भावनिक प्रसंगांमध्ये सुद्धा काहीच परिणाम जाणवत नाही. पूर्णपणे टाइमपास वाया गेला असं वाटलं.,Negative
"एकदम फाडू आहे यार सिनेमा. छायाचित्रण अप्रतिम आहे, प्रत्येक फ्रेम एखाद्या चित्रासारखी वाटते.",Positive
सिनेमा बघून मन अगदी प्रसन्न झालं. संवाद खूप प्रभावी असून थेट मनाला भिडतात. कथेची मांडणी अशी आहे की पुढे काय होणार याची उत्सुकता कायम राहते.,Positive
पूर्ण चित्रपटभर काहीच लॉजिक सापडलं नाही. संगीत काहीच लक्षात राहण्यासारखं नाही. क्लायमॅक्स अगदीच अपेक्षित आणि सपक झाला आहे. पूर्णपणे टाइमपास वाया गेला असं वाटलं.,Negative
"मस्त सिनेमा आहे, नक्की बघा. अभिनेत्यांचा अभिनय खूपच नैसर्गिक आणि प्रभावी वाटला.",Positive
सिनेमागृहातून बाहेर पडताना खूप वैताग आला. दिग्दर्शन अगदीच कमकुवत असून प्रसंगांची मांडणी विस्कळीत आहे. अॅक्शन सीन्स अगदीच बनावट आणि कंटाळवाणे वाटतात. थिएटरमध्ये पैसे खर्च करण्याआधी नक्की विचार करा.,Negative
थिएटरमध्ये अर्ध्यातच झोप येत होती. छायाचित्रण अगदीच सामान्य दर्जाचं आहे. पटकथा खूपच विस्कळीत असल्यामुळे कथा नीट समजतच नाही. सहकलाकारांचा अभिनयही अगदीच सामान्य आहे. या चित्रपटाला दोन पैकी अर्धा स्टार सुद्धा जास्त आहे.,Negative
सुरुवातीपासूनच चित्रपट प्रेक्षकांना पकडून ठेवतो. विनोदी प्रसंग अगदी सहज आणि टाइमिंगसह मांडले आहेत.,Positive
अगदीच वाईट्ट आहे गड्या हा सिनेमा. दिग्दर्शकाला नेमकं काय दाखवायचं आहे हेच कळत नाही.,Negative
सिनेमागृहातून बाहेर पडताना खूप वैताग आला. काही कलाकारांची निवडच चुकीची वाटते. थिएटरमध्ये पैसे खर्च करण्याआधी नक्की विचार करा.,Negative
हा चित्रपट खरंच अप्रतिम होता. प्रत्येक कलाकाराने आपल्या भूमिकेला योग्य न्याय दिला आहे. विनोदी प्रसंग अगदी सहज आणि टाइमिंगसह मांडले आहेत.,Positive
हा चित्रपट खरंच अप्रतिम होता. दिग्दर्शकाने प्रत्येक प्रसंग अतिशय सुंदर पद्धतीने मांडला आहे. पुन्हा एकदा बघायला नक्कीच आवडेल.,Positive
"एकदम भारी चित्रपट, अपेक्षेपेक्षा जास्त आवडला. भावनिक प्रसंगांमध्ये डोळ्यात पाणी आल्याशिवाय राहत नाही. पुन्हा एकदा बघायला नक्कीच आवडेल.",Positive
खूप वेळाने मराठी चित्रपटसृष्टीत असा दर्जेदार सिनेमा आला. संवाद खूप प्रभावी असून थेट मनाला भिडतात. व्हीएफएक्स दर्जेदार असून हॉलिवूडच्या तोडीचे वाटतात.,Positive
अगदीच वाईट्ट आहे गड्या हा सिनेमा. सहकलाकारांचा अभिनयही अगदीच सामान्य आहे.,Negative
थिएटरमध्ये जाऊन बघण्यासारखा चित्रपट आहे हा. संगीत कानाला खूप गोड लागतं आणि गाणी सुद्धा सुरेख आहेत. दिग्दर्शकाने प्रत्येक प्रसंग अतिशय सुंदर पद्धतीने मांडला आहे. पटकथा घट्ट बांधलेली असल्यामुळे कुठेही कंटाळा येत नाही. असे चित्रपट वारंवार यायला हवेत.,Positive
"धमाल आहे एकदम, मजा आली. भावनिक प्रसंगांमध्ये डोळ्यात पाणी आल्याशिवाय राहत नाही.",Positive
"अशा चित्रपटांमुळे मराठी सिनेमाची बदनामी होते. विनोदी प्रसंग हास्यास्पद वाटतात, हसू येण्याऐवजी वैताग येतो. सहकलाकारांचा अभिनयही अगदीच सामान्य आहे.",Negative
इतका रटाळ चित्रपट खूप दिवसांनी पाहिला. क्लायमॅक्स अगदीच अपेक्षित आणि सपक झाला आहे.,Negative
मित्रांसोबत बघितला आणि सगळ्यांनाच खूप आवडला. अभिनेत्यांचा अभिनय खूपच नैसर्गिक आणि प्रभावी वाटला. सहकलाकारांचाही अभिनय तितकाच दमदार आहे. मराठी चित्रपटसृष्टीसाठी अभिमानास्पद कलाकृती आहे.,Positive
अगदीच वाईट्ट आहे गड्या हा सिनेमा.,Negative
लय भारी सिनेमा हाय गड्या. सहकलाकारांचाही अभिनय तितकाच दमदार आहे.,Positive
थिएटरमध्ये जाऊन बघण्यासारखा चित्रपट आहे हा. गाण्यांचे शब्द आणि चाल दोन्ही मनाला भावतात. पार्श्वसंगीत प्रसंगांची तीव्रता अजून वाढवतं. सहकलाकारांचाही अभिनय तितकाच दमदार आहे. या चित्रपटाला पाच पैकी पाच स्टार्स.,Positive
हा चित्रपट खरंच अप्रतिम होता. मुख्य कलाकारांनी आपापल्या भूमिका उत्कृष्टपणे साकारल्या आहेत. सहकलाकारांचाही अभिनय तितकाच दमदार आहे. दिग्दर्शकाने प्रत्येक प्रसंग अतिशय सुंदर पद्धतीने मांडला आहे. मराठी चित्रपटसृष्टीसाठी अभिमानास्पद कलाकृती आहे.,Positive
"सुरुवातीपासूनच चित्रपट प्रेक्षकांना पकडून ठेवतो. शेवट अगदी समाधानकारक आणि हृदयस्पर्शी झाला आहे. छायाचित्रण अप्रतिम आहे, प्रत्येक फ्रेम एखाद्या चित्रासारखी वाटते. सर्वांना शिफारस करेन असा हा चित्रपट आहे.",Positive
सुंदर दिग्दर्शन आणि तितकंच सुंदर संगीत.,Positive
"हा चित्रपट अजिबात बघण्यासारखा नाही. अॅक्शन सीन्स अगदीच बनावट आणि कंटाळवाणे वाटतात. गाणी उगाचच घुसवल्यासारखी वाटतात, कथेशी संबंधच नाही. अपेक्षा घेऊन गेलात तर नक्कीच निराश व्हाल.",Negative
या वर्षीचा सर्वोत्तम मराठी चित्रपट असं म्हणता येईल. व्हीएफएक्स दर्जेदार असून हॉलिवूडच्या तोडीचे वाटतात.,Positive
इतका रटाळ चित्रपट खूप दिवसांनी पाहिला. दिग्दर्शन अगदीच कमकुवत असून प्रसंगांची मांडणी विस्कळीत आहे. क्लायमॅक्स अगदीच अपेक्षित आणि सपक झाला आहे. थिएटरमध्ये पैसे खर्च करण्याआधी नक्की विचार करा.,Negative
"उगाच हाईप केलेला सिनेमा, प्रत्यक्षात काही दम नाही. सहकलाकारांचा अभिनयही अगदीच सामान्य आहे.",Negative
"क्लासच आहे राव, बघाच एकदा. भावनिक प्रसंगांमध्ये डोळ्यात पाणी आल्याशिवाय राहत नाही.",Positive
हा चित्रपट खरंच अप्रतिम होता. अॅक्शन सीन्स एकदम जबरदस्त आणि रिअलिस्टिक वाटतात. दिग्दर्शनातली बारकाई प्रत्येक दृश्यात जाणवते.,Positive
थिएटरमध्ये जाऊन बघण्यासारखा चित्रपट आहे हा. शेवट अगदी समाधानकारक आणि हृदयस्पर्शी झाला आहे. एकदा तरी नक्की बघावा असा हा चित्रपट आहे.,Positive
पैसे वाया गेले असं वाटलं सिनेमा बघून. अभिनेत्यांचा अभिनय अगदीच सुमार आणि कृत्रिम वाटला. OTT वर आला तरी बघावासा वाटत नाही.,Negative
"सिनेमा सुरु झाल्यापासूनच कंटाळा येऊ लागला. गाणी उगाचच घुसवल्यासारखी वाटतात, कथेशी संबंधच नाही. छायाचित्रण अगदीच सामान्य दर्जाचं आहे. वेळ असेल तरी बघू नका असा सल्ला देईन.",Negative
पूर्ण कुटुंबासोबत बघण्यासारखा सुंदर चित्रपट आहे. विनोदी प्रसंग अगदी सहज आणि टाइमिंगसह मांडले आहेत. दिग्दर्शनातली बारकाई प्रत्येक दृश्यात जाणवते. मुख्य कलाकारांनी आपापल्या भूमिका उत्कृष्टपणे साकारल्या आहेत. मराठी चित्रपटसृष्टीसाठी अभिमानास्पद कलाकृती आहे.,Positive
सिनेमा सुरु झाल्यापासूनच कंटाळा येऊ लागला. पार्श्वसंगीत उगाचच मोठ्या आवाजात आणि त्रासदायक वाटतं. मराठी सिनेमाच्या नावाला कमीपणा आणणारा चित्रपट आहे.,Negative
पूर्ण कुटुंबासोबत बघण्यासारखा सुंदर चित्रपट आहे. व्हीएफएक्स दर्जेदार असून हॉलिवूडच्या तोडीचे वाटतात. दिग्दर्शनातली बारकाई प्रत्येक दृश्यात जाणवते. कुटुंबासोबत थिएटरमध्ये जाऊन बघण्यासारखा सिनेमा आहे.,Positive
सुरुवातीपासूनच चित्रपट प्रेक्षकांना पकडून ठेवतो. पार्श्वसंगीत प्रसंगांची तीव्रता अजून वाढवतं. संगीत कानाला खूप गोड लागतं आणि गाणी सुद्धा सुरेख आहेत. सर्वांना शिफारस करेन असा हा चित्रपट आहे.,Positive
"थिएटरमध्ये अर्ध्यातच झोप येत होती. दिग्दर्शन अगदीच कमकुवत असून प्रसंगांची मांडणी विस्कळीत आहे. गाणी उगाचच घुसवल्यासारखी वाटतात, कथेशी संबंधच नाही. पटकथा खूपच विस्कळीत असल्यामुळे कथा नीट समजतच नाही. वेळ असेल तरी बघू नका असा सल्ला देईन.",Negative
पूर्ण चित्रपटभर काहीच लॉजिक सापडलं नाही. मुख्य कलाकारांच्या भूमिकेत जीव ओतलेला जाणवलाच नाही.,Negative
एकदम झकास सिनेमा आहे भाऊ! प्रत्येक कलाकाराने आपल्या भूमिकेला योग्य न्याय दिला आहे.,Positive
"सिनेमागृहातून बाहेर पडताना खूप वैताग आला. विनोदी प्रसंग हास्यास्पद वाटतात, हसू येण्याऐवजी वैताग येतो. अभिनेत्यांचा अभिनय अगदीच सुमार आणि कृत्रिम वाटला. थिएटरमध्ये पैसे खर्च करण्याआधी नक्की विचार करा.",Negative
"मस्त सिनेमा आहे, नक्की बघा. छायाचित्रण अप्रतिम आहे, प्रत्येक फ्रेम एखाद्या चित्रासारखी वाटते.",Positive
सिनेमा सुरुवातीपासून शेवटपर्यंत खिळवून ठेवतो. भावनिक प्रसंगांमध्ये डोळ्यात पाणी आल्याशिवाय राहत नाही. कथेची मांडणी अशी आहे की पुढे काय होणार याची उत्सुकता कायम राहते. एकदा तरी नक्की बघावा असा हा चित्रपट आहे.,Positive
सिनेमा सुरु झाल्यापासूनच कंटाळा येऊ लागला. संगीत काहीच लक्षात राहण्यासारखं नाही. अभिनेत्यांचा अभिनय अगदीच सुमार आणि कृत्रिम वाटला. पूर्णपणे टाइमपास वाया गेला असं वाटलं.,Negative
हा चित्रपट खरंच अप्रतिम होता. अभिनेत्यांचा अभिनय खूपच नैसर्गिक आणि प्रभावी वाटला. कथा अगदी वेगळी आणि विचार करायला लावणारी आहे. क्लायमॅक्स इतका जबरदस्त आहे की अंगावर काटा येतो. एकदा तरी नक्की बघावा असा हा चित्रपट आहे.,Positive
"थिएटरमध्ये जाऊन बघण्यासारखा चित्रपट आहे हा. छायाचित्रण अप्रतिम आहे, प्रत्येक फ्रेम एखाद्या चित्रासारखी वाटते.",Positive
थिएटरमध्ये जाऊन बघण्यासारखा चित्रपट आहे हा. व्हीएफएक्स दर्जेदार असून हॉलिवूडच्या तोडीचे वाटतात. भावनिक प्रसंगांमध्ये डोळ्यात पाणी आल्याशिवाय राहत नाही. कुटुंबासोबत थिएटरमध्ये जाऊन बघण्यासारखा सिनेमा आहे.,Positive
मराठी प्रेक्षकांची निराशा करणारा चित्रपट आहे हा. शेवट इतका घाईघाईत गुंडाळलेला आहे की निराशा होते. संवाद खूपच सुमार आणि ओढून ताणून लिहिलेले वाटतात. मराठी सिनेमाच्या नावाला कमीपणा आणणारा चित्रपट आहे.,Negative
"हा चित्रपट अजिबात बघण्यासारखा नाही. पार्श्वसंगीत उगाचच मोठ्या आवाजात आणि त्रासदायक वाटतं. गाणी उगाचच घुसवल्यासारखी वाटतात, कथेशी संबंधच नाही.",Negative
इतका रटाळ चित्रपट खूप दिवसांनी पाहिला. पार्श्वसंगीत उगाचच मोठ्या आवाजात आणि त्रासदायक वाटतं.,Negative
पैसे वाया गेले असं वाटलं सिनेमा बघून. संगीत काहीच लक्षात राहण्यासारखं नाही.,Negative
अपेक्षा खूप होत्या पण चित्रपटाने साफ निराश केलं. दिग्दर्शन अगदीच कमकुवत असून प्रसंगांची मांडणी विस्कळीत आहे.,Negative
थिएटरमध्ये जाऊन बघण्यासारखा चित्रपट आहे हा. दिग्दर्शनातली बारकाई प्रत्येक दृश्यात जाणवते. सर्वांना शिफारस करेन असा हा चित्रपट आहे.,Positive
खूप वेळाने मराठी चित्रपटसृष्टीत असा दर्जेदार सिनेमा आला. व्हीएफएक्स दर्जेदार असून हॉलिवूडच्या तोडीचे वाटतात.,Positive
काहीच खास नव्हतं या चित्रपटात. भावनिक प्रसंगांमध्ये सुद्धा काहीच परिणाम जाणवत नाही. मुख्य कलाकारांच्या भूमिकेत जीव ओतलेला जाणवलाच नाही. मराठी सिनेमाच्या नावाला कमीपणा आणणारा चित्रपट आहे.,Negative
"मस्त सिनेमा आहे, नक्की बघा. संगीत कानाला खूप गोड लागतं आणि गाणी सुद्धा सुरेख आहेत.",Positive
सिनेमा सुरु झाल्यापासूनच कंटाळा येऊ लागला. कथेत इतके लॉजिकल गॅप्स आहेत की डोकं दुखायला लागतं. दिग्दर्शन अगदीच कमकुवत असून प्रसंगांची मांडणी विस्कळीत आहे. या चित्रपटाला दोन पैकी अर्धा स्टार सुद्धा जास्त आहे.,Negative
पूर्ण कुटुंबासोबत बघण्यासारखा सुंदर चित्रपट आहे. दिग्दर्शकाने प्रत्येक प्रसंग अतिशय सुंदर पद्धतीने मांडला आहे. थिएटरमध्ये जाऊन नक्की एन्जॉय करा.,Positive
"वेळेचा आणि पैशांचा पूर्ण अपव्यय झाला. गाणी उगाचच घुसवल्यासारखी वाटतात, कथेशी संबंधच नाही. संवाद खूपच सुमार आणि ओढून ताणून लिहिलेले वाटतात. थिएटरमध्ये पैसे खर्च करण्याआधी नक्की विचार करा.",Negative
काहीच खास नव्हतं या चित्रपटात. दिग्दर्शन अगदीच कमकुवत असून प्रसंगांची मांडणी विस्कळीत आहे. पूर्णपणे टाइमपास वाया गेला असं वाटलं.,Negative
सिनेमा सुरुवातीपासून शेवटपर्यंत खिळवून ठेवतो. दिग्दर्शकाने प्रत्येक प्रसंग अतिशय सुंदर पद्धतीने मांडला आहे. एकदा तरी नक्की बघावा असा हा चित्रपट आहे.,Positive
मराठी प्रेक्षकांची निराशा करणारा चित्रपट आहे हा. भावनिक प्रसंगांमध्ये सुद्धा काहीच परिणाम जाणवत नाही.,Negative
"मित्रांच्या सांगण्यावरून गेलो पण खूप पश्चाताप झाला. विनोदी प्रसंग हास्यास्पद वाटतात, हसू येण्याऐवजी वैताग येतो. मराठी सिनेमाच्या नावाला कमीपणा आणणारा चित्रपट आहे.",Negative
खूप वेळाने मराठी चित्रपटसृष्टीत असा दर्जेदार सिनेमा आला. दिग्दर्शनातली बारकाई प्रत्येक दृश्यात जाणवते. असे चित्रपट वारंवार यायला हवेत.,Positive
"मराठी प्रेक्षकांची निराशा करणारा चित्रपट आहे हा. गाणी उगाचच घुसवल्यासारखी वाटतात, कथेशी संबंधच नाही. काही कलाकारांची निवडच चुकीची वाटते.",Negative
"काहीच खास नव्हतं या चित्रपटात. पटकथा खूपच विस्कळीत असल्यामुळे कथा नीट समजतच नाही. गाणी उगाचच घुसवल्यासारखी वाटतात, कथेशी संबंधच नाही.",Negative
अपेक्षा खूप होत्या पण चित्रपटाने साफ निराश केलं. सहकलाकारांचा अभिनयही अगदीच सामान्य आहे.,Negative
थिएटरमध्ये अर्ध्यातच झोप येत होती. संवाद खूपच सुमार आणि ओढून ताणून लिहिलेले वाटतात. थिएटरमध्ये पैसे खर्च करण्याआधी नक्की विचार करा.,Negative
थिएटरमध्ये जाऊन बघण्यासारखा चित्रपट आहे हा. कथा अगदी वेगळी आणि विचार करायला लावणारी आहे.,Positive
मित्रांसोबत बघितला आणि सगळ्यांनाच खूप आवडला. भावनिक प्रसंगांमध्ये डोळ्यात पाणी आल्याशिवाय राहत नाही. एकदा तरी नक्की बघावा असा हा चित्रपट आहे.,Positive
एवढा भिकार सिनेमा अलीकडे बघितला नव्हता. शेवट इतका घाईघाईत गुंडाळलेला आहे की निराशा होते. व्हीएफएक्स इतके स्वस्त वाटतात की हसू येतं. मराठी सिनेमाच्या नावाला कमीपणा आणणारा चित्रपट आहे.,Negative
एवढा भिकार सिनेमा अलीकडे बघितला नव्हता. दिग्दर्शकाला नेमकं काय दाखवायचं आहे हेच कळत नाही. या चित्रपटाला दोन पैकी अर्धा स्टार सुद्धा जास्त आहे.,Negative
"अपेक्षा खूप होत्या पण चित्रपटाने साफ निराश केलं. कथेत काहीच नावीन्य नाही, सगळं आधीच पाहिलेलं वाटतं.",Negative
खूप दिवसांनी असा जबरदस्त चित्रपट पाहिला. व्हीएफएक्स दर्जेदार असून हॉलिवूडच्या तोडीचे वाटतात.,Positive
खूप दिवसांनी असा जबरदस्त चित्रपट पाहिला. संगीत कानाला खूप गोड लागतं आणि गाणी सुद्धा सुरेख आहेत. गाण्यांचे शब्द आणि चाल दोन्ही मनाला भावतात. पुन्हा एकदा बघायला नक्कीच आवडेल.,Positive
"एकदम भारी चित्रपट, अपेक्षेपेक्षा जास्त आवडला. भावनिक प्रसंगांमध्ये डोळ्यात पाणी आल्याशिवाय राहत नाही. थिएटरमध्ये जाऊन नक्की एन्जॉय करा.",Positive
हा चित्रपट अजिबात बघण्यासारखा नाही. संवाद खूपच सुमार आणि ओढून ताणून लिहिलेले वाटतात. अभिनेत्यांचा अभिनय अगदीच सुमार आणि कृत्रिम वाटला.,Negative
हा चित्रपट खरंच अप्रतिम होता. व्हीएफएक्स दर्जेदार असून हॉलिवूडच्या तोडीचे वाटतात. एकदा तरी नक्की बघावा असा हा चित्रपट आहे.,Positive
"फालतू टाइमपास, अजिबात आवडला नाही.",Negative
वेळेचा आणि पैशांचा पूर्ण अपव्यय झाला. मुख्य कलाकारांच्या भूमिकेत जीव ओतलेला जाणवलाच नाही. अपेक्षा घेऊन गेलात तर नक्कीच निराश व्हाल.,Negative
एवढा भिकार सिनेमा अलीकडे बघितला नव्हता. मुख्य कलाकारांच्या भूमिकेत जीव ओतलेला जाणवलाच नाही. दिग्दर्शन अगदीच कमकुवत असून प्रसंगांची मांडणी विस्कळीत आहे. सहकलाकारांचा अभिनयही अगदीच सामान्य आहे. मराठी सिनेमाच्या नावाला कमीपणा आणणारा चित्रपट आहे.,Negative
फुकट गेला वेळ यार पूर्ण. संवाद खूपच सुमार आणि ओढून ताणून लिहिलेले वाटतात.,Negative
मित्रांच्या सांगण्यावरून गेलो पण खूप पश्चाताप झाला. काही कलाकारांची निवडच चुकीची वाटते. संवाद खूपच सुमार आणि ओढून ताणून लिहिलेले वाटतात. या चित्रपटाला दोन पैकी अर्धा स्टार सुद्धा जास्त आहे.,Negative
"सिनेमागृहातून बाहेर पडताना खूप वैताग आला. विनोदी प्रसंग हास्यास्पद वाटतात, हसू येण्याऐवजी वैताग येतो. पूर्णपणे टाइमपास वाया गेला असं वाटलं.",Negative
सिनेमा सुरु झाल्यापासूनच कंटाळा येऊ लागला. अभिनेत्यांचा अभिनय अगदीच सुमार आणि कृत्रिम वाटला. OTT वर आला तरी बघावासा वाटत नाही.,Negative
फुकट गेला वेळ यार पूर्ण.,Negative
पैसे वाया गेले असं वाटलं सिनेमा बघून. अभिनेत्यांचा अभिनय अगदीच सुमार आणि कृत्रिम वाटला. पार्श्वसंगीत उगाचच मोठ्या आवाजात आणि त्रासदायक वाटतं.,Negative
"सिनेमागृहातून बाहेर पडताना खूप वैताग आला. संवाद खूपच सुमार आणि ओढून ताणून लिहिलेले वाटतात. विनोदी प्रसंग हास्यास्पद वाटतात, हसू येण्याऐवजी वैताग येतो. मराठी सिनेमाच्या नावाला कमीपणा आणणारा चित्रपट आहे.",Negative
खूप दिवसांनी असा जबरदस्त चित्रपट पाहिला. दिग्दर्शनातली बारकाई प्रत्येक दृश्यात जाणवते. विनोदी प्रसंग अगदी सहज आणि टाइमिंगसह मांडले आहेत.,Positive
"मस्त सिनेमा आहे, नक्की बघा. अॅक्शन सीन्स एकदम जबरदस्त आणि रिअलिस्टिक वाटतात. अभिनेत्यांचा अभिनय खूपच नैसर्गिक आणि प्रभावी वाटला.",Positive
"सिनेमागृहातून बाहेर पडताना खूप वैताग आला. विनोदी प्रसंग हास्यास्पद वाटतात, हसू येण्याऐवजी वैताग येतो. दिग्दर्शकाला नेमकं काय दाखवायचं आहे हेच कळत नाही. मराठी सिनेमाच्या नावाला कमीपणा आणणारा चित्रपट आहे.",Negative
मराठी प्रेक्षकांची निराशा करणारा चित्रपट आहे हा. छायाचित्रण अगदीच सामान्य दर्जाचं आहे. संगीत काहीच लक्षात राहण्यासारखं नाही. अपेक्षा घेऊन गेलात तर नक्कीच निराश व्हाल.,Negative
मित्रांच्या सांगण्यावरून गेलो पण खूप पश्चाताप झाला. दिग्दर्शन अगदीच कमकुवत असून प्रसंगांची मांडणी विस्कळीत आहे. भावनिक प्रसंगांमध्ये सुद्धा काहीच परिणाम जाणवत नाही. थिएटरमध्ये पैसे खर्च करण्याआधी नक्की विचार करा.,Negative
पूर्ण कुटुंबासोबत बघण्यासारखा सुंदर चित्रपट आहे. अॅक्शन सीन्स एकदम जबरदस्त आणि रिअलिस्टिक वाटतात. दिग्दर्शनातली बारकाई प्रत्येक दृश्यात जाणवते. कथा अगदी वेगळी आणि विचार करायला लावणारी आहे. पुन्हा एकदा बघायला नक्कीच आवडेल.,Positive
"पूर्ण चित्रपटभर काहीच लॉजिक सापडलं नाही. विनोदी प्रसंग हास्यास्पद वाटतात, हसू येण्याऐवजी वैताग येतो. अॅक्शन सीन्स अगदीच बनावट आणि कंटाळवाणे वाटतात. भावनिक प्रसंगांमध्ये सुद्धा काहीच परिणाम जाणवत नाही. पूर्णपणे टाइमपास वाया गेला असं वाटलं.",Negative
हा चित्रपट अजिबात बघण्यासारखा नाही. दिग्दर्शकाला नेमकं काय दाखवायचं आहे हेच कळत नाही. पुन्हा असा चित्रपट बघण्याची इच्छा नाही.,Negative
"पैसे वाया गेले असं वाटलं सिनेमा बघून. संगीत काहीच लक्षात राहण्यासारखं नाही. गाणी उगाचच घुसवल्यासारखी वाटतात, कथेशी संबंधच नाही. शेवट इतका घाईघाईत गुंडाळलेला आहे की निराशा होते. वेळ असेल तरी बघू नका असा सल्ला देईन.",Negative
काहीच खास नव्हतं या चित्रपटात. काही कलाकारांची निवडच चुकीची वाटते. संगीत काहीच लक्षात राहण्यासारखं नाही. पार्श्वसंगीत उगाचच मोठ्या आवाजात आणि त्रासदायक वाटतं. पूर्णपणे टाइमपास वाया गेला असं वाटलं.,Negative
"एकदम टुकार सिनेमा आहे भाऊ. गाणी उगाचच घुसवल्यासारखी वाटतात, कथेशी संबंधच नाही.",Negative
सिनेमागृहातून बाहेर पडताना खूप वैताग आला. पटकथा खूपच विस्कळीत असल्यामुळे कथा नीट समजतच नाही. पूर्णपणे टाइमपास वाया गेला असं वाटलं.,Negative
"मस्त सिनेमा आहे, नक्की बघा. मुख्य कलाकारांनी आपापल्या भूमिका उत्कृष्टपणे साकारल्या आहेत. व्हीएफएक्स दर्जेदार असून हॉलिवूडच्या तोडीचे वाटतात. मराठी चित्रपटसृष्टीसाठी अभिमानास्पद कलाकृती आहे.",Positive
"अपेक्षा खूप होत्या पण चित्रपटाने साफ निराश केलं. गाणी उगाचच घुसवल्यासारखी वाटतात, कथेशी संबंधच नाही.",Negative
पैसे वाया गेले असं वाटलं सिनेमा बघून. दिग्दर्शकाला नेमकं काय दाखवायचं आहे हेच कळत नाही. संवाद खूपच सुमार आणि ओढून ताणून लिहिलेले वाटतात.,Negative
सुरुवातीपासूनच चित्रपट प्रेक्षकांना पकडून ठेवतो. पटकथा घट्ट बांधलेली असल्यामुळे कुठेही कंटाळा येत नाही. क्लायमॅक्स इतका जबरदस्त आहे की अंगावर काटा येतो. पुन्हा एकदा बघायला नक्कीच आवडेल.,Positive
मित्रांसोबत बघितला आणि सगळ्यांनाच खूप आवडला. व्हीएफएक्स दर्जेदार असून हॉलिवूडच्या तोडीचे वाटतात. संगीत कानाला खूप गोड लागतं आणि गाणी सुद्धा सुरेख आहेत.,Positive
खरंच अशा चित्रपटांची गरज आहे मराठी सृष्टीला. शेवट अगदी समाधानकारक आणि हृदयस्पर्शी झाला आहे. गाण्यांचे शब्द आणि चाल दोन्ही मनाला भावतात. क्लायमॅक्स इतका जबरदस्त आहे की अंगावर काटा येतो.,Positive
पैसे वाया गेले असं वाटलं सिनेमा बघून. सहकलाकारांचा अभिनयही अगदीच सामान्य आहे. पार्श्वसंगीत उगाचच मोठ्या आवाजात आणि त्रासदायक वाटतं. क्लायमॅक्स अगदीच अपेक्षित आणि सपक झाला आहे.,Negative
"सिनेमागृहातून बाहेर पडताना चेहऱ्यावर हसू होतं. विनोदी प्रसंग अगदी सहज आणि टाइमिंगसह मांडले आहेत. छायाचित्रण अप्रतिम आहे, प्रत्येक फ्रेम एखाद्या चित्रासारखी वाटते. एकदा तरी नक्की बघावा असा हा चित्रपट आहे.",Positive
"सुरुवातीपासूनच चित्रपट प्रेक्षकांना पकडून ठेवतो. छायाचित्रण अप्रतिम आहे, प्रत्येक फ्रेम एखाद्या चित्रासारखी वाटते. पुन्हा एकदा बघायला नक्कीच आवडेल.",Positive
काहीच खास नव्हतं या चित्रपटात. पटकथा खूपच विस्कळीत असल्यामुळे कथा नीट समजतच नाही. पुन्हा असा चित्रपट बघण्याची इच्छा नाही.,Negative
मित्रांच्या सांगण्यावरून गेलो पण खूप पश्चाताप झाला. काही कलाकारांची निवडच चुकीची वाटते. थिएटरमध्ये पैसे खर्च करण्याआधी नक्की विचार करा.,Negative
"धमाल आहे एकदम, मजा आली. पार्श्वसंगीत प्रसंगांची तीव्रता अजून वाढवतं.",Positive
"सिनेमा बघून मन अगदी प्रसन्न झालं. छायाचित्रण अप्रतिम आहे, प्रत्येक फ्रेम एखाद्या चित्रासारखी वाटते. व्हीएफएक्स दर्जेदार असून हॉलिवूडच्या तोडीचे वाटतात. सहकलाकारांचाही अभिनय तितकाच दमदार आहे. या चित्रपटाला पाच पैकी पाच स्टार्स.",Positive
सिनेमागृहातून बाहेर पडताना चेहऱ्यावर हसू होतं. मुख्य कलाकारांनी आपापल्या भूमिका उत्कृष्टपणे साकारल्या आहेत.,Positive
काहीच दम नाही राव यात.,Negative
मित्रांसोबत बघितला आणि सगळ्यांनाच खूप आवडला. अभिनेत्यांचा अभिनय खूपच नैसर्गिक आणि प्रभावी वाटला. गाण्यांचे शब्द आणि चाल दोन्ही मनाला भावतात. शेवट अगदी समाधानकारक आणि हृदयस्पर्शी झाला आहे.,Positive
पूर्ण कुटुंबासोबत बघण्यासारखा सुंदर चित्रपट आहे. व्हीएफएक्स दर्जेदार असून हॉलिवूडच्या तोडीचे वाटतात. सहकलाकारांचाही अभिनय तितकाच दमदार आहे.,Positive
एवढा भिकार सिनेमा अलीकडे बघितला नव्हता. छायाचित्रण अगदीच सामान्य दर्जाचं आहे. संगीत काहीच लक्षात राहण्यासारखं नाही.,Negative
अशा चित्रपटांमुळे मराठी सिनेमाची बदनामी होते. दिग्दर्शन अगदीच कमकुवत असून प्रसंगांची मांडणी विस्कळीत आहे. संगीत काहीच लक्षात राहण्यासारखं नाही. थिएटरमध्ये पैसे खर्च करण्याआधी नक्की विचार करा.,Negative
इतका रटाळ चित्रपट खूप दिवसांनी पाहिला. कथेत इतके लॉजिकल गॅप्स आहेत की डोकं दुखायला लागतं.,Negative
सिनेमा बघून मन अगदी प्रसन्न झालं. विनोदी प्रसंग अगदी सहज आणि टाइमिंगसह मांडले आहेत. एकदा तरी नक्की बघावा असा हा चित्रपट आहे.,Positive
सुरुवातीपासूनच चित्रपट प्रेक्षकांना पकडून ठेवतो. कथा अगदी वेगळी आणि विचार करायला लावणारी आहे. सर्वांना शिफारस करेन असा हा चित्रपट आहे.,Positive
थिएटरमध्ये जाऊन बघण्यासारखा चित्रपट आहे हा. संवाद खूप प्रभावी असून थेट मनाला भिडतात. विनोदी प्रसंग अगदी सहज आणि टाइमिंगसह मांडले आहेत.,Positive
"पूर्ण कुटुंबासोबत बघण्यासारखा सुंदर चित्रपट आहे. संवाद खूप प्रभावी असून थेट मनाला भिडतात. पार्श्वसंगीत प्रसंगांची तीव्रता अजून वाढवतं. छायाचित्रण अप्रतिम आहे, प्रत्येक फ्रेम एखाद्या चित्रासारखी वाटते. कुटुंबासोबत थिएटरमध्ये जाऊन बघण्यासारखा सिनेमा आहे.",Positive
अपेक्षाभंग करणारा सिनेमा आहे हा.,Negative
मराठी प्रेक्षकांची निराशा करणारा चित्रपट आहे हा. काही कलाकारांची निवडच चुकीची वाटते. पूर्णपणे टाइमपास वाया गेला असं वाटलं.,Negative
सिनेमा बघून मन अगदी प्रसन्न झालं. विनोदी प्रसंग अगदी सहज आणि टाइमिंगसह मांडले आहेत.,Positive
"उगाच हाईप केलेला सिनेमा, प्रत्यक्षात काही दम नाही. भावनिक प्रसंगांमध्ये सुद्धा काहीच परिणाम जाणवत नाही. पूर्णपणे टाइमपास वाया गेला असं वाटलं.",Negative
"पूर्ण चित्रपटभर काहीच लॉजिक सापडलं नाही. गाणी उगाचच घुसवल्यासारखी वाटतात, कथेशी संबंधच नाही. कथेत काहीच नावीन्य नाही, सगळं आधीच पाहिलेलं वाटतं. मराठी सिनेमाच्या नावाला कमीपणा आणणारा चित्रपट आहे.",Negative
"पैसे वसूल चित्रपट, अजिबात निराश करत नाही. संवाद खूप प्रभावी असून थेट मनाला भिडतात. पुन्हा एकदा बघायला नक्कीच आवडेल.",Positive
मित्रांच्या सांगण्यावरून गेलो पण खूप पश्चाताप झाला. काही कलाकारांची निवडच चुकीची वाटते. सहकलाकारांचा अभिनयही अगदीच सामान्य आहे. OTT वर आला तरी बघावासा वाटत नाही.,Negative
पैसे वाया गेले असं वाटलं सिनेमा बघून. पार्श्वसंगीत उगाचच मोठ्या आवाजात आणि त्रासदायक वाटतं. दिग्दर्शकाला नेमकं काय दाखवायचं आहे हेच कळत नाही. अपेक्षा घेऊन गेलात तर नक्कीच निराश व्हाल.,Negative
पैसे वाया गेले असं वाटलं सिनेमा बघून. व्हीएफएक्स इतके स्वस्त वाटतात की हसू येतं. पूर्णपणे टाइमपास वाया गेला असं वाटलं.,Negative
"सिनेमा सुरुवातीपासून शेवटपर्यंत खिळवून ठेवतो. पार्श्वसंगीत प्रसंगांची तीव्रता अजून वाढवतं. छायाचित्रण अप्रतिम आहे, प्रत्येक फ्रेम एखाद्या चित्रासारखी वाटते. भावनिक प्रसंगांमध्ये डोळ्यात पाणी आल्याशिवाय राहत नाही. कुटुंबासोबत थिएटरमध्ये जाऊन बघण्यासारखा सिनेमा आहे.",Positive
"थिएटरमध्ये अर्ध्यातच झोप येत होती. गाणी उगाचच घुसवल्यासारखी वाटतात, कथेशी संबंधच नाही. सहकलाकारांचा अभिनयही अगदीच सामान्य आहे. दिग्दर्शकाला नेमकं काय दाखवायचं आहे हेच कळत नाही.",Negative
मराठी प्रेक्षकांची निराशा करणारा चित्रपट आहे हा. संवाद खूपच सुमार आणि ओढून ताणून लिहिलेले वाटतात. भावनिक प्रसंगांमध्ये सुद्धा काहीच परिणाम जाणवत नाही. क्लायमॅक्स अगदीच अपेक्षित आणि सपक झाला आहे. मराठी सिनेमाच्या नावाला कमीपणा आणणारा चित्रपट आहे.,Negative
सिनेमा बघून मन अगदी प्रसन्न झालं. सहकलाकारांचाही अभिनय तितकाच दमदार आहे. गाण्यांचे शब्द आणि चाल दोन्ही मनाला भावतात. अभिनेत्यांचा अभिनय खूपच नैसर्गिक आणि प्रभावी वाटला.,Positive
"मित्रांच्या सांगण्यावरून गेलो पण खूप पश्चाताप झाला. विनोदी प्रसंग हास्यास्पद वाटतात, हसू येण्याऐवजी वैताग येतो. दिग्दर्शन अगदीच कमकुवत असून प्रसंगांची मांडणी विस्कळीत आहे. पूर्णपणे टाइमपास वाया गेला असं वाटलं.",Negative
"उगाच हाईप केलेला सिनेमा, प्रत्यक्षात काही दम नाही. अभिनेत्यांचा अभिनय अगदीच सुमार आणि कृत्रिम वाटला. गाणी उगाचच घुसवल्यासारखी वाटतात, कथेशी संबंधच नाही.",Negative
वेळेचा आणि पैशांचा पूर्ण अपव्यय झाला. पटकथा खूपच विस्कळीत असल्यामुळे कथा नीट समजतच नाही.,Negative
सिनेमागृहातून बाहेर पडताना चेहऱ्यावर हसू होतं. अॅक्शन सीन्स एकदम जबरदस्त आणि रिअलिस्टिक वाटतात. भावनिक प्रसंगांमध्ये डोळ्यात पाणी आल्याशिवाय राहत नाही. कथा अगदी वेगळी आणि विचार करायला लावणारी आहे. थिएटरमध्ये जाऊन नक्की एन्जॉय करा.,Positive
पूर्ण चित्रपटभर काहीच लॉजिक सापडलं नाही. भावनिक प्रसंगांमध्ये सुद्धा काहीच परिणाम जाणवत नाही. दिग्दर्शन अगदीच कमकुवत असून प्रसंगांची मांडणी विस्कळीत आहे. कथेत इतके लॉजिकल गॅप्स आहेत की डोकं दुखायला लागतं. या चित्रपटाला दोन पैकी अर्धा स्टार सुद्धा जास्त आहे.,Negative
पूर्ण कुटुंबासोबत बघण्यासारखा सुंदर चित्रपट आहे. प्रत्येक कलाकाराने आपल्या भूमिकेला योग्य न्याय दिला आहे. विनोदी प्रसंग अगदी सहज आणि टाइमिंगसह मांडले आहेत.,Positive
"पूर्ण कुटुंबासोबत बघण्यासारखा सुंदर चित्रपट आहे. छायाचित्रण अप्रतिम आहे, प्रत्येक फ्रेम एखाद्या चित्रासारखी वाटते. पुन्हा एकदा बघायला नक्कीच आवडेल.",Positive
खरंच अशा चित्रपटांची गरज आहे मराठी सृष्टीला. विनोदी प्रसंग अगदी सहज आणि टाइमिंगसह मांडले आहेत. संवाद खूप प्रभावी असून थेट मनाला भिडतात. एकदा तरी नक्की बघावा असा हा चित्रपट आहे.,Positive
पूर्ण कुटुंबासोबत बघण्यासारखा सुंदर चित्रपट आहे. सहकलाकारांचाही अभिनय तितकाच दमदार आहे. अभिनेत्यांचा अभिनय खूपच नैसर्गिक आणि प्रभावी वाटला. मराठी चित्रपटसृष्टीसाठी अभिमानास्पद कलाकृती आहे.,Positive
"एकदम भारी चित्रपट, अपेक्षेपेक्षा जास्त आवडला. अभिनेत्यांचा अभिनय खूपच नैसर्गिक आणि प्रभावी वाटला. दिग्दर्शनातली बारकाई प्रत्येक दृश्यात जाणवते. पुन्हा एकदा बघायला नक्कीच आवडेल.",Positive
मराठी प्रेक्षकांची निराशा करणारा चित्रपट आहे हा. संगीत काहीच लक्षात राहण्यासारखं नाही.,Negative
"उगाच हाईप केलेला सिनेमा, प्रत्यक्षात काही दम नाही. शेवट इतका घाईघाईत गुंडाळलेला आहे की निराशा होते. क्लायमॅक्स अगदीच अपेक्षित आणि सपक झाला आहे.",Negative
सिनेमा सुरु झाल्यापासूनच कंटाळा येऊ लागला. काही कलाकारांची निवडच चुकीची वाटते. OTT वर आला तरी बघावासा वाटत नाही.,Negative
"सिनेमा सुरु झाल्यापासूनच कंटाळा येऊ लागला. विनोदी प्रसंग हास्यास्पद वाटतात, हसू येण्याऐवजी वैताग येतो.",Negative
वेळेचा आणि पैशांचा पूर्ण अपव्यय झाला. शेवट इतका घाईघाईत गुंडाळलेला आहे की निराशा होते. पुन्हा असा चित्रपट बघण्याची इच्छा नाही.,Negative
"पैसे वसूल चित्रपट, अजिबात निराश करत नाही. दिग्दर्शकाने प्रत्येक प्रसंग अतिशय सुंदर पद्धतीने मांडला आहे. दिग्दर्शनातली बारकाई प्रत्येक दृश्यात जाणवते. मराठी चित्रपटसृष्टीसाठी अभिमानास्पद कलाकृती आहे.",Positive
"पैसे वसूल चित्रपट, अजिबात निराश करत नाही. छायाचित्रण अप्रतिम आहे, प्रत्येक फ्रेम एखाद्या चित्रासारखी वाटते.",Positive
"पैसे वाया गेले असं वाटलं सिनेमा बघून. गाणी उगाचच घुसवल्यासारखी वाटतात, कथेशी संबंधच नाही. कथेत इतके लॉजिकल गॅप्स आहेत की डोकं दुखायला लागतं. या चित्रपटाला दोन पैकी अर्धा स्टार सुद्धा जास्त आहे.",Negative
"मराठी प्रेक्षकांची निराशा करणारा चित्रपट आहे हा. कथेत काहीच नावीन्य नाही, सगळं आधीच पाहिलेलं वाटतं. अभिनेत्यांचा अभिनय अगदीच सुमार आणि कृत्रिम वाटला. सहकलाकारांचा अभिनयही अगदीच सामान्य आहे. पुन्हा असा चित्रपट बघण्याची इच्छा नाही.",Negative
सिनेमा बघून मन अगदी प्रसन्न झालं. शेवट अगदी समाधानकारक आणि हृदयस्पर्शी झाला आहे. भावनिक प्रसंगांमध्ये डोळ्यात पाणी आल्याशिवाय राहत नाही. या चित्रपटाला पाच पैकी पाच स्टार्स.,Positive
सिनेमा बघून मन अगदी प्रसन्न झालं. दिग्दर्शनातली बारकाई प्रत्येक दृश्यात जाणवते. कथेची मांडणी अशी आहे की पुढे काय होणार याची उत्सुकता कायम राहते. असे चित्रपट वारंवार यायला हवेत.,Positive
वेळेचा आणि पैशांचा पूर्ण अपव्यय झाला. दिग्दर्शकाला नेमकं काय दाखवायचं आहे हेच कळत नाही. पटकथा खूपच विस्कळीत असल्यामुळे कथा नीट समजतच नाही. क्लायमॅक्स अगदीच अपेक्षित आणि सपक झाला आहे.,Negative
"एकदम भारी चित्रपट, अपेक्षेपेक्षा जास्त आवडला. कथा अगदी वेगळी आणि विचार करायला लावणारी आहे. शेवट अगदी समाधानकारक आणि हृदयस्पर्शी झाला आहे. अभिनेत्यांचा अभिनय खूपच नैसर्गिक आणि प्रभावी वाटला.",Positive
खूप दिवसांनी असा जबरदस्त चित्रपट पाहिला. शेवट अगदी समाधानकारक आणि हृदयस्पर्शी झाला आहे. अभिनेत्यांचा अभिनय खूपच नैसर्गिक आणि प्रभावी वाटला. प्रत्येक कलाकाराने आपल्या भूमिकेला योग्य न्याय दिला आहे.,Positive
सिनेमा सुरुवातीपासून शेवटपर्यंत खिळवून ठेवतो. अॅक्शन सीन्स एकदम जबरदस्त आणि रिअलिस्टिक वाटतात. एकदा तरी नक्की बघावा असा हा चित्रपट आहे.,Positive
मराठी प्रेक्षकांची निराशा करणारा चित्रपट आहे हा. दिग्दर्शन अगदीच कमकुवत असून प्रसंगांची मांडणी विस्कळीत आहे.,Negative
"मस्त सिनेमा आहे, नक्की बघा. संगीत कानाला खूप गोड लागतं आणि गाणी सुद्धा सुरेख आहेत. अभिनेत्यांचा अभिनय खूपच नैसर्गिक आणि प्रभावी वाटला. एकदा तरी नक्की बघावा असा हा चित्रपट आहे.",Positive
"अपेक्षा खूप होत्या पण चित्रपटाने साफ निराश केलं. विनोदी प्रसंग हास्यास्पद वाटतात, हसू येण्याऐवजी वैताग येतो. दिग्दर्शकाला नेमकं काय दाखवायचं आहे हेच कळत नाही. छायाचित्रण अगदीच सामान्य दर्जाचं आहे. मराठी सिनेमाच्या नावाला कमीपणा आणणारा चित्रपट आहे.",Negative
सिनेमा सुरुवातीपासून शेवटपर्यंत खिळवून ठेवतो. प्रत्येक कलाकाराने आपल्या भूमिकेला योग्य न्याय दिला आहे. गाण्यांचे शब्द आणि चाल दोन्ही मनाला भावतात. सर्वांना शिफारस करेन असा हा चित्रपट आहे.,Positive
सिनेमा सुरु झाल्यापासूनच कंटाळा येऊ लागला. मुख्य कलाकारांच्या भूमिकेत जीव ओतलेला जाणवलाच नाही. छायाचित्रण अगदीच सामान्य दर्जाचं आहे. दिग्दर्शकाला नेमकं काय दाखवायचं आहे हेच कळत नाही.,Negative
"अपेक्षा खूप होत्या पण चित्रपटाने साफ निराश केलं. कथेत काहीच नावीन्य नाही, सगळं आधीच पाहिलेलं वाटतं. काही कलाकारांची निवडच चुकीची वाटते. संगीत काहीच लक्षात राहण्यासारखं नाही.",Negative
वेळेचा आणि पैशांचा पूर्ण अपव्यय झाला. अॅक्शन सीन्स अगदीच बनावट आणि कंटाळवाणे वाटतात. संवाद खूपच सुमार आणि ओढून ताणून लिहिलेले वाटतात.,Negative
"अपेक्षा खूप होत्या पण चित्रपटाने साफ निराश केलं. विनोदी प्रसंग हास्यास्पद वाटतात, हसू येण्याऐवजी वैताग येतो. गाणी उगाचच घुसवल्यासारखी वाटतात, कथेशी संबंधच नाही. अभिनेत्यांचा अभिनय अगदीच सुमार आणि कृत्रिम वाटला.",Negative
"खूप दिवसांनी असा जबरदस्त चित्रपट पाहिला. छायाचित्रण अप्रतिम आहे, प्रत्येक फ्रेम एखाद्या चित्रासारखी वाटते.",Positive
खूप दिवसांनी असा जबरदस्त चित्रपट पाहिला. प्रत्येक कलाकाराने आपल्या भूमिकेला योग्य न्याय दिला आहे. अॅक्शन सीन्स एकदम जबरदस्त आणि रिअलिस्टिक वाटतात. पुन्हा एकदा बघायला नक्कीच आवडेल.,Positive
सिनेमागृहातून बाहेर पडताना खूप वैताग आला. अभिनेत्यांचा अभिनय अगदीच सुमार आणि कृत्रिम वाटला. शेवट इतका घाईघाईत गुंडाळलेला आहे की निराशा होते. OTT वर आला तरी बघावासा वाटत नाही.,Negative
सिनेमागृहातून बाहेर पडताना खूप वैताग आला. पार्श्वसंगीत उगाचच मोठ्या आवाजात आणि त्रासदायक वाटतं.,Negative
"पैसे वसूल चित्रपट, अजिबात निराश करत नाही. पटकथा घट्ट बांधलेली असल्यामुळे कुठेही कंटाळा येत नाही.",Positive
खूप दिवसांनी असा जबरदस्त चित्रपट पाहिला. प्रत्येक कलाकाराने आपल्या भूमिकेला योग्य न्याय दिला आहे.,Positive
अशा चित्रपटांमुळे मराठी सिनेमाची बदनामी होते. दिग्दर्शकाला नेमकं काय दाखवायचं आहे हेच कळत नाही.,Negative
"उगाच हाईप केलेला सिनेमा, प्रत्यक्षात काही दम नाही. छायाचित्रण अगदीच सामान्य दर्जाचं आहे. OTT वर आला तरी बघावासा वाटत नाही.",Negative
"उगाच हाईप केलेला सिनेमा, प्रत्यक्षात काही दम नाही. संवाद खूपच सुमार आणि ओढून ताणून लिहिलेले वाटतात. विनोदी प्रसंग हास्यास्पद वाटतात, हसू येण्याऐवजी वैताग येतो. क्लायमॅक्स अगदीच अपेक्षित आणि सपक झाला आहे. वेळ असेल तरी बघू नका असा सल्ला देईन.",Negative
एवढा भिकार सिनेमा अलीकडे बघितला नव्हता. क्लायमॅक्स अगदीच अपेक्षित आणि सपक झाला आहे. पूर्णपणे टाइमपास वाया गेला असं वाटलं.,Negative
"एकदम भारी चित्रपट, अपेक्षेपेक्षा जास्त आवडला. गाण्यांचे शब्द आणि चाल दोन्ही मनाला भावतात. सर्वांना शिफारस करेन असा हा चित्रपट आहे.",Positive
एवढा भिकार सिनेमा अलीकडे बघितला नव्हता. व्हीएफएक्स इतके स्वस्त वाटतात की हसू येतं. पुन्हा असा चित्रपट बघण्याची इच्छा नाही.,Negative
सुरुवातीपासूनच चित्रपट प्रेक्षकांना पकडून ठेवतो. शेवट अगदी समाधानकारक आणि हृदयस्पर्शी झाला आहे.,Positive
"उगाच हाईप केलेला सिनेमा, प्रत्यक्षात काही दम नाही. पार्श्वसंगीत उगाचच मोठ्या आवाजात आणि त्रासदायक वाटतं. शेवट इतका घाईघाईत गुंडाळलेला आहे की निराशा होते.",Negative
"मस्त सिनेमा आहे, नक्की बघा. क्लायमॅक्स इतका जबरदस्त आहे की अंगावर काटा येतो.",Positive
सिनेमागृहातून बाहेर पडताना खूप वैताग आला. छायाचित्रण अगदीच सामान्य दर्जाचं आहे. संवाद खूपच सुमार आणि ओढून ताणून लिहिलेले वाटतात. दिग्दर्शकाला नेमकं काय दाखवायचं आहे हेच कळत नाही.,Negative
मित्रांसोबत बघितला आणि सगळ्यांनाच खूप आवडला. व्हीएफएक्स दर्जेदार असून हॉलिवूडच्या तोडीचे वाटतात. असे चित्रपट वारंवार यायला हवेत.,Positive
थिएटरमध्ये जाऊन बघण्यासारखा चित्रपट आहे हा. सहकलाकारांचाही अभिनय तितकाच दमदार आहे. संगीत कानाला खूप गोड लागतं आणि गाणी सुद्धा सुरेख आहेत. अभिनेत्यांचा अभिनय खूपच नैसर्गिक आणि प्रभावी वाटला. सर्वांना शिफारस करेन असा हा चित्रपट आहे.,Positive
"थिएटरमध्ये अर्ध्यातच झोप येत होती. गाणी उगाचच घुसवल्यासारखी वाटतात, कथेशी संबंधच नाही. छायाचित्रण अगदीच सामान्य दर्जाचं आहे. अपेक्षा घेऊन गेलात तर नक्कीच निराश व्हाल.",Negative
मित्रांच्या सांगण्यावरून गेलो पण खूप पश्चाताप झाला. पार्श्वसंगीत उगाचच मोठ्या आवाजात आणि त्रासदायक वाटतं. थिएटरमध्ये पैसे खर्च करण्याआधी नक्की विचार करा.,Negative
सिनेमा बघून मन अगदी प्रसन्न झालं. संगीत कानाला खूप गोड लागतं आणि गाणी सुद्धा सुरेख आहेत.,Positive
एवढा भिकार सिनेमा अलीकडे बघितला नव्हता. शेवट इतका घाईघाईत गुंडाळलेला आहे की निराशा होते. मुख्य कलाकारांच्या भूमिकेत जीव ओतलेला जाणवलाच नाही. दिग्दर्शन अगदीच कमकुवत असून प्रसंगांची मांडणी विस्कळीत आहे.,Negative
सिनेमागृहातून बाहेर पडताना खूप वैताग आला. अॅक्शन सीन्स अगदीच बनावट आणि कंटाळवाणे वाटतात. शेवट इतका घाईघाईत गुंडाळलेला आहे की निराशा होते.,Negative
सिनेमागृहातून बाहेर पडताना खूप वैताग आला. व्हीएफएक्स इतके स्वस्त वाटतात की हसू येतं.,Negative
वेळेचा आणि पैशांचा पूर्ण अपव्यय झाला. पार्श्वसंगीत उगाचच मोठ्या आवाजात आणि त्रासदायक वाटतं. मुख्य कलाकारांच्या भूमिकेत जीव ओतलेला जाणवलाच नाही. कथेत इतके लॉजिकल गॅप्स आहेत की डोकं दुखायला लागतं.,Negative
"मित्रांसोबत बघितला आणि सगळ्यांनाच खूप आवडला. छायाचित्रण अप्रतिम आहे, प्रत्येक फ्रेम एखाद्या चित्रासारखी वाटते. विनोदी प्रसंग अगदी सहज आणि टाइमिंगसह मांडले आहेत. पुन्हा एकदा बघायला नक्कीच आवडेल.",Positive
पूर्ण कुटुंबासोबत बघण्यासारखा सुंदर चित्रपट आहे. कथेची मांडणी अशी आहे की पुढे काय होणार याची उत्सुकता कायम राहते. सहकलाकारांचाही अभिनय तितकाच दमदार आहे. दिग्दर्शकाने प्रत्येक प्रसंग अतिशय सुंदर पद्धतीने मांडला आहे. या चित्रपटाला पाच पैकी पाच स्टार्स.,Positive
मित्रांसोबत बघितला आणि सगळ्यांनाच खूप आवडला. प्रत्येक कलाकाराने आपल्या भूमिकेला योग्य न्याय दिला आहे. विनोदी प्रसंग अगदी सहज आणि टाइमिंगसह मांडले आहेत.,Positive
टकाटक अपेक्षा होती पण सगळं फेल. क्लायमॅक्स अगदीच अपेक्षित आणि सपक झाला आहे.,Negative
सिनेमागृहातून बाहेर पडताना खूप वैताग आला. संगीत काहीच लक्षात राहण्यासारखं नाही. कथेत इतके लॉजिकल गॅप्स आहेत की डोकं दुखायला लागतं.,Negative
एवढा भिकार सिनेमा अलीकडे बघितला नव्हता. शेवट इतका घाईघाईत गुंडाळलेला आहे की निराशा होते.,Negative
सुंदर कथा आणि तितकाच सुंदर अभिनय.,Positive
मित्रांसोबत बघितला आणि सगळ्यांनाच खूप आवडला. अॅक्शन सीन्स एकदम जबरदस्त आणि रिअलिस्टिक वाटतात. पुन्हा एकदा बघायला नक्कीच आवडेल.,Positive
"उगाच हाईप केलेला सिनेमा, प्रत्यक्षात काही दम नाही. विनोदी प्रसंग हास्यास्पद वाटतात, हसू येण्याऐवजी वैताग येतो. अपेक्षा घेऊन गेलात तर नक्कीच निराश व्हाल.",Negative
खूप दिवसांनी असा जबरदस्त चित्रपट पाहिला. अभिनेत्यांचा अभिनय खूपच नैसर्गिक आणि प्रभावी वाटला. पार्श्वसंगीत प्रसंगांची तीव्रता अजून वाढवतं. भावनिक प्रसंगांमध्ये डोळ्यात पाणी आल्याशिवाय राहत नाही.,Positive
"क्लास सिनेमा, टाइमपास एकदम भारी झाला.",Positive
सुरुवातीपासूनच चित्रपट प्रेक्षकांना पकडून ठेवतो. क्लायमॅक्स इतका जबरदस्त आहे की अंगावर काटा येतो. संवाद खूप प्रभावी असून थेट मनाला भिडतात.,Positive
"सिनेमा सुरु झाल्यापासूनच कंटाळा येऊ लागला. क्लायमॅक्स अगदीच अपेक्षित आणि सपक झाला आहे. विनोदी प्रसंग हास्यास्पद वाटतात, हसू येण्याऐवजी वैताग येतो.",Negative
अशा चित्रपटांमुळे मराठी सिनेमाची बदनामी होते. मुख्य कलाकारांच्या भूमिकेत जीव ओतलेला जाणवलाच नाही.,Negative
थिएटरमध्ये अर्ध्यातच झोप येत होती. कथेत इतके लॉजिकल गॅप्स आहेत की डोकं दुखायला लागतं. संवाद खूपच सुमार आणि ओढून ताणून लिहिलेले वाटतात.,Negative
अशा चित्रपटांमुळे मराठी सिनेमाची बदनामी होते. शेवट इतका घाईघाईत गुंडाळलेला आहे की निराशा होते. पुन्हा असा चित्रपट बघण्याची इच्छा नाही.,Negative
एवढा भिकार सिनेमा अलीकडे बघितला नव्हता. संगीत काहीच लक्षात राहण्यासारखं नाही. दिग्दर्शन अगदीच कमकुवत असून प्रसंगांची मांडणी विस्कळीत आहे. अपेक्षा घेऊन गेलात तर नक्कीच निराश व्हाल.,Negative
मराठी प्रेक्षकांची निराशा करणारा चित्रपट आहे हा. क्लायमॅक्स अगदीच अपेक्षित आणि सपक झाला आहे. कथेत इतके लॉजिकल गॅप्स आहेत की डोकं दुखायला लागतं.,Negative
फुकट गेला वेळ यार पूर्ण. शेवट इतका घाईघाईत गुंडाळलेला आहे की निराशा होते.,Negative
"एकदम भारी चित्रपट, अपेक्षेपेक्षा जास्त आवडला. क्लायमॅक्स इतका जबरदस्त आहे की अंगावर काटा येतो.",Positive
"खूप दिवसांनी असा जबरदस्त चित्रपट पाहिला. अभिनेत्यांचा अभिनय खूपच नैसर्गिक आणि प्रभावी वाटला. छायाचित्रण अप्रतिम आहे, प्रत्येक फ्रेम एखाद्या चित्रासारखी वाटते. दिग्दर्शकाने प्रत्येक प्रसंग अतिशय सुंदर पद्धतीने मांडला आहे. पुन्हा एकदा बघायला नक्कीच आवडेल.",Positive
थिएटरमध्ये अर्ध्यातच झोप येत होती. क्लायमॅक्स अगदीच अपेक्षित आणि सपक झाला आहे. शेवट इतका घाईघाईत गुंडाळलेला आहे की निराशा होते. अॅक्शन सीन्स अगदीच बनावट आणि कंटाळवाणे वाटतात.,Negative
सिनेमागृहातून बाहेर पडताना खूप वैताग आला. दिग्दर्शन अगदीच कमकुवत असून प्रसंगांची मांडणी विस्कळीत आहे.,Negative
"अगदीच वाईट्ट आहे गड्या हा सिनेमा. कथेत काहीच नावीन्य नाही, सगळं आधीच पाहिलेलं वाटतं.",Negative
सुरुवातीपासूनच चित्रपट प्रेक्षकांना पकडून ठेवतो. गाण्यांचे शब्द आणि चाल दोन्ही मनाला भावतात. भावनिक प्रसंगांमध्ये डोळ्यात पाणी आल्याशिवाय राहत नाही.,Positive
अशा चित्रपटांमुळे मराठी सिनेमाची बदनामी होते. अभिनेत्यांचा अभिनय अगदीच सुमार आणि कृत्रिम वाटला. पार्श्वसंगीत उगाचच मोठ्या आवाजात आणि त्रासदायक वाटतं. छायाचित्रण अगदीच सामान्य दर्जाचं आहे. अपेक्षा घेऊन गेलात तर नक्कीच निराश व्हाल.,Negative
मित्रांसोबत बघितला आणि सगळ्यांनाच खूप आवडला. कथेची मांडणी अशी आहे की पुढे काय होणार याची उत्सुकता कायम राहते. शेवट अगदी समाधानकारक आणि हृदयस्पर्शी झाला आहे.,Positive
"अशा चित्रपटांमुळे मराठी सिनेमाची बदनामी होते. छायाचित्रण अगदीच सामान्य दर्जाचं आहे. विनोदी प्रसंग हास्यास्पद वाटतात, हसू येण्याऐवजी वैताग येतो. पूर्णपणे टाइमपास वाया गेला असं वाटलं.",Negative
थिएटरमध्ये जाऊन बघण्यासारखा चित्रपट आहे हा. विनोदी प्रसंग अगदी सहज आणि टाइमिंगसह मांडले आहेत.,Positive
"एकदम मस्त, आवडला मला खूप.",Positive
"धमाल आहे एकदम, मजा आली. छायाचित्रण अप्रतिम आहे, प्रत्येक फ्रेम एखाद्या चित्रासारखी वाटते.",Positive
"सिनेमागृहातून बाहेर पडताना खूप वैताग आला. दिग्दर्शकाला नेमकं काय दाखवायचं आहे हेच कळत नाही. विनोदी प्रसंग हास्यास्पद वाटतात, हसू येण्याऐवजी वैताग येतो.",Negative
सिनेमा सुरु झाल्यापासूनच कंटाळा येऊ लागला. मुख्य कलाकारांच्या भूमिकेत जीव ओतलेला जाणवलाच नाही.,Negative
सिनेमा बघून मन अगदी प्रसन्न झालं. दिग्दर्शनातली बारकाई प्रत्येक दृश्यात जाणवते. व्हीएफएक्स दर्जेदार असून हॉलिवूडच्या तोडीचे वाटतात.,Positive
पूर्ण चित्रपटभर काहीच लॉजिक सापडलं नाही. क्लायमॅक्स अगदीच अपेक्षित आणि सपक झाला आहे. कथेत इतके लॉजिकल गॅप्स आहेत की डोकं दुखायला लागतं. सहकलाकारांचा अभिनयही अगदीच सामान्य आहे.,Negative
सिनेमा सुरु झाल्यापासूनच कंटाळा येऊ लागला. क्लायमॅक्स अगदीच अपेक्षित आणि सपक झाला आहे. मुख्य कलाकारांच्या भूमिकेत जीव ओतलेला जाणवलाच नाही. संगीत काहीच लक्षात राहण्यासारखं नाही.,Negative
"एवढा भिकार सिनेमा अलीकडे बघितला नव्हता. अॅक्शन सीन्स अगदीच बनावट आणि कंटाळवाणे वाटतात. कथेत काहीच नावीन्य नाही, सगळं आधीच पाहिलेलं वाटतं. मराठी सिनेमाच्या नावाला कमीपणा आणणारा चित्रपट आहे.",Negative
"हा चित्रपट खरंच अप्रतिम होता. छायाचित्रण अप्रतिम आहे, प्रत्येक फ्रेम एखाद्या चित्रासारखी वाटते.",Positive
मित्रांच्या सांगण्यावरून गेलो पण खूप पश्चाताप झाला. क्लायमॅक्स अगदीच अपेक्षित आणि सपक झाला आहे. अभिनेत्यांचा अभिनय अगदीच सुमार आणि कृत्रिम वाटला. छायाचित्रण अगदीच सामान्य दर्जाचं आहे.,Negative
सुरुवातीपासूनच चित्रपट प्रेक्षकांना पकडून ठेवतो. दिग्दर्शनातली बारकाई प्रत्येक दृश्यात जाणवते. अभिनेत्यांचा अभिनय खूपच नैसर्गिक आणि प्रभावी वाटला. अॅक्शन सीन्स एकदम जबरदस्त आणि रिअलिस्टिक वाटतात. पुन्हा एकदा बघायला नक्कीच आवडेल.,Positive
"सिनेमागृहातून बाहेर पडताना खूप वैताग आला. कथेत काहीच नावीन्य नाही, सगळं आधीच पाहिलेलं वाटतं. अॅक्शन सीन्स अगदीच बनावट आणि कंटाळवाणे वाटतात.",Negative
खूप दिवसांनी असा जबरदस्त चित्रपट पाहिला. व्हीएफएक्स दर्जेदार असून हॉलिवूडच्या तोडीचे वाटतात. पटकथा घट्ट बांधलेली असल्यामुळे कुठेही कंटाळा येत नाही.,Positive
"एकदम भारी चित्रपट, अपेक्षेपेक्षा जास्त आवडला. भावनिक प्रसंगांमध्ये डोळ्यात पाणी आल्याशिवाय राहत नाही.",Positive
"धमाल आहे एकदम, मजा आली.",Positive
पूर्ण कुटुंबासोबत बघण्यासारखा सुंदर चित्रपट आहे. अॅक्शन सीन्स एकदम जबरदस्त आणि रिअलिस्टिक वाटतात. संवाद खूप प्रभावी असून थेट मनाला भिडतात.,Positive
थिएटरमध्ये अर्ध्यातच झोप येत होती. क्लायमॅक्स अगदीच अपेक्षित आणि सपक झाला आहे.,Negative
खूप दिवसांनी असा जबरदस्त चित्रपट पाहिला. संवाद खूप प्रभावी असून थेट मनाला भिडतात.,Positive
सिनेमागृहातून बाहेर पडताना चेहऱ्यावर हसू होतं. क्लायमॅक्स इतका जबरदस्त आहे की अंगावर काटा येतो. दिग्दर्शनातली बारकाई प्रत्येक दृश्यात जाणवते. असे चित्रपट वारंवार यायला हवेत.,Positive
"मित्रांच्या सांगण्यावरून गेलो पण खूप पश्चाताप झाला. अभिनेत्यांचा अभिनय अगदीच सुमार आणि कृत्रिम वाटला. विनोदी प्रसंग हास्यास्पद वाटतात, हसू येण्याऐवजी वैताग येतो. पार्श्वसंगीत उगाचच मोठ्या आवाजात आणि त्रासदायक वाटतं. वेळ असेल तरी बघू नका असा सल्ला देईन.",Negative
या वर्षीचा सर्वोत्तम मराठी चित्रपट असं म्हणता येईल. गाण्यांचे शब्द आणि चाल दोन्ही मनाला भावतात. दिग्दर्शनातली बारकाई प्रत्येक दृश्यात जाणवते.,Positive
सिनेमा सुरुवातीपासून शेवटपर्यंत खिळवून ठेवतो. संवाद खूप प्रभावी असून थेट मनाला भिडतात. कथेची मांडणी अशी आहे की पुढे काय होणार याची उत्सुकता कायम राहते. पुन्हा एकदा बघायला नक्कीच आवडेल.,Positive
"पैसे वसूल चित्रपट, अजिबात निराश करत नाही. संगीत कानाला खूप गोड लागतं आणि गाणी सुद्धा सुरेख आहेत. दिग्दर्शनातली बारकाई प्रत्येक दृश्यात जाणवते. मराठी चित्रपटसृष्टीसाठी अभिमानास्पद कलाकृती आहे.",Positive
मित्रांच्या सांगण्यावरून गेलो पण खूप पश्चाताप झाला. दिग्दर्शन अगदीच कमकुवत असून प्रसंगांची मांडणी विस्कळीत आहे. काही कलाकारांची निवडच चुकीची वाटते. दिग्दर्शकाला नेमकं काय दाखवायचं आहे हेच कळत नाही.,Negative
"क्लासच आहे राव, बघाच एकदा. शेवट अगदी समाधानकारक आणि हृदयस्पर्शी झाला आहे.",Positive
"अपेक्षा खूप होत्या पण चित्रपटाने साफ निराश केलं. सहकलाकारांचा अभिनयही अगदीच सामान्य आहे. गाणी उगाचच घुसवल्यासारखी वाटतात, कथेशी संबंधच नाही.",Negative
मित्रांच्या सांगण्यावरून गेलो पण खूप पश्चाताप झाला. दिग्दर्शन अगदीच कमकुवत असून प्रसंगांची मांडणी विस्कळीत आहे. पूर्णपणे टाइमपास वाया गेला असं वाटलं.,Negative
मित्रांच्या सांगण्यावरून गेलो पण खूप पश्चाताप झाला. पार्श्वसंगीत उगाचच मोठ्या आवाजात आणि त्रासदायक वाटतं. या चित्रपटाला दोन पैकी अर्धा स्टार सुद्धा जास्त आहे.,Negative
मराठी प्रेक्षकांची निराशा करणारा चित्रपट आहे हा. संगीत काहीच लक्षात राहण्यासारखं नाही. काही कलाकारांची निवडच चुकीची वाटते. क्लायमॅक्स अगदीच अपेक्षित आणि सपक झाला आहे.,Negative
मित्रांसोबत बघितला आणि सगळ्यांनाच खूप आवडला. मुख्य कलाकारांनी आपापल्या भूमिका उत्कृष्टपणे साकारल्या आहेत. पुन्हा एकदा बघायला नक्कीच आवडेल.,Positive
"सिनेमागृहातून बाहेर पडताना खूप वैताग आला. विनोदी प्रसंग हास्यास्पद वाटतात, हसू येण्याऐवजी वैताग येतो. अॅक्शन सीन्स अगदीच बनावट आणि कंटाळवाणे वाटतात. थिएटरमध्ये पैसे खर्च करण्याआधी नक्की विचार करा.",Negative
सिनेमा सुरुवातीपासून शेवटपर्यंत खिळवून ठेवतो. अॅक्शन सीन्स एकदम जबरदस्त आणि रिअलिस्टिक वाटतात. मुख्य कलाकारांनी आपापल्या भूमिका उत्कृष्टपणे साकारल्या आहेत. या चित्रपटाला पाच पैकी पाच स्टार्स.,Positive
"उगाच हाईप केलेला सिनेमा, प्रत्यक्षात काही दम नाही. विनोदी प्रसंग हास्यास्पद वाटतात, हसू येण्याऐवजी वैताग येतो. दिग्दर्शन अगदीच कमकुवत असून प्रसंगांची मांडणी विस्कळीत आहे.",Negative
मित्रांच्या सांगण्यावरून गेलो पण खूप पश्चाताप झाला. संगीत काहीच लक्षात राहण्यासारखं नाही.,Negative
थिएटरमध्ये अर्ध्यातच झोप येत होती. कथेत इतके लॉजिकल गॅप्स आहेत की डोकं दुखायला लागतं. थिएटरमध्ये पैसे खर्च करण्याआधी नक्की विचार करा.,Negative
टकाटक अपेक्षा होती पण सगळं फेल. काही कलाकारांची निवडच चुकीची वाटते.,Negative
सुरुवातीपासूनच चित्रपट प्रेक्षकांना पकडून ठेवतो. भावनिक प्रसंगांमध्ये डोळ्यात पाणी आल्याशिवाय राहत नाही. पार्श्वसंगीत प्रसंगांची तीव्रता अजून वाढवतं. पुन्हा एकदा बघायला नक्कीच आवडेल.,Positive
सिनेमागृहातून बाहेर पडताना चेहऱ्यावर हसू होतं. दिग्दर्शनातली बारकाई प्रत्येक दृश्यात जाणवते. कुटुंबासोबत थिएटरमध्ये जाऊन बघण्यासारखा सिनेमा आहे.,Positive
पूर्ण कुटुंबासोबत बघण्यासारखा सुंदर चित्रपट आहे. प्रत्येक कलाकाराने आपल्या भूमिकेला योग्य न्याय दिला आहे. अॅक्शन सीन्स एकदम जबरदस्त आणि रिअलिस्टिक वाटतात.,Positive
खूप दिवसांनी असा जबरदस्त चित्रपट पाहिला. गाण्यांचे शब्द आणि चाल दोन्ही मनाला भावतात. संवाद खूप प्रभावी असून थेट मनाला भिडतात. कुटुंबासोबत थिएटरमध्ये जाऊन बघण्यासारखा सिनेमा आहे.,Positive
या वर्षीचा सर्वोत्तम मराठी चित्रपट असं म्हणता येईल. पटकथा घट्ट बांधलेली असल्यामुळे कुठेही कंटाळा येत नाही. क्लायमॅक्स इतका जबरदस्त आहे की अंगावर काटा येतो. या चित्रपटाला पाच पैकी पाच स्टार्स.,Positive
"सिनेमा सुरु झाल्यापासूनच कंटाळा येऊ लागला. गाणी उगाचच घुसवल्यासारखी वाटतात, कथेशी संबंधच नाही. वेळ असेल तरी बघू नका असा सल्ला देईन.",Negative
थिएटरमध्ये अर्ध्यातच झोप येत होती. भावनिक प्रसंगांमध्ये सुद्धा काहीच परिणाम जाणवत नाही. संवाद खूपच सुमार आणि ओढून ताणून लिहिलेले वाटतात. वेळ असेल तरी बघू नका असा सल्ला देईन.,Negative
"पैसे वसूल चित्रपट, अजिबात निराश करत नाही. प्रत्येक कलाकाराने आपल्या भूमिकेला योग्य न्याय दिला आहे. संगीत कानाला खूप गोड लागतं आणि गाणी सुद्धा सुरेख आहेत. असे चित्रपट वारंवार यायला हवेत.",Positive
मराठी प्रेक्षकांची निराशा करणारा चित्रपट आहे हा. सहकलाकारांचा अभिनयही अगदीच सामान्य आहे. छायाचित्रण अगदीच सामान्य दर्जाचं आहे. पूर्णपणे टाइमपास वाया गेला असं वाटलं.,Negative
"मस्त सिनेमा आहे, नक्की बघा. शेवट अगदी समाधानकारक आणि हृदयस्पर्शी झाला आहे. सहकलाकारांचाही अभिनय तितकाच दमदार आहे. कथेची मांडणी अशी आहे की पुढे काय होणार याची उत्सुकता कायम राहते. थिएटरमध्ये जाऊन नक्की एन्जॉय करा.",Positive
लय भारी सिनेमा हाय गड्या.,Positive
"पैसे वसूल चित्रपट, अजिबात निराश करत नाही. संगीत कानाला खूप गोड लागतं आणि गाणी सुद्धा सुरेख आहेत. दिग्दर्शनातली बारकाई प्रत्येक दृश्यात जाणवते. एकदा तरी नक्की बघावा असा हा चित्रपट आहे.",Positive
थिएटरमध्ये अर्ध्यातच झोप येत होती. काही कलाकारांची निवडच चुकीची वाटते.,Negative
"एवढा भिकार सिनेमा अलीकडे बघितला नव्हता. अभिनेत्यांचा अभिनय अगदीच सुमार आणि कृत्रिम वाटला. गाणी उगाचच घुसवल्यासारखी वाटतात, कथेशी संबंधच नाही. मराठी सिनेमाच्या नावाला कमीपणा आणणारा चित्रपट आहे.",Negative
सिनेमा बघून मन अगदी प्रसन्न झालं. व्हीएफएक्स दर्जेदार असून हॉलिवूडच्या तोडीचे वाटतात. मुख्य कलाकारांनी आपापल्या भूमिका उत्कृष्टपणे साकारल्या आहेत.,Positive
सिनेमा बघून मन अगदी प्रसन्न झालं. मुख्य कलाकारांनी आपापल्या भूमिका उत्कृष्टपणे साकारल्या आहेत.,Positive
"सिनेमा सुरु झाल्यापासूनच कंटाळा येऊ लागला. कथेत काहीच नावीन्य नाही, सगळं आधीच पाहिलेलं वाटतं. छायाचित्रण अगदीच सामान्य दर्जाचं आहे.",Negative
"खरंच अशा चित्रपटांची गरज आहे मराठी सृष्टीला. छायाचित्रण अप्रतिम आहे, प्रत्येक फ्रेम एखाद्या चित्रासारखी वाटते. शेवट अगदी समाधानकारक आणि हृदयस्पर्शी झाला आहे. असे चित्रपट वारंवार यायला हवेत.",Positive
सिनेमा सुरुवातीपासून शेवटपर्यंत खिळवून ठेवतो. अभिनेत्यांचा अभिनय खूपच नैसर्गिक आणि प्रभावी वाटला. कथा अगदी वेगळी आणि विचार करायला लावणारी आहे.,Positive
सिनेमागृहातून बाहेर पडताना खूप वैताग आला. दिग्दर्शकाला नेमकं काय दाखवायचं आहे हेच कळत नाही. पुन्हा असा चित्रपट बघण्याची इच्छा नाही.,Negative
"अगदीच वाईट्ट आहे गड्या हा सिनेमा. विनोदी प्रसंग हास्यास्पद वाटतात, हसू येण्याऐवजी वैताग येतो.",Negative
खूप वेळाने मराठी चित्रपटसृष्टीत असा दर्जेदार सिनेमा आला. गाण्यांचे शब्द आणि चाल दोन्ही मनाला भावतात. कुटुंबासोबत थिएटरमध्ये जाऊन बघण्यासारखा सिनेमा आहे.,Positive
"मस्त सिनेमा आहे, नक्की बघा. कथेची मांडणी अशी आहे की पुढे काय होणार याची उत्सुकता कायम राहते. पटकथा घट्ट बांधलेली असल्यामुळे कुठेही कंटाळा येत नाही. दिग्दर्शकाने प्रत्येक प्रसंग अतिशय सुंदर पद्धतीने मांडला आहे. सर्वांना शिफारस करेन असा हा चित्रपट आहे.",Positive
हा चित्रपट खरंच अप्रतिम होता. भावनिक प्रसंगांमध्ये डोळ्यात पाणी आल्याशिवाय राहत नाही. पुन्हा एकदा बघायला नक्कीच आवडेल.,Positive
सिनेमा सुरु झाल्यापासूनच कंटाळा येऊ लागला. शेवट इतका घाईघाईत गुंडाळलेला आहे की निराशा होते. अपेक्षा घेऊन गेलात तर नक्कीच निराश व्हाल.,Negative
सिनेमागृहातून बाहेर पडताना चेहऱ्यावर हसू होतं. शेवट अगदी समाधानकारक आणि हृदयस्पर्शी झाला आहे. थिएटरमध्ये जाऊन नक्की एन्जॉय करा.,Positive
"खूप दिवसांनी असा जबरदस्त चित्रपट पाहिला. कथा अगदी वेगळी आणि विचार करायला लावणारी आहे. प्रत्येक कलाकाराने आपल्या भूमिकेला योग्य न्याय दिला आहे. छायाचित्रण अप्रतिम आहे, प्रत्येक फ्रेम एखाद्या चित्रासारखी वाटते.",Positive
मराठी प्रेक्षकांची निराशा करणारा चित्रपट आहे हा. संवाद खूपच सुमार आणि ओढून ताणून लिहिलेले वाटतात.,Negative
"उगाच हाईप केलेला सिनेमा, प्रत्यक्षात काही दम नाही. पार्श्वसंगीत उगाचच मोठ्या आवाजात आणि त्रासदायक वाटतं.",Negative
सिनेमा सुरुवातीपासून शेवटपर्यंत खिळवून ठेवतो. पार्श्वसंगीत प्रसंगांची तीव्रता अजून वाढवतं. सहकलाकारांचाही अभिनय तितकाच दमदार आहे. अॅक्शन सीन्स एकदम जबरदस्त आणि रिअलिस्टिक वाटतात. एकदा तरी नक्की बघावा असा हा चित्रपट आहे.,Positive
"पैसे वाया गेले असं वाटलं सिनेमा बघून. विनोदी प्रसंग हास्यास्पद वाटतात, हसू येण्याऐवजी वैताग येतो. भावनिक प्रसंगांमध्ये सुद्धा काहीच परिणाम जाणवत नाही.",Negative
मित्रांच्या सांगण्यावरून गेलो पण खूप पश्चाताप झाला. व्हीएफएक्स इतके स्वस्त वाटतात की हसू येतं. दिग्दर्शकाला नेमकं काय दाखवायचं आहे हेच कळत नाही. वेळ असेल तरी बघू नका असा सल्ला देईन.,Negative
फुकट गेला वेळ यार पूर्ण. पटकथा खूपच विस्कळीत असल्यामुळे कथा नीट समजतच नाही.,Negative
"पैसे वसूल चित्रपट, अजिबात निराश करत नाही. क्लायमॅक्स इतका जबरदस्त आहे की अंगावर काटा येतो. मुख्य कलाकारांनी आपापल्या भूमिका उत्कृष्टपणे साकारल्या आहेत.",Positive
अशा चित्रपटांमुळे मराठी सिनेमाची बदनामी होते. अॅक्शन सीन्स अगदीच बनावट आणि कंटाळवाणे वाटतात. वेळ असेल तरी बघू नका असा सल्ला देईन.,Negative
पूर्ण कुटुंबासोबत बघण्यासारखा सुंदर चित्रपट आहे. क्लायमॅक्स इतका जबरदस्त आहे की अंगावर काटा येतो. संवाद खूप प्रभावी असून थेट मनाला भिडतात.,Positive
सुरुवातीपासूनच चित्रपट प्रेक्षकांना पकडून ठेवतो. संवाद खूप प्रभावी असून थेट मनाला भिडतात.,Positive
"हा चित्रपट अजिबात बघण्यासारखा नाही. गाणी उगाचच घुसवल्यासारखी वाटतात, कथेशी संबंधच नाही.",Negative
अपेक्षा खूप होत्या पण चित्रपटाने साफ निराश केलं. पटकथा खूपच विस्कळीत असल्यामुळे कथा नीट समजतच नाही. OTT वर आला तरी बघावासा वाटत नाही.,Negative
थिएटरमध्ये जाऊन बघण्यासारखा चित्रपट आहे हा. प्रत्येक कलाकाराने आपल्या भूमिकेला योग्य न्याय दिला आहे. पुन्हा एकदा बघायला नक्कीच आवडेल.,Positive
टकाटक अपेक्षा होती पण सगळं फेल. शेवट इतका घाईघाईत गुंडाळलेला आहे की निराशा होते.,Negative
सिनेमागृहातून बाहेर पडताना खूप वैताग आला. शेवट इतका घाईघाईत गुंडाळलेला आहे की निराशा होते. पार्श्वसंगीत उगाचच मोठ्या आवाजात आणि त्रासदायक वाटतं.,Negative
मित्रांच्या सांगण्यावरून गेलो पण खूप पश्चाताप झाला. काही कलाकारांची निवडच चुकीची वाटते.,Negative
अशा चित्रपटांमुळे मराठी सिनेमाची बदनामी होते. दिग्दर्शन अगदीच कमकुवत असून प्रसंगांची मांडणी विस्कळीत आहे. संवाद खूपच सुमार आणि ओढून ताणून लिहिलेले वाटतात. शेवट इतका घाईघाईत गुंडाळलेला आहे की निराशा होते.,Negative
अशा चित्रपटांमुळे मराठी सिनेमाची बदनामी होते. पटकथा खूपच विस्कळीत असल्यामुळे कथा नीट समजतच नाही. छायाचित्रण अगदीच सामान्य दर्जाचं आहे. थिएटरमध्ये पैसे खर्च करण्याआधी नक्की विचार करा.,Negative
"वेळेचा आणि पैशांचा पूर्ण अपव्यय झाला. कथेत इतके लॉजिकल गॅप्स आहेत की डोकं दुखायला लागतं. दिग्दर्शकाला नेमकं काय दाखवायचं आहे हेच कळत नाही. विनोदी प्रसंग हास्यास्पद वाटतात, हसू येण्याऐवजी वैताग येतो.",Negative
"अपेक्षा खूप होत्या पण चित्रपटाने साफ निराश केलं. संगीत काहीच लक्षात राहण्यासारखं नाही. गाणी उगाचच घुसवल्यासारखी वाटतात, कथेशी संबंधच नाही. मराठी सिनेमाच्या नावाला कमीपणा आणणारा चित्रपट आहे.",Negative
"उगाच हाईप केलेला सिनेमा, प्रत्यक्षात काही दम नाही. कथेत इतके लॉजिकल गॅप्स आहेत की डोकं दुखायला लागतं. शेवट इतका घाईघाईत गुंडाळलेला आहे की निराशा होते.",Negative
"पैसे वसूल चित्रपट, अजिबात निराश करत नाही. सहकलाकारांचाही अभिनय तितकाच दमदार आहे. सर्वांना शिफारस करेन असा हा चित्रपट आहे.",Positive
अपेक्षा खूप होत्या पण चित्रपटाने साफ निराश केलं. काही कलाकारांची निवडच चुकीची वाटते.,Negative
वेळेचा आणि पैशांचा पूर्ण अपव्यय झाला. काही कलाकारांची निवडच चुकीची वाटते. वेळ असेल तरी बघू नका असा सल्ला देईन.,Negative
वेळेचा आणि पैशांचा पूर्ण अपव्यय झाला. कथेत इतके लॉजिकल गॅप्स आहेत की डोकं दुखायला लागतं. व्हीएफएक्स इतके स्वस्त वाटतात की हसू येतं. पूर्णपणे टाइमपास वाया गेला असं वाटलं.,Negative
हा चित्रपट अजिबात बघण्यासारखा नाही. काही कलाकारांची निवडच चुकीची वाटते. मराठी सिनेमाच्या नावाला कमीपणा आणणारा चित्रपट आहे.,Negative
"पैसे वसूल चित्रपट, अजिबात निराश करत नाही. दिग्दर्शनातली बारकाई प्रत्येक दृश्यात जाणवते. प्रत्येक कलाकाराने आपल्या भूमिकेला योग्य न्याय दिला आहे. कथा अगदी वेगळी आणि विचार करायला लावणारी आहे.",Positive
सिनेमा बघून मन अगदी प्रसन्न झालं. दिग्दर्शनातली बारकाई प्रत्येक दृश्यात जाणवते. मुख्य कलाकारांनी आपापल्या भूमिका उत्कृष्टपणे साकारल्या आहेत. थिएटरमध्ये जाऊन नक्की एन्जॉय करा.,Positive
पूर्ण कुटुंबासोबत बघण्यासारखा सुंदर चित्रपट आहे. संवाद खूप प्रभावी असून थेट मनाला भिडतात.,Positive
"उगाच हाईप केलेला सिनेमा, प्रत्यक्षात काही दम नाही. विनोदी प्रसंग हास्यास्पद वाटतात, हसू येण्याऐवजी वैताग येतो. या चित्रपटाला दोन पैकी अर्धा स्टार सुद्धा जास्त आहे.",Negative
इतका रटाळ चित्रपट खूप दिवसांनी पाहिला. कथेत इतके लॉजिकल गॅप्स आहेत की डोकं दुखायला लागतं. या चित्रपटाला दोन पैकी अर्धा स्टार सुद्धा जास्त आहे.,Negative
थिएटरमध्ये अर्ध्यातच झोप येत होती. क्लायमॅक्स अगदीच अपेक्षित आणि सपक झाला आहे. या चित्रपटाला दोन पैकी अर्धा स्टार सुद्धा जास्त आहे.,Negative
अगदीच वाईट्ट आहे गड्या हा सिनेमा. शेवट इतका घाईघाईत गुंडाळलेला आहे की निराशा होते.,Negative
"सिनेमागृहातून बाहेर पडताना खूप वैताग आला. काही कलाकारांची निवडच चुकीची वाटते. विनोदी प्रसंग हास्यास्पद वाटतात, हसू येण्याऐवजी वैताग येतो. कथेत काहीच नावीन्य नाही, सगळं आधीच पाहिलेलं वाटतं. अपेक्षा घेऊन गेलात तर नक्कीच निराश व्हाल.",Negative
सिनेमा सुरु झाल्यापासूनच कंटाळा येऊ लागला. अभिनेत्यांचा अभिनय अगदीच सुमार आणि कृत्रिम वाटला. मुख्य कलाकारांच्या भूमिकेत जीव ओतलेला जाणवलाच नाही. वेळ असेल तरी बघू नका असा सल्ला देईन.,Negative
हा चित्रपट खरंच अप्रतिम होता. पटकथा घट्ट बांधलेली असल्यामुळे कुठेही कंटाळा येत नाही. सहकलाकारांचाही अभिनय तितकाच दमदार आहे. असे चित्रपट वारंवार यायला हवेत.,Positive
"पैसे वसूल चित्रपट, अजिबात निराश करत नाही. संवाद खूप प्रभावी असून थेट मनाला भिडतात. संगीत कानाला खूप गोड लागतं आणि गाणी सुद्धा सुरेख आहेत. एकदा तरी नक्की बघावा असा हा चित्रपट आहे.",Positive
काहीच दम नाही राव यात. संवाद खूपच सुमार आणि ओढून ताणून लिहिलेले वाटतात.,Negative
अपेक्षा खूप होत्या पण चित्रपटाने साफ निराश केलं. अभिनेत्यांचा अभिनय अगदीच सुमार आणि कृत्रिम वाटला. पूर्णपणे टाइमपास वाया गेला असं वाटलं.,Negative
"पैसे वसूल चित्रपट, अजिबात निराश करत नाही. दिग्दर्शनातली बारकाई प्रत्येक दृश्यात जाणवते. थिएटरमध्ये जाऊन नक्की एन्जॉय करा.",Positive
"धमाल आहे एकदम, मजा आली. गाण्यांचे शब्द आणि चाल दोन्ही मनाला भावतात.",Positive
मराठी प्रेक्षकांची निराशा करणारा चित्रपट आहे हा. शेवट इतका घाईघाईत गुंडाळलेला आहे की निराशा होते. क्लायमॅक्स अगदीच अपेक्षित आणि सपक झाला आहे. भावनिक प्रसंगांमध्ये सुद्धा काहीच परिणाम जाणवत नाही.,Negative
सिनेमा सुरुवातीपासून शेवटपर्यंत खिळवून ठेवतो. क्लायमॅक्स इतका जबरदस्त आहे की अंगावर काटा येतो. दिग्दर्शनातली बारकाई प्रत्येक दृश्यात जाणवते. पार्श्वसंगीत प्रसंगांची तीव्रता अजून वाढवतं. थिएटरमध्ये जाऊन नक्की एन्जॉय करा.,Positive
एवढा भिकार सिनेमा अलीकडे बघितला नव्हता. अभिनेत्यांचा अभिनय अगदीच सुमार आणि कृत्रिम वाटला. संवाद खूपच सुमार आणि ओढून ताणून लिहिलेले वाटतात.,Negative
थिएटरमध्ये जाऊन बघण्यासारखा चित्रपट आहे हा. व्हीएफएक्स दर्जेदार असून हॉलिवूडच्या तोडीचे वाटतात. कथा अगदी वेगळी आणि विचार करायला लावणारी आहे.,Positive
खूप वेळाने मराठी चित्रपटसृष्टीत असा दर्जेदार सिनेमा आला. शेवट अगदी समाधानकारक आणि हृदयस्पर्शी झाला आहे. संवाद खूप प्रभावी असून थेट मनाला भिडतात. एकदा तरी नक्की बघावा असा हा चित्रपट आहे.,Positive
सिनेमा बघून मन अगदी प्रसन्न झालं. विनोदी प्रसंग अगदी सहज आणि टाइमिंगसह मांडले आहेत. शेवट अगदी समाधानकारक आणि हृदयस्पर्शी झाला आहे. गाण्यांचे शब्द आणि चाल दोन्ही मनाला भावतात. कुटुंबासोबत थिएटरमध्ये जाऊन बघण्यासारखा सिनेमा आहे.,Positive
काहीच खास नव्हतं या चित्रपटात. संवाद खूपच सुमार आणि ओढून ताणून लिहिलेले वाटतात. पूर्णपणे टाइमपास वाया गेला असं वाटलं.,Negative
सुरुवातीपासूनच चित्रपट प्रेक्षकांना पकडून ठेवतो. मुख्य कलाकारांनी आपापल्या भूमिका उत्कृष्टपणे साकारल्या आहेत. पार्श्वसंगीत प्रसंगांची तीव्रता अजून वाढवतं. असे चित्रपट वारंवार यायला हवेत.,Positive
काहीच खास नव्हतं या चित्रपटात. काही कलाकारांची निवडच चुकीची वाटते.,Negative
"एकदम भारी चित्रपट, अपेक्षेपेक्षा जास्त आवडला. दिग्दर्शनातली बारकाई प्रत्येक दृश्यात जाणवते. गाण्यांचे शब्द आणि चाल दोन्ही मनाला भावतात. सर्वांना शिफारस करेन असा हा चित्रपट आहे.",Positive
हा चित्रपट खरंच अप्रतिम होता. गाण्यांचे शब्द आणि चाल दोन्ही मनाला भावतात. भावनिक प्रसंगांमध्ये डोळ्यात पाणी आल्याशिवाय राहत नाही. प्रत्येक कलाकाराने आपल्या भूमिकेला योग्य न्याय दिला आहे. सर्वांना शिफारस करेन असा हा चित्रपट आहे.,Positive
"थिएटरमध्ये अर्ध्यातच झोप येत होती. गाणी उगाचच घुसवल्यासारखी वाटतात, कथेशी संबंधच नाही.",Negative
काहीच दम नाही राव यात. मुख्य कलाकारांच्या भूमिकेत जीव ओतलेला जाणवलाच नाही.,Negative
"सिनेमागृहातून बाहेर पडताना चेहऱ्यावर हसू होतं. छायाचित्रण अप्रतिम आहे, प्रत्येक फ्रेम एखाद्या चित्रासारखी वाटते. पुन्हा एकदा बघायला नक्कीच आवडेल.",Positive
खरंच अशा चित्रपटांची गरज आहे मराठी सृष्टीला. मुख्य कलाकारांनी आपापल्या भूमिका उत्कृष्टपणे साकारल्या आहेत. दिग्दर्शकाने प्रत्येक प्रसंग अतिशय सुंदर पद्धतीने मांडला आहे. शेवट अगदी समाधानकारक आणि हृदयस्पर्शी झाला आहे. मराठी चित्रपटसृष्टीसाठी अभिमानास्पद कलाकृती आहे.,Positive
"सिनेमा सुरु झाल्यापासूनच कंटाळा येऊ लागला. गाणी उगाचच घुसवल्यासारखी वाटतात, कथेशी संबंधच नाही. अभिनेत्यांचा अभिनय अगदीच सुमार आणि कृत्रिम वाटला.",Negative
थिएटरमध्ये जाऊन बघण्यासारखा चित्रपट आहे हा. गाण्यांचे शब्द आणि चाल दोन्ही मनाला भावतात. व्हीएफएक्स दर्जेदार असून हॉलिवूडच्या तोडीचे वाटतात. असे चित्रपट वारंवार यायला हवेत.,Positive
सुरुवातीपासूनच चित्रपट प्रेक्षकांना पकडून ठेवतो. संवाद खूप प्रभावी असून थेट मनाला भिडतात. भावनिक प्रसंगांमध्ये डोळ्यात पाणी आल्याशिवाय राहत नाही. मराठी चित्रपटसृष्टीसाठी अभिमानास्पद कलाकृती आहे.,Positive
"अपेक्षा खूप होत्या पण चित्रपटाने साफ निराश केलं. गाणी उगाचच घुसवल्यासारखी वाटतात, कथेशी संबंधच नाही. पार्श्वसंगीत उगाचच मोठ्या आवाजात आणि त्रासदायक वाटतं. पूर्णपणे टाइमपास वाया गेला असं वाटलं.",Negative
खूप वेळाने मराठी चित्रपटसृष्टीत असा दर्जेदार सिनेमा आला. मुख्य कलाकारांनी आपापल्या भूमिका उत्कृष्टपणे साकारल्या आहेत. विनोदी प्रसंग अगदी सहज आणि टाइमिंगसह मांडले आहेत. सहकलाकारांचाही अभिनय तितकाच दमदार आहे. थिएटरमध्ये जाऊन नक्की एन्जॉय करा.,Positive
सिनेमागृहातून बाहेर पडताना चेहऱ्यावर हसू होतं. विनोदी प्रसंग अगदी सहज आणि टाइमिंगसह मांडले आहेत.,Positive
पूर्ण चित्रपटभर काहीच लॉजिक सापडलं नाही. संगीत काहीच लक्षात राहण्यासारखं नाही. पुन्हा असा चित्रपट बघण्याची इच्छा नाही.,Negative
सिनेमा सुरुवातीपासून शेवटपर्यंत खिळवून ठेवतो. सहकलाकारांचाही अभिनय तितकाच दमदार आहे. विनोदी प्रसंग अगदी सहज आणि टाइमिंगसह मांडले आहेत. सर्वांना शिफारस करेन असा हा चित्रपट आहे.,Positive
पूर्ण कुटुंबासोबत बघण्यासारखा सुंदर चित्रपट आहे. सहकलाकारांचाही अभिनय तितकाच दमदार आहे. असे चित्रपट वारंवार यायला हवेत.,Positive
"क्लासच आहे राव, बघाच एकदा. क्लायमॅक्स इतका जबरदस्त आहे की अंगावर काटा येतो.",Positive
हा चित्रपट खरंच अप्रतिम होता. क्लायमॅक्स इतका जबरदस्त आहे की अंगावर काटा येतो.,Positive
"हा चित्रपट अजिबात बघण्यासारखा नाही. विनोदी प्रसंग हास्यास्पद वाटतात, हसू येण्याऐवजी वैताग येतो. सहकलाकारांचा अभिनयही अगदीच सामान्य आहे. मराठी सिनेमाच्या नावाला कमीपणा आणणारा चित्रपट आहे.",Negative
"उगाच हाईप केलेला सिनेमा, प्रत्यक्षात काही दम नाही. काही कलाकारांची निवडच चुकीची वाटते. पुन्हा असा चित्रपट बघण्याची इच्छा नाही.",Negative
"हा चित्रपट अजिबात बघण्यासारखा नाही. विनोदी प्रसंग हास्यास्पद वाटतात, हसू येण्याऐवजी वैताग येतो. कथेत इतके लॉजिकल गॅप्स आहेत की डोकं दुखायला लागतं. पूर्णपणे टाइमपास वाया गेला असं वाटलं.",Negative
"उगाच हाईप केलेला सिनेमा, प्रत्यक्षात काही दम नाही. अभिनेत्यांचा अभिनय अगदीच सुमार आणि कृत्रिम वाटला. व्हीएफएक्स इतके स्वस्त वाटतात की हसू येतं.",Negative
पूर्ण कुटुंबासोबत बघण्यासारखा सुंदर चित्रपट आहे. सहकलाकारांचाही अभिनय तितकाच दमदार आहे. गाण्यांचे शब्द आणि चाल दोन्ही मनाला भावतात. प्रत्येक कलाकाराने आपल्या भूमिकेला योग्य न्याय दिला आहे. पुन्हा एकदा बघायला नक्कीच आवडेल.,Positive
"उगाच हाईप केलेला सिनेमा, प्रत्यक्षात काही दम नाही. पटकथा खूपच विस्कळीत असल्यामुळे कथा नीट समजतच नाही. पुन्हा असा चित्रपट बघण्याची इच्छा नाही.",Negative
खूप वेळाने मराठी चित्रपटसृष्टीत असा दर्जेदार सिनेमा आला. कथेची मांडणी अशी आहे की पुढे काय होणार याची उत्सुकता कायम राहते. व्हीएफएक्स दर्जेदार असून हॉलिवूडच्या तोडीचे वाटतात.,Positive
पूर्ण कुटुंबासोबत बघण्यासारखा सुंदर चित्रपट आहे. कथेची मांडणी अशी आहे की पुढे काय होणार याची उत्सुकता कायम राहते. पार्श्वसंगीत प्रसंगांची तीव्रता अजून वाढवतं.,Positive
"एकदम भारी चित्रपट, अपेक्षेपेक्षा जास्त आवडला. मुख्य कलाकारांनी आपापल्या भूमिका उत्कृष्टपणे साकारल्या आहेत. दिग्दर्शनातली बारकाई प्रत्येक दृश्यात जाणवते. थिएटरमध्ये जाऊन नक्की एन्जॉय करा.",Positive
अपेक्षा खूप होत्या पण चित्रपटाने साफ निराश केलं. संगीत काहीच लक्षात राहण्यासारखं नाही. क्लायमॅक्स अगदीच अपेक्षित आणि सपक झाला आहे. अपेक्षा घेऊन गेलात तर नक्कीच निराश व्हाल.,Negative
पूर्ण कुटुंबासोबत बघण्यासारखा सुंदर चित्रपट आहे. गाण्यांचे शब्द आणि चाल दोन्ही मनाला भावतात. प्रत्येक कलाकाराने आपल्या भूमिकेला योग्य न्याय दिला आहे. संगीत कानाला खूप गोड लागतं आणि गाणी सुद्धा सुरेख आहेत. या चित्रपटाला पाच पैकी पाच स्टार्स.,Positive
"काहीच खास नाही, निराशाच झाली.",Negative
खरंच अशा चित्रपटांची गरज आहे मराठी सृष्टीला. मुख्य कलाकारांनी आपापल्या भूमिका उत्कृष्टपणे साकारल्या आहेत. प्रत्येक कलाकाराने आपल्या भूमिकेला योग्य न्याय दिला आहे. संगीत कानाला खूप गोड लागतं आणि गाणी सुद्धा सुरेख आहेत. थिएटरमध्ये जाऊन नक्की एन्जॉय करा.,Positive
पूर्ण कुटुंबासोबत बघण्यासारखा सुंदर चित्रपट आहे. सहकलाकारांचाही अभिनय तितकाच दमदार आहे. या चित्रपटाला पाच पैकी पाच स्टार्स.,Positive
या वर्षीचा सर्वोत्तम मराठी चित्रपट असं म्हणता येईल. भावनिक प्रसंगांमध्ये डोळ्यात पाणी आल्याशिवाय राहत नाही. व्हीएफएक्स दर्जेदार असून हॉलिवूडच्या तोडीचे वाटतात. कुटुंबासोबत थिएटरमध्ये जाऊन बघण्यासारखा सिनेमा आहे.,Positive
मराठी प्रेक्षकांची निराशा करणारा चित्रपट आहे हा. संगीत काहीच लक्षात राहण्यासारखं नाही. या चित्रपटाला दोन पैकी अर्धा स्टार सुद्धा जास्त आहे.,Negative
"अशा चित्रपटांमुळे मराठी सिनेमाची बदनामी होते. गाणी उगाचच घुसवल्यासारखी वाटतात, कथेशी संबंधच नाही. कथेत इतके लॉजिकल गॅप्स आहेत की डोकं दुखायला लागतं. या चित्रपटाला दोन पैकी अर्धा स्टार सुद्धा जास्त आहे.",Negative
सिनेमा बघून मन अगदी प्रसन्न झालं. अॅक्शन सीन्स एकदम जबरदस्त आणि रिअलिस्टिक वाटतात. संगीत कानाला खूप गोड लागतं आणि गाणी सुद्धा सुरेख आहेत. सहकलाकारांचाही अभिनय तितकाच दमदार आहे.,Positive
खूप वेळाने मराठी चित्रपटसृष्टीत असा दर्जेदार सिनेमा आला. सहकलाकारांचाही अभिनय तितकाच दमदार आहे. संगीत कानाला खूप गोड लागतं आणि गाणी सुद्धा सुरेख आहेत. असे चित्रपट वारंवार यायला हवेत.,Positive
मराठी प्रेक्षकांची निराशा करणारा चित्रपट आहे हा. सहकलाकारांचा अभिनयही अगदीच सामान्य आहे.,Negative
सिनेमा सुरु झाल्यापासूनच कंटाळा येऊ लागला. कथेत इतके लॉजिकल गॅप्स आहेत की डोकं दुखायला लागतं. मराठी सिनेमाच्या नावाला कमीपणा आणणारा चित्रपट आहे.,Negative
"पैसे वसूल चित्रपट, अजिबात निराश करत नाही. सहकलाकारांचाही अभिनय तितकाच दमदार आहे. या चित्रपटाला पाच पैकी पाच स्टार्स.",Positive
"एकदम भारी चित्रपट, अपेक्षेपेक्षा जास्त आवडला. संगीत कानाला खूप गोड लागतं आणि गाणी सुद्धा सुरेख आहेत. या चित्रपटाला पाच पैकी पाच स्टार्स.",Positive
पूर्ण चित्रपटभर काहीच लॉजिक सापडलं नाही. कथेत इतके लॉजिकल गॅप्स आहेत की डोकं दुखायला लागतं. छायाचित्रण अगदीच सामान्य दर्जाचं आहे. संवाद खूपच सुमार आणि ओढून ताणून लिहिलेले वाटतात.,Negative
फुकट गेला वेळ यार पूर्ण. व्हीएफएक्स इतके स्वस्त वाटतात की हसू येतं.,Negative
अशा चित्रपटांमुळे मराठी सिनेमाची बदनामी होते. क्लायमॅक्स अगदीच अपेक्षित आणि सपक झाला आहे. छायाचित्रण अगदीच सामान्य दर्जाचं आहे. वेळ असेल तरी बघू नका असा सल्ला देईन.,Negative
पूर्ण कुटुंबासोबत बघण्यासारखा सुंदर चित्रपट आहे. व्हीएफएक्स दर्जेदार असून हॉलिवूडच्या तोडीचे वाटतात. संगीत कानाला खूप गोड लागतं आणि गाणी सुद्धा सुरेख आहेत. कथेची मांडणी अशी आहे की पुढे काय होणार याची उत्सुकता कायम राहते.,Positive
"क्लासच आहे राव, बघाच एकदा. कथेची मांडणी अशी आहे की पुढे काय होणार याची उत्सुकता कायम राहते.",Positive
मित्रांसोबत बघितला आणि सगळ्यांनाच खूप आवडला. अभिनेत्यांचा अभिनय खूपच नैसर्गिक आणि प्रभावी वाटला. कथेची मांडणी अशी आहे की पुढे काय होणार याची उत्सुकता कायम राहते. अॅक्शन सीन्स एकदम जबरदस्त आणि रिअलिस्टिक वाटतात. मराठी चित्रपटसृष्टीसाठी अभिमानास्पद कलाकृती आहे.,Positive
सिनेमागृहातून बाहेर पडताना खूप वैताग आला. दिग्दर्शकाला नेमकं काय दाखवायचं आहे हेच कळत नाही. पार्श्वसंगीत उगाचच मोठ्या आवाजात आणि त्रासदायक वाटतं. क्लायमॅक्स अगदीच अपेक्षित आणि सपक झाला आहे. अपेक्षा घेऊन गेलात तर नक्कीच निराश व्हाल.,Negative
सिनेमा सुरुवातीपासून शेवटपर्यंत खिळवून ठेवतो. अॅक्शन सीन्स एकदम जबरदस्त आणि रिअलिस्टिक वाटतात. सर्वांना शिफारस करेन असा हा चित्रपट आहे.,Positive
"एकदम भारी चित्रपट, अपेक्षेपेक्षा जास्त आवडला. क्लायमॅक्स इतका जबरदस्त आहे की अंगावर काटा येतो. कथेची मांडणी अशी आहे की पुढे काय होणार याची उत्सुकता कायम राहते. संवाद खूप प्रभावी असून थेट मनाला भिडतात. एकदा तरी नक्की बघावा असा हा चित्रपट आहे.",Positive
"धमाल आहे एकदम, मजा आली. पटकथा घट्ट बांधलेली असल्यामुळे कुठेही कंटाळा येत नाही.",Positive
